file	stanza	pos	form	reformed	arpabet	ipa
t/town.txt	1	m n	town	tône, tôns	T AW1 N	ˈtaʊn
t/thrive.txt	1	v	thrive	to þrîve -s -d -ing	TH R AY1 V	ˈθɹaɪv
t/trap.txt	1	m n	trap	trape, traps	T R AE1 P	ˈtɹæp
t/trap.txt	2	v	trap	to trape -s -d -ing	T R AE1 P	ˈtɹæp
t/television.txt	1	m n	television	television -s	T EH1 L AH0 V IH2 ZH AH0 N	ˈtɛləˌvɪʒən
t/thunder.txt	1	m n	thunder	þondre, þondars	TH AH1 N D ER0	ˈθʌndɚ
t/thunder.txt	2	v	thunder	to þonder þondre(s þondred þondering	TH AH1 N D ER0	ˈθʌndɚ
t/thunder.txt	3	adj	thunderous	þondreus -ly	TH AH1 N D ER0 AH0 S	ˈθʌndɚəs
t/Taiwan.txt	1	f n	Taiwan	Taeuane	T AY1 W AA1 N	ˈtaɪˈwɑn
t/Taiwan.txt	2	adj	Taiwanese	taeuanise	T AY1 W AA0 N IY1 Z	ˈtaɪwɑˈniz
t/Taiwan.txt	3	f n	Taiwanese	Taeuanise	T AY1 W AA0 N IY1 Z	ˈtaɪwɑˈniz
t/tame.txt	1	v	tame	to taime -s -d tâming	T EY1 M	ˈteɪm
t/tame.txt	2	adj	tame	tâm	T EY1 M	ˈteɪm
t/tame.txt	3	m n	tamer	tâmer -s	T EY1 M ER0	ˈteɪmɚ
t/toum.txt	1	m n	toum	toume		
t/tow.txt	1	v	tow	to tohe -s -d -ing	T OW1	ˈtoʊ
t/tow.txt	2	m n	tow	tohe, tohs	T OW1	ˈtoʊ
t/toilet.txt	1	m n	toilet	toilet, toilets	T OY1 L AH0 T	ˈtɔɪlət
t/tape.txt	1	m n	tape	taipe, taîps	T EY1 P	ˈteɪp
t/tape.txt	2	v	tape	to taipe -s -d -ing	T EY1 P	ˈteɪp
t/tomorrow.txt	1	adv, f n	tomorrow	tomòro	T AH0 M AA1 R OW2	təˈmɑˌɹoʊ
t/tomorrow.txt	1	adv, f n	tomorrow	tomòro	T UW0 M AA1 R OW2	tuˈmɑˌɹoʊ
t/thank.txt	1	v	thank	to þânc -s þânched þânching	TH AE1 NG K	ˈθæŋk
t/thank.txt	3	adj	thankful	þâncful	TH AE1 NG K F AH0 L	ˈθæŋkfəl
t/thank.txt	4	f n	Thanksgiving	Ћâncsguiving	TH AE2 NG K S G IH1 V IH0 NG	ˌθæŋksˈɡɪvɪŋ
t/Tennessee.txt	1	f n	Tennessee	Tennessíe	T EH2 N AH0 S IY1	ˌtɛnəˈsi
t/Tennessee.txt	2	adj, f n	Tennessean	tennessían -s	T EH2 N IH0 S IY1 AH0 N	ˌtɛnɪˈsiən
t/tunnel.txt	1	m n	tunnel	tonele, tonels	T AH1 N AH0 L	ˈtʌnəl
t/tunnel.txt	2	v	tunnel	to tonele -s -d toneling	T AH1 N AH0 L	ˈtʌnəl
t/tire.txt	1	v	tire	to tîore -s -d -ing	T AY1 ER0	ˈtaɪɚ
t/tire.txt	2	f n	attire	tîre, tîars	AH0 T AY1 ER0	əˈtaɪɚ
t/tire.txt	2	f n	tire	tîre, tîars	T AY1 ER0	ˈtaɪɚ
t/trump.txt	1	v	trump	to trompe -s -d -ing	T R AH1 M P	ˈtɹʌmp
t/trump.txt	2	m n	trumpet	trompet -s	T R AH1 M P AH0 T	ˈtɹʌmpət
t/tun.txt	1	m n	tun	tonne, tons		
t/trick.txt	1	m n	trick	tric, trix	T R IH1 K	ˈtɹɪk
t/trick.txt	2	v	trick	to tric -s triched triching	T R IH1 K	ˈtɹɪk
t/trick.txt	3	adj	tricky	trichy	T R IH1 K IY0	ˈtɹɪki
t/trick.txt	4	m n	trickery	tricherie, tricheris	T R IH1 K ER0 IY0	ˈtɹɪkɚi
t/temple.txt	1	m n	temple	temple, tempuls	T EH1 M P AH0 L	ˈtɛmpəl
t/temple.txt	3	m n	Templar	Templar -s	T EH1 M P L ER0	ˈtɛmplɚ
t/tree.txt	1	m n	tree	truie, truis	T R IY1	ˈtɹi
t/tree.txt	2	v	tree	to truie -s -d truying	T R IY1	ˈtɹi
t/tobacco.txt	1	f n	tabacco	tabàco		
t/tobacco.txt	1	f n	tobacco	tabàco	T AH0 B AE1 K OW2	təˈbæˌkoʊ
t/terminate.txt	1	v	terminate	to têrminait -s -ed -ing	T ER1 M AH0 N EY2 T	ˈtɝməˌneɪt
t/terminate.txt	2	f n	termination	terminâcion -s	T ER0 M AH0 N EY1 SH AH0 N	tɚməˈneɪʃən
t/terminate.txt	3	m n	terminator	terminaitor -s	T ER1 M AH0 N EY2 T ER0	ˈtɝməˌneɪtɚ
t/terminate.txt	4	adj, m n	terminal	têrminal -s	T ER1 M AH0 N AH0 L	ˈtɝmənəl
t/terminate.txt	5	adj	terminable	têrminable	T ER1 M AH0 N AH0 B AH0 L	ˈtɝmənəbəl
t/taser.txt	1	m n	Tom Swift's electric rifle	tâsor -s	T AA1 M S W IH1 F T S IH0 L EH1 K T R IH0 K R AY1 F AH0 L	ˈtɑmˈswɪftsɪˈlɛktɹɪˈkɹaɪfəl
t/taser.txt	1	m n	taser	tâsor -s	T EY1 Z ER0	ˈteɪzɚ
t/taser.txt	2	v	taze	to tâse -s -d -ing		
t/together.txt	1	adj, adv	together	togaiþre	T AH0 G EH1 DH ER0	təˈɡɛðɚ
t/together.txt	2	adj, adv	all together	altogaiþre	AO1 L T AH0 G EH1 DH ER0	ˈɔltəˈɡɛðɚ
t/together.txt	2	adj, adv	altogether	altogaiþre	AO2 L T AH0 G EH1 DH ER0	ˌɔltəˈɡɛðɚ
t/thumb.txt	1	m n	thumb	þome, þoms	TH AH1 M	ˈθʌm
t/thumb.txt	2	v	thumb	to þome -s -d -ing	TH AH1 M	ˈθʌm
t/teach.txt	1	irv	teach	to teic̃e -s tauht -ing	T IY1 CH	ˈtitʃ
t/teach.txt	2	m n	teacher	teic̃er -s	T IY1 CH ER0	ˈtitʃɚ
t/teach.txt	3	adj	teachable	teic̃able	T IY1 CH AH0 B AH0 L	ˈtitʃəbəl
t/teach.txt	4	f n	teachability	teic̃abilitie -is		
t/thatch.txt	1	m n	thatch	þac̃e -s	TH AE1 CH	ˈθætʃ
t/thatch.txt	2	v	thatch	to þac̃e -s -d -ing	TH AE1 CH	ˈθætʃ
t/turn.txt	1	v	turn	to tourne -s -d -ing	T ER1 N	ˈtɝn
t/turn.txt	2	m n	turn	tourne, tourns	T ER1 N	ˈtɝn
t/treasure.txt	1	m n	treasure	treșure, treșurs	T R EH1 ZH ER0	ˈtɹɛʒɚ
t/treasure.txt	2	v	treasure	to treșure -s -d -ing	T R EH1 ZH ER0	ˈtɹɛʒɚ
t/treasure.txt	3	m n	treasury	treșurie -is	T R EH1 ZH ER0 IY0	ˈtɹɛʒɚi
t/treasure.txt	4	m n	treasurer	treșuror -s	T R EH1 ZH ER0 ER0	ˈtɹɛʒɚɚ
t/thirst.txt	1	m n	thirst	þurste	TH ER1 S T	ˈθɝst
t/thirst.txt	2	v	thirst	to þurste -s -d -ing	TH ER1 S T	ˈθɝst
t/thirst.txt	3	adj	thirsty	þursty	TH ER1 S T IY0	ˈθɝsti
t/tribe.txt	1	m n	tribe	trîbe, trîbs	T R AY1 B	ˈtɹaɪb
t/tribe.txt	3	m n	tribute	trïbute -s	T R IH1 B Y UW0 T	ˈtɹɪbjut
t/tribe.txt	4	v	tribute	to trïbute -s -d -ing	T R IH1 B Y UW0 T	ˈtɹɪbjut
t/tribe.txt	5	adj, m n	tributary	tributairy, tributarie -is	T R IH1 B Y AH0 T EH2 R IY0	ˈtɹɪbjəˌtɛɹi
t/testify.txt	1	v	testify	to testifae -s -d testifyhing	T EH1 S T AH0 F AY2	ˈtɛstəˌfaɪ
t/trace.txt	1	v	trace	to traice -s -d -ing	T R EY1 S	ˈtɹeɪs
t/trace.txt	2	adj	traceable	traiçable	T R EY1 S AH0 B AH0 L	ˈtɹeɪsəbəl
t/trace.txt	4	m n	trace	traisse -s	T R EY1 S	ˈtɹeɪs
t/traduce.txt	1	v	traduce	to traduce -s -d -ing		
t/there.txt	1	adv, conj	there	þere	DH EH1 R	ˈðɛɹ
t/treachery.txt	1	m n	treachery	traic̃erie, traic̃eris	T R EH1 CH ER0 IY0	ˈtɹɛtʃɚi
t/treachery.txt	2	adj	treacherous	traic̃erus	T R EH1 CH ER0 AH0 S	ˈtɹɛtʃɚəs
t/track.txt	1	m n	trak	trac, trax	T R AE1 K	ˈtɹæk
t/track.txt	1	m n	track	trac, trax	T R AE1 K	ˈtɹæk
t/track.txt	2	v	track	to trac -s trached traching	T R AE1 K	ˈtɹæk
t/tract.txt	1	m n	tract	tracte, tracs	T R AE1 K T	ˈtɹækt
t/Turkiye.txt	1	f n	Turkey	Turchía	T ER1 K IY0	ˈtɝki
t/Turkiye.txt	1	f n	Turkiye	Turchía		
t/Turkiye.txt	2	adj	Turkish	turchisce	T ER1 K IH0 SH	ˈtɝkɪʃ
t/Turkiye.txt	3	m n	Turkish	Turchisce	T ER1 K IH0 SH	ˈtɝkɪʃ
t/towel.txt	1	m n	towel	tôale, tôals	T AW1 AH0 L	ˈtaʊəl
t/towel.txt	1	m n	towel	tôale, tôals	T AW1 L	ˈtaʊl
t/towel.txt	2	v	towel	to tôale -s -d -ing	T AW1 AH0 L	ˈtaʊəl
t/towel.txt	2	v	towel	to tôale -s -d -ing	T AW1 L	ˈtaʊl
t/trash.txt	1	m n	trash	trasce	T R AE1 SH	ˈtɹæʃ
t/trash.txt	2	v	trash	to trasce -s -d -ing	T R AE1 SH	ˈtɹæʃ
t/time.txt	2	v	time	to tîme -s -d -ing	T AY1 M	ˈtaɪm
t/time.txt	3	adj, adv	timely	tîmly	T AY1 M L IY0	ˈtaɪmli
t/tomb.txt	1	m n	tomb	tume, túms	T UW1 M	ˈtum
t/tomb.txt	2	m n	tombstone	túmstone, túmstoans	T UW1 M S T OW2 N	ˈtumˌstoʊn
t/two.txt	2	adv	twice	tuîce	T W AY1 S	ˈtwaɪs
t/tomato.txt	1	f n	tomato	tomâto -s	T AH0 M EY1 T OW2	təˈmeɪˌtoʊ
t/tomato.txt	1	f n	tomato	tomâto -s	T AH0 M AA1 T OW2	təˈmɑˌtoʊ
t/travel.txt	1	v	travel	to travele -s -d -ing	T R AE1 V AH0 L	ˈtɹævəl
t/travel.txt	2	m n	travel	travele, travels	T R AE1 V AH0 L	ˈtɹævəl
t/travel.txt	3	m n	traveler	travelor -s	T R AE1 V AH0 L ER0	ˈtɹævəlɚ
t/travel.txt	3	m n	traveler	travelor -s	T R AE1 V L ER0	ˈtɹævlɚ
t/travel.txt	4	f n	travelogue	travelogue, travelogs	T R AE1 V AH0 L AO2 G	ˈtɹævəˌlɔɡ
t/terror.txt	1	m n	terror	terror, terrors	T EH1 R ER0	ˈtɛɹɚ
t/terror.txt	2	v	terrorize	to terroryse -s -d -ing	T EH1 R ER0 AY2 Z	ˈtɛɹɚˌaɪz
t/terror.txt	3	m n	terrorism	terrorism	T EH1 R ER0 IH2 Z AH0 M	ˈtɛɹɚˌɪzəm
t/terror.txt	4	v	terrify	to terrifae -s -d terrifyhing	T EH1 R AH0 F AY2	ˈtɛɹəˌfaɪ
t/target.txt	1	m n	target	targuete, targuets	T AA1 R G AH0 T	ˈtɑɹɡət
t/target.txt	1	m n	target	targuete, targuets	T ER1 G AH0 T	ˈtɝɡət
t/target.txt	2	v	target	to targuete -s -d -ing	T AA1 R G AH0 T	ˈtɑɹɡət
t/target.txt	2	v	target	to targuete -s -d -ing	T ER1 G AH0 T	ˈtɝɡət
t/think.txt	1	irv	think	to þinc -s þoht þinching	TH IH1 NG K	ˈθɪŋk
t/think.txt	3	m n	thinker	þincor -s	TH IH1 NG K ER0	ˈθɪŋkɚ
t/think.txt	4	adj	thinkable	þincable		
t/Texas.txt	1	m n	Texas	Texas	T EH1 K S AH0 S	ˈtɛksəs
t/Texas.txt	2	adj	Texan	texan	T EH1 K S AH0 N	ˈtɛksən
t/Texas.txt	3	m n	Texan	texan -s	T EH1 K S AH0 N	ˈtɛksən
t/train.txt	1	m n	train	traine, traîns	T R EY1 N	ˈtɹeɪn
t/train.txt	2	v	train	to traine -s -d -ing	T R EY1 N	ˈtɹeɪn
t/threat.txt	1	m n	threat	þrete, þrets	TH R EH1 T	ˈθɹɛt
t/threat.txt	2	v	threaten	to þretene -s -d -ing	TH R EH1 T AH0 N	ˈθɹɛtən
t/tread.txt	1	irv	tread	to trede -s trod trodan -ing	T R EH1 D	ˈtɹɛd
t/tread.txt	2	m n	tread	trede, treds	T R EH1 D	ˈtɹɛd
t/tissue.txt	1	m n	tissue	tisșue, tisșuis	T IH1 S Y UW2	ˈtɪsˌju
t/tissue.txt	1	m n	tissue	tisșue, tisșuis	T IH1 SH UW0	ˈtɪʃu
t/tolerate.txt	1	v	tolerate	to tolerait -s -ed -ing	T AA1 L ER0 EY2 T	ˈtɑlɚˌeɪt
t/tolerate.txt	2	f n	toleration	tolerâcion	T AA2 L ER0 EY1 SH AH0 N	ˌtɑlɚˈeɪʃən
t/tolerate.txt	3	adj	tolerant	tolerant	T AA1 L ER0 AH0 N T	ˈtɑlɚənt
t/tolerate.txt	4	m n	tolerance	tolerance	T AA1 L ER0 AH0 N S	ˈtɑlɚəns
t/trail.txt	1	v	trail	to traile -s -d -ing	T R EY1 L	ˈtɹeɪl
t/trail.txt	2	m n	trail	traile, traîls	T R EY1 L	ˈtɹeɪl
t/table.txt	2	v	table	to tâble -s -d -ing	T EY1 B AH0 L	ˈteɪbəl
t/table.txt	3	m n	tablet	tablet, tablets	T AE1 B L AH0 T	ˈtæblət
t/table.txt	4	v	tabulate	to tabulait -s -ed -ing	T AE1 B Y AH0 L EY2 T	ˈtæbjəˌleɪt
t/table.txt	5	f n	tabulation	tabulâcion -s	T AE2 B Y AH0 L EY1 SH AH0 N	ˌtæbjəˈleɪʃən
t/table.txt	6	m n	tabulator	tabulaitor -s		
t/tear.txt	1	irv	tear	to teire -s tore torn teiring	T EH1 R	ˈtɛɹ
t/tear.txt	1	irv	tear	to teire -s tore torn teiring	T IH1 R	ˈtɪɹ
t/tear.txt	2	m n	tear	teire, teirs	T EH1 R	ˈtɛɹ
t/tear.txt	2	m n	tear	teire, teirs	T IH1 R	ˈtɪɹ
t/tear.txt	3	v	tear	to tiare -s -d -ing	T EH1 R	ˈtɛɹ
t/tear.txt	3	v	tear	to tiare -s -d -ing	T IH1 R	ˈtɪɹ
t/tear.txt	5	adj	teary	tiary	T IH1 R IY0	ˈtɪɹi
t/tear.txt	6	adj	tearful	tiarful -ly -ness	T IH1 R F AH0 L	ˈtɪɹfəl
t/tear.txt	7	m n	teardrop	tiardrop -s		
t/tear.txt	8	m n	tearjerker	tiarjercor -s		
t/Tuesday.txt	1	m n	Tuesday	Túsdaie, Túsdays	T UW1 Z D IY0	ˈtuzdi
t/Tuesday.txt	1	m n	Tuesday	Túsdaie, Túsdays	T UW1 Z D EY2	ˈtuzˌdeɪ
t/Tuesday.txt	1	m n	Tuesday	Túsdaie, Túsdays	T Y UW1 Z D EY2	tˈjuzˌdeɪ
t/tangle.txt	1	m n	tangle	tângle, tânguls	T AE1 NG G AH0 L	ˈtæŋɡəl
t/tangle.txt	2	v	tangle	to tângle -s -d -ing	T AE1 NG G AH0 L	ˈtæŋɡəl
t/tangle.txt	3	m n	tangle	tângle, tânguls	T AE1 NG G AH0 L	ˈtæŋɡəl
t/take.txt	1	irv	take	to taic -s tôc tâcan tâching	T EY1 K	ˈteɪk
t/take.txt	2	m n	take	tâc, taix	T EY1 K	ˈteɪk
t/take.txt	3	adj, m n	takeaway	tâcauaie, tâcauays	T EY1 K AH0 W EY2	ˈteɪkəˌweɪ
t/take.txt	4	adj, m n	takeout	tâcaut -s	T EY1 K AW2 T	ˈteɪˌkaʊt
t/the.txt	1	defin	the	þe, þa, þi	DH AH0	ðə
t/the.txt	1	defin	the	þe, þa, þi	DH AH1	ˈðʌ
t/the.txt	1	defin	the	þe, þa, þi	DH IY0	ði
t/tailor.txt	1	m n	tailor	tailere, taîlors	T EY1 L ER0	ˈteɪlɚ
t/tailor.txt	2	v	tailor	to tailere -s -d -ing	T EY1 L ER0	ˈteɪlɚ
t/torture.txt	2	v	torture	to torțure -s -d -ing	T AO1 R CH ER0	ˈtɔɹtʃɚ
t/transmit.txt	1	v	transmit	to transmitte -s -d -ing	T R AE0 N Z M IH1 T	tɹænzˈmɪt
t/transmit.txt	2	f n	transmission	transmission -s	T R AE0 N S M IH1 SH AH0 N	tɹænˈsmɪʃən
t/transmit.txt	2	f n	transmission	transmission -s	T R AE0 N Z M IH1 SH AH0 N	tɹænzˈmɪʃən
t/transmit.txt	3	adj	transmissive	transmissif		
t/transmit.txt	4	adj	transmissible	transmissible		
t/transmit.txt	5	f n	transmittal	transmittal -s	T R AE0 N S M IH1 T AH0 L	tɹænˈsmɪtəl
t/transmit.txt	6	f n	transmittance	transmittance		
t/theology.txt	1	m n	theist	þyist -s		
t/theology.txt	2	adj	theistic	þyistic -ly		
t/theology.txt	3	m n	theism	þyism -s	TH IY1 IH0 Z AH0 M	ˈθiɪzəm
t/theology.txt	4	f n	theology	þiologie -is	TH IY0 AA1 L AH0 JH IY0	θiˈɑlədʒi
t/theology.txt	5	adj	theological	þiological	TH IY2 AH0 L AA1 JH IH0 K AH0 L	ˌθiəˈlɑdʒɪkəl
t/theology.txt	6	f n	theologian	þiológian -s	TH IY2 AH0 L OW1 JH IY0 AH0 N	ˌθiəˈloʊdʒiən
t/that.txt	1	pron, adj, adv, m n	that	þat	DH AE1 T	ˈðæt
t/that.txt	1	pron, adj, adv, m n	that	þat	DH AH0 T	ðət
t/that.txt	2	pron, adj	those	þose	DH OW1 Z	ˈðoʊz
t/tier.txt	1	m n	tier	tiere, tiers	T IY1 R	ˈtiɹ
t/tier.txt	2	v	tier	to tiere -s -d -ing	T IY1 R	ˈtiɹ
t/treat.txt	1	v	treat	to triete -s -d -ing	T R IY1 T	ˈtɹit
t/treat.txt	2	m n	treat	triete, triets	T R IY1 T	ˈtɹit
t/treat.txt	3	m n	treaty	trietie, trietis	T R IY1 T IY0	ˈtɹiti
t/treat.txt	4	m n	treatise	trietace -s	T R IY1 T AH0 S	ˈtɹitəs
t/treat.txt	5	m n	treatment	trietement -s	T R IY1 T M AH0 N T	ˈtɹitmənt
t/terse.txt	1	adj	terse	terse	T ER1 S	ˈtɝs
t/taste.txt	1	v	taste	to tâste -s -d -ing	T EY1 S T	ˈteɪst
t/taste.txt	2	m n	taste	tâste, tâsts	T EY1 S T	ˈteɪst
t/top.txt	1	m n	top	toppe, tops	T AA1 P	ˈtɑp
t/top.txt	1	m n	top	toppe, tops	T AO1 P	ˈtɔp
t/top.txt	2	v	top	to toppe top(s -d -ing	T AA1 P	ˈtɑp
t/top.txt	2	v	top	to toppe top(s -d -ing	T AO1 P	ˈtɔp
t/Tabasco.txt	1	f n, adj	Tabasco	Tabàsco	T AH0 B AE1 S K OW0	təˈbæskoʊ
t/thief.txt	1	m n	thief	þife, þífs	TH IY1 F	ˈθif
t/thief.txt	2	v	thieve	to þive -s -d -ing	TH IY1 V	ˈθiv
t/thief.txt	3	m n	thievery	þívrie -is	TH IY1 V ER0 IY0	ˈθivɚi
t/treason.txt	1	m n	treason	tríson -s	T R IY1 Z AH0 N	ˈtɹizən
t/treason.txt	2	adj	treasonous	trísonus -ly	T R IY1 Z AH0 N AH2 S	ˈtɹizəˌnʌs
t/treason.txt	3	adj	treasonable	trísonable		
t/tower.txt	1	m n	tower	tôure, tôuirs	T AW1 ER0	ˈtaʊɚ
t/tower.txt	2	v	tower	to tôuir tôure(s tôured tôuiring	T AW1 ER0	ˈtaʊɚ
t/torpedo.txt	2	v	torpedo	to torpídoe -s -d -ouing	T AO0 R P IY1 D OW2	tɔɹˈpiˌdoʊ
t/trust.txt	1	m n	trust	treuste, treusts	T R AH1 S T	ˈtɹʌst
t/trust.txt	2	v	trust	to treuste -s -d -ing	T R AH1 S T	ˈtɹʌst
t/tech.txt	1	f n	technology	technologie -is	T EH0 K N AA1 L AH0 JH IY0	tɛkˈnɑlədʒi
t/tech.txt	2	adj	technological	technological	T EH2 K N AH0 L AA1 JH IH0 K AH0 L	ˌtɛknəˈlɑdʒɪkəl
t/tech.txt	3	adv	technologically	technologichly	T EH2 K N AH0 L AA1 JH IH0 K AH0 L IY0	ˌtɛknəˈlɑdʒɪkəli
t/tech.txt	3	adv	technologically	technologichly	T EH2 K N AH0 L AA1 JH IH0 K L IY0	ˌtɛknəˈlɑdʒɪkli
t/tech.txt	4	f n	technologist	technologist -s	T EH2 K N AA1 L AH0 JH IH0 S T	ˌtɛkˈnɑlədʒɪst
t/tech.txt	5	m n	techie	techie, techis	T EH1 K IY0	ˈtɛki
t/tech.txt	6	adj	technic	technic	T EH1 K N IH0 K	ˈtɛknɪk
t/tech.txt	8	adj	technical	technical	T EH1 K N IH0 K AH0 L	ˈtɛknɪkəl
t/tech.txt	9	adv	tecnically	technichly		
t/tech.txt	10	f n	technicality	technicaletie -is	T EH2 K N IH0 K AE1 L IH0 T IY0	ˌtɛknɪˈkælɪti
t/tech.txt	11	f n	technician	technician -s	T EH0 K N IH1 SH AH0 N	tɛkˈnɪʃən
t/tech.txt	12	f n	technocracy	technocracie -is		
t/tech.txt	13	m n	technocrat	technocrate, technocrats	T EH1 K N AH0 K R AE2 T	ˈtɛknəˌkɹæt
t/tech.txt	14	adj	technocratic	technocratic -hly	T EH2 K N AH0 K R AE1 T IH0 K	ˌtɛknəˈkɹætɪk
t/Thursday.txt	1	m n	Thursday	Ћursdaie, Ћursdays	TH ER1 Z D EY2	ˈθɝzˌdeɪ
t/Thursday.txt	1	m n	Thursday	Ћursdaie, Ћursdays	TH ER1 Z D IY0	ˈθɝzdi
t/theory.txt	1	m n	theory	þiorie, þioris	TH IH1 R IY0	ˈθɪɹi
t/theory.txt	1	m n	theory	þiorie, þioris	TH IY1 ER0 IY0	ˈθiɚi
t/theory.txt	2	v	theorize	to þioryse -s -d -ing	TH IY1 ER0 AY2 Z	ˈθiɚˌaɪz
t/theory.txt	3	m n	theorist	þiorist -s	TH IY1 ER0 IH0 S T	ˈθiɚɪst
t/theory.txt	4	adj	theoretical	þioretical	TH IY2 ER0 EH1 T IH0 K AH0 L	ˌθiɚˈɛtɪkəl
t/team.txt	2	v	team	to tieme -s -d -ing	T IY1 M	ˈtim
t/tradition.txt	1	f n	tradition	tradicion -s	T R AH0 D IH1 SH AH0 N	tɹəˈdɪʃən
t/tradition.txt	2	adj	traditional	tradicional	T R AH0 D IH1 SH AH0 N AH0 L	tɹəˈdɪʃənəl
t/turkey.txt	1	m n	turkey	turquie, turquis	T ER1 K IY0	ˈtɝki
t/trite.txt	1	adj	trite	trît	T R AY1 T	ˈtɹaɪt
t/through.txt	1	prep	through	þru	TH R UW1	ˈθɹu
t/thyme.txt	1	m n	thyme	tŷme	TH AY1 M	ˈθaɪm
t/troll.txt	2	v	troll	to trole -s -d -ing	T R OW1 L	ˈtɹoʊl
t/trouble.txt	1	m n	trouble	troble, trobils	T R AH1 B AH0 L	ˈtɹʌbəl
t/trouble.txt	2	v	trouble	to troble -s -d -ing	T R AH1 B AH0 L	ˈtɹʌbəl
t/tray.txt	1	m n	tray	treie, treys	T R EY1	ˈtɹeɪ
t/toil.txt	1	v	toil	to touile -s -d -ing	T OY1 L	ˈtɔɪl
t/toil.txt	2	m n	toil	touile, toyels	T OY1 L	ˈtɔɪl
t/throw.txt	1	irv	throw	to þroe -s þreu þreon þrouing	TH R OW1	ˈθɹoʊ
t/throw.txt	2	m n	throw	þroe, þros	TH R OW1	ˈθɹoʊ
t/throw.txt	3	adj, m n	throwaway	þróauay -s	TH R OW1 AH0 W EY2	ˈθɹoʊəˌweɪ
t/throw.txt	4	m n	throwback	þróbac -s	TH R OW1 B AE2 K	ˈθɹoʊˌbæk
t/timber.txt	2	v	timber	to timber timbre(s timbred timbering	T IH1 M B ER0	ˈtɪmbɚ
t/tool.txt	1	m n	tool	toule, touls	T UW1 L	ˈtul
t/tool.txt	2	v	tool	to toule -s -d -ing	T UW1 L	ˈtul
t/troop.txt	1	m n	troop	troupe, troups	T R UW1 P	ˈtɹup
t/troop.txt	2	v	troop	to troupe -s -d -ing	T R UW1 P	ˈtɹup
t/trade.txt	3	m n	trader	trâder -s	T R EY1 D ER0	ˈtɹeɪdɚ
t/tickle.txt	1	v	tickle	to tichle -s -d -ing	T IH1 K AH0 L	ˈtɪkəl
t/tickle.txt	2	adj	ticklish	tichlisce	T IH1 K AH0 L IH0 SH	ˈtɪkəlɪʃ
t/touch.txt	1	v	touch	to touc̃e -s -d -ing	T AH1 CH	ˈtʌtʃ
t/touch.txt	2	m n	touch	touc̃e -s	T AH1 CH	ˈtʌtʃ
t/thread.txt	1	m n	thread	þrede, þreds	TH R EH1 D	ˈθɹɛd
t/thread.txt	2	v	thread	to þrede -s -d -ing	TH R EH1 D	ˈθɹɛd
t/tonsil.txt	1	m n	tonsil	tonsele, tonsils	T AA2 N S AH0 L	ˌtɑnsəl
t/tonsil.txt	2	f n	tonsillitis	tonsillîtis		
t/tonsil.txt	3	f n	tonsillectomy	tonsillectomie	T AA2 N S IH0 L EH1 K T AH0 M IY2	ˌtɑnsɪˈlɛktəˌmi
t/tonsil.txt	4	f n	tonsillolith	tonsilloliþ -s		
t/thick.txt	1	adj	thick	þic -ar -hest	TH IH1 K	ˈθɪk
t/thick.txt	2	v	thicken	to þichene -s -d -ing	TH IH1 K AH0 N	ˈθɪkən
t/thick.txt	3	m n	thickener	þichenor -s	TH IH1 K AH0 N ER0	ˈθɪkənɚ
t/tall.txt	1	adj	tall	tall -ar -est	T AO1 L	ˈtɔl
t/temper.txt	1	v	temper	to temper tempre(s tempred tempering	T EH1 M P ER0	ˈtɛmpɚ
t/temper.txt	2	m n	temper	tempre, tempars	T EH1 M P ER0	ˈtɛmpɚ
t/trek.txt	2	v	trek	to treche trec(s -d -ing	T R EH1 K	ˈtɹɛk
t/tuck.txt	1	v	tuck	to tuc -s tuched tuching	T AH1 K	ˈtʌk
t/theater.txt	1	m n	theater	þiatre,  þiaters	TH IY1 AH0 T ER0	ˈθiətɚ
t/theater.txt	2	adj	theatrical	þiatrical	TH IY0 AE1 T R IH0 K AH0 L	θiˈætɹɪkəl
t/tail.txt	1	m n	tail	teale, teals	T EY1 L	ˈteɪl
t/tail.txt	2	v	tail	to teale -s -d -ing	T EY1 L	ˈteɪl
t/tank.txt	1	m n	tank	tânque, tâncs	T AE1 NG K	ˈtæŋk
t/tank.txt	2	v	tank	to tânque tânc(s -d -ing	T AE1 NG K	ˈtæŋk
t/towards.txt	1	prep	toward	toard	T AH0 W AO1 R D	təˈwɔɹd
t/towards.txt	1	prep	toward	toard	T AO1 R D	ˈtɔɹd
t/towards.txt	2	prep	towards	toards	T AH0 W AO1 R D Z	təˈwɔɹdz
t/towards.txt	2	prep	towards	toards	T AO1 R D Z	ˈtɔɹdz
t/tortoise.txt	1	m n	tortoise	tortace -s	T AO1 R T AH0 S	ˈtɔɹtəs
t/toe.txt	1	m n	toe	toe, toas	T OW1	ˈtoʊ
t/toe.txt	2	v	toe	to toe -s -d touing	T OW1	ˈtoʊ
t/tour.txt	2	v	tour	to toure -s -d -ing	T UH1 R	ˈtʊɹ
t/tiger.txt	1	m n	tiger	tîgre, tîgars	T AY1 G ER0	ˈtaɪɡɚ
t/translate.txt	1	v	translate	to translait -s -ed -ing	T R AE0 N Z L EY1 T	tɹænzˈleɪt
t/translate.txt	1	v	translate	to translait -s -ed -ing	T R AE0 N S L EY1 T	tɹænˈsleɪt
t/translate.txt	2	f n	translation	translâcion -s	T R AE0 N Z L EY1 SH AH0 N	tɹænzˈleɪʃən
t/translate.txt	2	f n	translation	translâcion -s	T R AE0 N S L EY1 SH AH0 N	tɹænˈsleɪʃən
t/too.txt	1	adv	too	tou	T UW1	ˈtu
t/tough.txt	2	v	toughen	to tofhene -s -d -ing	T AH1 F AH0 N	ˈtʌfən
t/tornado.txt	1	f n	tornado	tornâdo -s	T AO0 R N EY1 D OW2	tɔɹˈneɪˌdoʊ
t/test.txt	1	m n	test	teste, tests	T EH1 S T	ˈtɛst
t/test.txt	2	v	test	to teste -s -d -ing	T EH1 S T	ˈtɛst
t/test.txt	3	adj	testable	testable		
t/truck.txt	1	m n	truck	treuc, treux	T R AH1 K	ˈtɹʌk
t/truck.txt	2	v	truck	to treuc -s treuched treuching	T R AH1 K	ˈtɹʌk
t/try.txt	1	v	try	to trîe -s -d tryhing	T R AY1	ˈtɹaɪ
t/try.txt	2	m n	try	trîe, trîs	T R AY1	ˈtɹaɪ
t/try.txt	4	v	trial	to trîale -s -d -ing	T R AY1 AH0 L	ˈtɹaɪəl
t/try.txt	4	v	trial	to trîale -s -d -ing	T R AY1 L	ˈtɹaɪl
t/telephone.txt	1	m n	telephone	telephone, telephons	T EH1 L AH0 F OW2 N	ˈtɛləˌfoʊn
t/telephone.txt	2	v	telephone	to telephone -s -d -ing	T EH1 L AH0 F OW2 N	ˈtɛləˌfoʊn
t/telephone.txt	3	adj	telephonic	telephonic	T EH2 L AH0 F AA1 N IH0 K	ˌtɛləˈfɑnɪk
t/telephone.txt	4	m n	telephony	telephonie	T EH1 L AH0 F OW2 N IY0	ˈtɛləˌfoʊni
t/thrush.txt	1	m n	thrush	þrosce -s	TH R AH1 SH	ˈθɹʌʃ
t/thrush.txt	2	m n	thrush	þrosce	TH R AH1 SH	ˈθɹʌʃ
t/trauma.txt	2	adj	traumatic	tramatic -ly	T R AO0 M AE1 T IH0 K	tɹɔˈmætɪk
t/trauma.txt	3	v	traumatize	to trámatyse -s -d -ing	T R AO1 M AH0 T AY2 Z	ˈtɹɔməˌtaɪz
t/tense.txt	1	adj	tense	tense -ar -st	T EH1 N S	ˈtɛns
t/tense.txt	2	v	tense	to tense -s -d -ing	T EH1 N S	ˈtɛns
t/tense.txt	4	m n	tensity	tensetie -is		
t/tense.txt	5	adj	tensile	tensil	T EH1 N S AH0 L	ˈtɛnsəl
t/tense.txt	6	m n	tense	tense -s	T EH1 N S	ˈtɛns
t/thaw.txt	1	v	thaw	to þauhe -s -d -ing	TH AO1	ˈθɔ
t/tune.txt	1	m n	tune	toune, touns	T UW1 N	ˈtun
t/tune.txt	2	v	tune	to toune -s -d -ing	T UW1 N	ˈtun
t/taint.txt	1	v	taint	to taînte -s -d -ing	T EY1 N T	ˈteɪnt
t/taint.txt	2	m n	taint	taînte, taînts	T EY1 N T	ˈteɪnt
t/tone.txt	1	m n	tone	tóne, tóns	T OW1 N	ˈtoʊn
t/tone.txt	2	v	tone	to tóne -s -d -ing	T OW1 N	ˈtoʊn
t/tongue.txt	1	m n	tongue	tonghe, tongs	T AH1 NG	ˈtʌŋ
t/true.txt	1	m n	truth	treuþ -s	T R UW1 TH	ˈtɹuθ
t/true.txt	2	adj	truthful	treuþful -ly	T R UW1 TH F AH0 L	ˈtɹuθfəl
t/true.txt	3	adj	true	treu -ar -est	T R UW1	ˈtɹu
t/true.txt	4	v	true	to treue -s -d -ing	T R UW1	ˈtɹu
t/true.txt	5	adv	truly	treuly	T R UW1 L IY0	ˈtɹuli
t/thorough.txt	1	adj	thorough	þouro -ly -ness	TH ER1 OW0	ˈθɝoʊ
t/thorough.txt	1	adj	thorough	þouro -ly -ness	TH AO1 R OW0	ˈθɔɹoʊ
t/tyrant.txt	1	m n	tyrant	tŷrant -s	T AY1 R AH0 N T	ˈtaɪɹənt
t/tyrant.txt	2	m n	tyranny	týranie, týranis	T IH1 R AH0 N IY0	ˈtɪɹəni
t/tyrant.txt	3	adj	tyrannous	týranus -ly		
t/tyrant.txt	4	adj	tyrannical	tyranical	T ER0 AE1 N IH0 K AH0 L	tɚˈænɪkəl
t/tyrant.txt	4	adj	tyrannically	tyranical		
t/tyrant.txt	5	adv	tyrannically	tyranicly		
t/tyrant.txt	6	v	tyrannize	to týranyse -s -d -ing		
t/testament.txt	1	m n	testament	testament -s	T EH1 S T AH0 M AH0 N T	ˈtɛstəmənt
t/testament.txt	2	m n	testimony	testimonie, testimonis	T EH1 S T AH0 M OW2 N IY0	ˈtɛstəˌmoʊni
t/throat.txt	1	m n	throat	þrote, þroats	TH R OW1 T	ˈθɹoʊt
t/tackle.txt	1	m n	tackle	tachle, tachels	T AE1 K AH0 L	ˈtækəl
t/tackle.txt	2	v	tackle	to tachle -s -d -ing	T AE1 K AH0 L	ˈtækəl
t/torch.txt	1	m n	torch	torc̃e -s	T AO1 R CH	ˈtɔɹtʃ
t/torch.txt	2	v	torch	to torc̃e -s -d -ing	T AO1 R CH	ˈtɔɹtʃ
t/toast.txt	1	v	toast	to tóste -s -d -ing	T OW1 S T	ˈtoʊst
t/toast.txt	2	m n	toast	tóste, tósts	T OW1 S T	ˈtoʊst
t/toll.txt	2	v	toll	to tole -s -d -ing	T OW1 L	ˈtoʊl
t/tell.txt	1	irv	tell	to telle -s toald -ing	T EH1 L	ˈtɛl
t/tell.txt	2	m n	teller	tellor -s	T EH1 L ER0	ˈtɛlɚ
t/tell.txt	3	adj, m n	telltale	telltâl	T EH1 L T EY2 L	ˈtɛlˌteɪl
t/tie.txt	1	v	tie	to tîe -s -d tyhing	T AY1	ˈtaɪ
t/tie.txt	2	m n	tie	tîe, tîs	T AY1	ˈtaɪ
t/tie.txt	3	adj	tight	tyht -ar -est	T AY1 T	ˈtaɪt
t/tie.txt	4	m n	tight	tyhts	T AY1 T	ˈtaɪt
t/trudge.txt	1	v	trudge	to troge -s -d -ing	T R AH1 JH	ˈtɹʌdʒ
t/tarnish.txt	1	v	tarnish	to tarnișe -s -d -ing	T AA1 R N IH0 SH	ˈtɑɹnɪʃ
t/tarnish.txt	2	m n	tarnish	tarnișe -s	T AA1 R N IH0 SH	ˈtɑɹnɪʃ
t/talk.txt	1	v	talk	to tauche tauc(s -d -ing	T AO1 K	ˈtɔk
t/talk.txt	2	m n	talk	tauc, taux	T AO1 K	ˈtɔk
t/talk.txt	3	adj	talkative	taucatif -vly -ness	T AO1 K AH0 T IH0 V	ˈtɔkətɪv
t/tee.txt	1	m n	tee	teie, teis	T IY1	ˈti
t/tee.txt	2	v	tee	to teie -s -d teying	T IY1	ˈti
t/type.txt	1	m n	type	tŷpe, tŷps	T AY1 P	ˈtaɪp
t/type.txt	2	v	type	to tŷpe -s -d -ing	T AY1 P	ˈtaɪp
t/type.txt	3	adj	typical	typical	T IH1 P AH0 K AH0 L	ˈtɪpəkəl
t/type.txt	3	adj	typical	typical	T IH1 P IH0 K AH0 L	ˈtɪpɪkəl
t/type.txt	4	adv	typically	typichly	T IH1 P IH0 K L IY0	ˈtɪpɪkli
t/type.txt	4	adv	typically	typichly	T IH1 P IH0 K AH0 L IY0	ˈtɪpɪkəli
t/triad.txt	1	m n	triad	trîad -s	T R AY1 AE2 D	ˈtɹaɪˌæd
t/ton.txt	1	m n	tun	tonne, tons		
t/ton.txt	1	m n	ton	tonne, tons	T AH1 N	ˈtʌn
t/transit.txt	1	m n	transit	transit	T R AE1 N Z IH0 T	ˈtɹænzɪt
t/transit.txt	2	v	transit	to transit -s -ed -ing	T R AE1 N Z IH0 T	ˈtɹænzɪt
t/transit.txt	3	adj	transitive	transitif		
t/transit.txt	4	f n	transition	transicion -s	T R AE0 N Z IH1 SH AH0 N	tɹænˈzɪʃən
t/transit.txt	5	adj	transitional	transicional	T R AE0 N S IH1 SH AH0 N AH0 L	tɹænˈsɪʃənəl
t/transit.txt	5	adj	transitional	transicional	T R AE0 N Z IH1 SH AH0 N AH0 L	tɹænˈzɪʃənəl
t/transit.txt	6	adj	transitory	transitory	T R AE1 N Z AH0 T AO2 R IY0	ˈtɹænzəˌtɔɹi
t/transit.txt	7	adj	transient	transïent	T R AE1 N ZH AH0 N T	ˈtɹænʒənt
t/this.txt	1	pron, adj, m n	this that these those	þis	DH IH1 S DH AE1 T DH IY1 Z DH OW1 Z	ˈðɪsˈðætˈðizˈðoʊz
t/this.txt	2	pron, adj	these	þise	DH IY1 Z	ˈðiz
t/tea.txt	1	m n	tea	tie, tís	T IY1	ˈti
t/teem.txt	1	v	teem	to tieme -s -d -ing	T IY1 M	ˈtim
t/trumpet.txt	1	m n	trumpet	trompet -s	T R AH1 M P AH0 T	ˈtɹʌmpət
t/temporary.txt	1	adj	temporary	temporairy	T EH1 M P ER0 EH2 R IY0	ˈtɛmpɚˌɛɹi
t/temporary.txt	3	f n	temporality	temporaletie -is		
t/temporary.txt	4	adj	temporaneous	temporânieus -ly		
t/temporary.txt	5	v	temporize	to temporyse -s -d -ing	T EH1 M P ER0 AY2 Z	ˈtɛmpɚˌaɪz
t/tooth.txt	1	m n	tooth	touþ, tieþ	T UW1 TH	ˈtuθ
t/tooth.txt	1	m n	teeth	touþ, tieþ	T IY1 TH	ˈtiθ
t/tooth.txt	2	v	teethe	to tieþe -s -d -ing	T IY1 DH	ˈtið
t/toke.txt	1	v	toke	to toque toac(s toqued toquing		
t/triumph.txt	1	m n	triumph	trîomph -s	T R AY1 AH0 M F	ˈtɹaɪəmf
t/triumph.txt	2	v	triumph	to trîomphe -s -d -ing	T R AY1 AH0 M F	ˈtɹaɪəmf
t/triumph.txt	3	adj	triumphant	trîomphant -ly	T R AY0 AH1 M F AH0 N T	tɹaɪˈʌmfənt
t/they.txt	5	pron	themselves	þemselfs	DH EH0 M S EH1 L V Z	ðɛmˈsɛlvz
t/they.txt	5	pron	themselves	þemselfs	DH AH0 M S EH1 L V Z	ðəmˈsɛlvz
t/trapeze.txt	1	f n, adj	trapeze	trapize -s	T R AH0 P IY1 Z	tɹəˈpiz
t/transact.txt	1	v	transact	to transacte transacs -d -ing	T R AE0 N Z AE1 K T	tɹænˈzækt
t/transact.txt	2	f n	transaction	transaccion -s	T R AE0 N Z AE1 K SH AH0 N	tɹænˈzækʃən
t/transact.txt	3	adj	transactional	transaccional		
t/toad.txt	1	m n	toad	tode, toads	T OW1 D	ˈtoʊd
t/toad.txt	2	m n	toadstone	toadstone, toadstoans		
t/toad.txt	3	m n	toadstool	toadstoule, toadstouls		
t/Thai.txt	1	m n	Thailand	Táiland	T AY1 L AE2 N D	ˈtaɪˌlænd
t/Thai.txt	2	m n	Thai	Tái	T AY1	ˈtaɪ
t/Thai.txt	3	adj	Thai	tái	T AY1	ˈtaɪ
t/traitor.txt	1	m n	traitor	traître, traîtors	T R EY1 T ER0	ˈtɹeɪtɚ
t/traitor.txt	2	adj	traitorous	traiterus	T R EY1 T ER0 AH0 S	ˈtɹeɪtɚəs
t/tack.txt	1	m n	tack	tac, tacs	T AE1 K	ˈtæk
t/tack.txt	2	v	tack	to tac -s -hed -hing	T AE1 K	ˈtæk
t/tack.txt	3	adj	tacky	tachy	T AE1 K IY0	ˈtæki
t/throne.txt	1	m n	throne	þrone, þroans	TH R OW1 N	ˈθɹoʊn
t/taut.txt	1	adj	taut	toht	T AO1 T	ˈtɔt
t/thorn.txt	2	adj	thorny	þorny -iar -iest	TH AO1 R N IY0	ˈθɔɹni
t/testicle.txt	1	m n	testis	testis		
t/testicle.txt	2	m n	testicle	testicle, testiculs	T EH1 S T IH2 K AH0 L	ˈtɛˌstɪkəl
t/testicle.txt	3	adj	testicular	testicular	T EH2 S T IH1 K Y AH0 L ER0	ˌtɛˈstɪkjəlɚ
a/average.txt	1	m n	average	average -s	AE1 V ER0 IH0 JH	ˈævɚɪdʒ
a/average.txt	1	m n	average	average -s	AE1 V R AH0 JH	ˈævɹədʒ
a/average.txt	1	m n	average	average -s	AE1 V R IH0 JH	ˈævɹɪdʒ
a/average.txt	2	v	average	to average -s -d -ing	AE1 V ER0 IH0 JH	ˈævɚɪdʒ
a/average.txt	2	v	average	to average -s -d -ing	AE1 V R AH0 JH	ˈævɹədʒ
a/average.txt	2	v	average	to average -s -d -ing	AE1 V R IH0 JH	ˈævɹɪdʒ
a/average.txt	3	adj	average	average	AE1 V ER0 IH0 JH	ˈævɚɪdʒ
a/average.txt	3	adj	average	average	AE1 V R AH0 JH	ˈævɹədʒ
a/average.txt	3	adj	average	average	AE1 V R IH0 JH	ˈævɹɪdʒ
a/afraid.txt	1	adj	afraid	afréid	AH0 F R EY1 D	əˈfɹeɪd
a/afraid.txt	2	adj	unafraid	unafréid	AH2 N AH0 F R EY1 D	ˌʌnəˈfɹeɪd
a/allergy.txt	1	m n	allergy	allergie, allergis	AE1 L ER0 JH IY0	ˈælɚdʒi
a/allergy.txt	2	adj	allergic	allêrgic	AH0 L ER1 JH IH0 K	əˈlɝdʒɪk
a/allergy.txt	3	m n	allergen	allergen -s	AE1 L ER0 JH AH0 N	ˈælɚdʒən
a/adventure.txt	1	f n	adventure	advențure, advențurs	AE0 D V EH1 N CH ER0	ædˈvɛntʃɚ
a/adventure.txt	1	f n	adventure	advențure, advențurs	AH0 D V EH1 N CH ER0	ədˈvɛntʃɚ
a/adventure.txt	2	v	adventure	to advențure -s -d -ing	AE0 D V EH1 N CH ER0	ædˈvɛntʃɚ
a/adventure.txt	2	v	adventure	to advențure -s -d -ing	AH0 D V EH1 N CH ER0	ədˈvɛntʃɚ
a/ask.txt	1	v	ask	to asc asc(s asched asching	AE1 S K	ˈæsk
a/anatomy.txt	1	f n	anatomy	anàtomie -is	AH0 N AE1 T AH0 M IY0	əˈnætəmi
a/anatomy.txt	2	adj	anatomic	anatomic	AE2 N AH0 T AA1 M IH0 K	ˌænəˈtɑmɪk
a/anatomy.txt	3	adj	anatomical	anatomical	AE2 N AH0 T AA1 M AH0 K AH0 L	ˌænəˈtɑməkəl
a/anatomy.txt	3	adj	anatomical	anatomical	AE2 N AH0 T AA1 M IH0 K AH0 L	ˌænəˈtɑmɪkəl
a/anatomy.txt	4	v	anatomize	to anàtomyse -s -d -ing		
a/amphibian.txt	1	f n	amphibian	amphibian -s	AE0 M F IH1 B IY0 AH0 N	æmˈfɪbiən
a/arrest.txt	1	v	arrest	to arreste -s -d -ing	ER0 EH1 S T	ɚˈɛst
a/arrest.txt	2	f n	arrest	arreste, arrèsts	ER0 EH1 S T	ɚˈɛst
a/artifice.txt	1	m n	artifice	ártifice -s	AA1 R T AH0 F IH0 S	ˈɑɹtəfɪs
a/artifice.txt	2	adj	artificial	artificial	AA2 R T AH0 F IH1 SH AH0 L	ˌɑɹtəˈfɪʃəl
a/artifice.txt	3	f n	artificiality	artifiçialetie		
a/asparagus.txt	1	f n	asparagus	aspâragus	AH0 S P EH1 R AH0 G AH0 S	əˈspɛɹəɡəs
a/audit.txt	1	m n	audit	audit	AO1 D IH0 T	ˈɔdɪt
a/audit.txt	2	v	audit	to audit -s -ed -ing	AO1 D IH0 T	ˈɔdɪt
a/audit.txt	3	adj	audible	audible	AA1 D AH0 B AH0 L	ˈɑdəbəl
a/audit.txt	4	m n	auditor	auditor -s	AO1 D IH0 T ER0	ˈɔdɪtɚ
a/audit.txt	5	adj	auditory	auditory	AO1 D IH0 T AO2 R IY0	ˈɔdɪˌtɔɹi
a/audit.txt	7	f n	audition	audicion -s	AA0 D IH1 SH AH0 N	ɑˈdɪʃən
a/audit.txt	8	v	audition	to audicione -s -d -ing	AA0 D IH1 SH AH0 N	ɑˈdɪʃən
a/audit.txt	9	m n	audio	audio	AA1 D IY0 OW2	ˈɑdiˌoʊ
a/account.txt	1	v	account	to accônte -s -d -ing	AH0 K AW1 N T	əˈkaʊnt
a/account.txt	2	f n	account	accônte, accônts	AH0 K AW1 N T	əˈkaʊnt
a/account.txt	3	f n	accountability	accôntabilitie, accôntabilitis	AH0 K AW1 N T AH0 B IH2 L IH0 T IY0	əˈkaʊntəˌbɪlɪti
a/account.txt	3	f n	accountability	accôntabilitie, accôntabilitis	AH0 K AW1 N AH0 B IH0 L IH0 T IY0	əˈkaʊnəbɪlɪti
a/account.txt	4	adj	accountable	accôntable	AH0 K AW1 N T AH0 B AH0 L	əˈkaʊntəbəl
a/account.txt	4	adj	accountable	accôntable	AH0 K AW1 N AH0 B AH0 L	əˈkaʊnəbəl
a/account.txt	5	f n	accountant	accôntancie, accôntancis	AH0 K AW1 N T AH0 N T	əˈkaʊntənt
a/account.txt	5	f n	accountancy	accôntancie, accôntancis	AH0 K AW1 N T AH0 N S IY0	əˈkaʊntənsi
a/antenna.txt	1	f n	antenna	antenna -s	AE0 N T EH1 N AH0	ænˈtɛnə
a/ambush.txt	1	v	ambush	to ambusce -s -d -ing	AE1 M B UH2 SH	ˈæmˌbʊʃ
a/ambush.txt	2	m n	ambush	ambusce -s	AE1 M B UH2 SH	ˈæmˌbʊʃ
a/acute.txt	1	adj	acute	acute -ly	AH0 K Y UW1 T	əˈkjut
a/acute.txt	2	f n	acumen	acumen	AH0 K Y UW1 M AH0 N	əˈkjumən
a/adore.txt	1	v	adore	to adore -s -d -ing	AH0 D AO1 R	əˈdɔɹ
a/anchor.txt	1	m n	anchor	âncre, âncors	AE1 NG K ER0	ˈæŋkɚ
a/anchor.txt	2	v	anchor	to âncher âncre(s âncred ânchering	AE1 NG K ER0	ˈæŋkɚ
a/anchor.txt	3	m n	anchorage	âncrage -s	AE1 NG K ER0 AH0 JH	ˈæŋkɚədʒ
a/anchor.txt	3	m n	anchorage	âncrage -s	AE1 NG K R IH0 JH	ˈæŋkɹɪdʒ
a/attitude.txt	1	m n	attitude	attitude, attituds	AE1 T AH0 T UW2 D	ˈætəˌtud
a/acid.txt	1	m n	acid	acid -s	AE1 S AH0 D	ˈæsəd
a/acid.txt	2	f n	acidity	aciditie, aciditis	AH0 S IH1 D AH0 T IY0	əˈsɪdəti
a/acid.txt	3	adj	acidic	acidic	AH0 S IH1 D IH0 K	əˈsɪdɪk
a/acid.txt	4	v	acidify	to acidifae -s -d acidifyhing	AH0 S IH1 D AH0 F AY2	əˈsɪdəˌfaɪ
a/acid.txt	5	adj	acidulous	acid̦ulus		
a/apprentice.txt	1	f n	apprentice	apprèntice -s	AH0 P R EH1 N T AH0 S	əˈpɹɛntəs
a/apprentice.txt	1	f n	apprentice	apprèntice -s	AH0 P R EH1 N T IH0 S	əˈpɹɛntɪs
a/apprentice.txt	2	v	apprentice	to apprèntice -s -d -ing	AH0 P R EH1 N T AH0 S	əˈpɹɛntəs
a/apprentice.txt	2	v	apprentice	to apprèntice -s -d -ing	AH0 P R EH1 N T IH0 S	əˈpɹɛntɪs
a/apprentice.txt	3	f n	apprenticeship	apprènticescip	AH0 P R EH1 N T AH0 S SH IH2 P	əˈpɹɛntəsˌʃɪp
a/antique.txt	1	m n	antick	antic, antix		
a/antique.txt	1	m n	antyke	antic, antix		
a/antique.txt	1	m n	antique	antic, antix	AE0 N T IY1 K	ænˈtik
a/antique.txt	1	m n	antic	antic, antix	AE1 N T IH0 K	ˈæntɪk
a/antique.txt	4	v	antique	to antique -ícs -d -ing	AE0 N T IY1 K	ænˈtik
a/antique.txt	5	v	antiquate	to antiquait  -s -ed -ing	AE1 N T AH0 K W EY2 T	ˈæntəˌkweɪt
a/antique.txt	6	f n	antiquarian	antiquârian -s		
a/aid.txt	1	v	aid	to aide -s -d -ing	EY1 D	ˈeɪd
a/aid.txt	2	m n	aid	aide, aids	EY1 D	ˈeɪd
a/aid.txt	3	m n	aide	aide, aids	EY1 D	ˈeɪd
a/agent.txt	1	adj, m n	agent	âgent -s	EY1 JH AH0 N T	ˈeɪdʒənt
a/agent.txt	2	m n	agency	âgencie, âgencis	EY1 JH AH0 N S IY0	ˈeɪdʒənsi
a/agent.txt	3	obs	agential	agencial		
a/absurd.txt	1	adj	absurd	absurde	AH0 B S ER1 D	əbˈsɝd
a/absurd.txt	2	f n	absurdity	absurdetie -is	AH0 B S ER1 D AH0 T IY0	əbˈsɝdəti
a/absurd.txt	3	f n	absurdism	absûrdism		
a/absurd.txt	4	f n	absurdist	absûrdist -s	AH0 B S ER1 D IH0 S T	əbˈsɝdɪst
a/advertise.txt	1	m n	advertisement	advertysement -s	AE0 D V ER1 T AH0 Z M AH0 N T	ædˈvɝtəzmənt
a/advertise.txt	1	m n	advertisement	advertysement -s	AE2 D V ER0 T AY1 Z M AH0 N T	ˌædvɚˈtaɪzmənt
a/advertise.txt	2	v	advertise	to advertyse -s -d -ing	AE1 D V ER0 T AY2 Z	ˈædvɚˌtaɪz
a/alien.txt	2	adj	alienable	âlienable		
a/alien.txt	3	m n	alienage	âlienage -s		
a/alien.txt	4	v	alienate	to âlienait -s -ed -ing	EY1 L Y AH0 N EY2 T	ˈeɪljəˌneɪt
a/alien.txt	5	f n	alienation	alienâcion -s	EY2 L IY0 AH0 N EY1 SH AH0 N	ˌeɪliəˈneɪʃən
a/alien.txt	6	m n	alienist	âlienist -s		
a/arsenic.txt	1	m n	arsenic	ársenic	AA1 R S AH0 N IH0 K	ˈɑɹsənɪk
a/allocate.txt	1	f n	allocation	allocâcion -s	AE2 L AH0 K EY1 SH AH0 N	ˌæləˈkeɪʃən
a/allocate.txt	2	v	allocate	to allocait -s -ed -ing	AE1 L AH0 K EY2 T	ˈæləˌkeɪt
a/accurate.txt	1	adj	accurate	accurate -ly	AE1 K Y ER0 AH0 T	ˈækjɚət
a/accurate.txt	2	m n	accuracy	accuracie	AE1 K Y ER0 AH0 S IY0	ˈækjɚəsi
a/anarchy.txt	1	m n	anarchy	anarchie	AE1 N ER0 K IY2	ˈænɚˌki
a/anarchy.txt	2	adj	anarchic	anarchic	AE0 N AA1 R K IH0 K	æˈnɑɹkɪk
a/anarchy.txt	3	m n	anarchist	anarchist -s	AE1 N ER0 K IH2 S T	ˈænɚˌkɪst
a/authority.txt	1	f n	authority	aþoretie, aþoretis	AH0 TH AO1 R AH0 T IY0	əˈθɔɹəti
a/authority.txt	2	f n	authoritarian	aþoritârian -s	AH0 TH AO2 R AH0 T EH1 R IY0 AH0 N	əˌθɔɹəˈtɛɹiən
a/authority.txt	3	adj	authoritarian	aþoritârian	AH0 TH AO2 R AH0 T EH1 R IY0 AH0 N	əˌθɔɹəˈtɛɹiən
a/auspicious.txt	1	adj	auspicious	auspiceus	AA0 S P IH1 SH AH0 S	ɑˈspɪʃəs
a/awake.txt	1	irv	awake	to auaic -s auóc auócan auâching	AH0 W EY1 K	əˈweɪk
a/awake.txt	2	adj	awake	auâc	AH0 W EY1 K	əˈweɪk
a/appropriate.txt	1	v	appropriate	to apprópriait -s -ed -ing	AH0 P R OW1 P R IY0 AH0 T	əˈpɹoʊpɹiət
a/appropriate.txt	1	v	appropriate	to apprópriait -s -ed -ing	AH0 P R OW1 P R IY0 EY2 T	əˈpɹoʊpɹiˌeɪt
a/appropriate.txt	2	adj	appropriate	apprópriate -ly	AH0 P R OW1 P R IY0 AH0 T	əˈpɹoʊpɹiət
a/appropriate.txt	2	adj	appropriate	apprópriate -ly	AH0 P R OW1 P R IY0 EY2 T	əˈpɹoʊpɹiˌeɪt
a/appropriate.txt	3	f n	appropriation	appropriâcion -s	AH0 P R OW2 P R IY0 EY1 SH AH0 N	əˌpɹoʊpɹiˈeɪʃən
a/Africa.txt	1	m n	Africa	Africa	AE1 F R AH0 K AA0	ˈæfɹəkɑ
a/Africa.txt	1	m n	Africa	Africa	AE1 F R IH0 K AH0	ˈæfɹɪkə
a/Africa.txt	1	m n	Africa	Africa	AE1 F ER0 K AH0	ˈæfɚkə
a/Africa.txt	2	adj	African	african	AE1 F R AH0 K AH0 N	ˈæfɹəkən
a/Africa.txt	2	adj	African	african	AE1 F R IH0 K AH0 N	ˈæfɹɪkən
a/accommodate.txt	1	v	accommodate	to accommodait -s -ed -ing	AH0 K AA1 M AH0 D EY2 T	əˈkɑməˌdeɪt
a/accommodate.txt	2	f n	accommodation	accommodâcion -s	AH0 K AA2 M AH0 D EY1 SH AH0 N	əˌkɑməˈdeɪʃən
a/aubergine.txt	1	m n	aubergine	aubergine, aubergins	AO1 B ER0 JH IY2 N	ˈɔbɚˌdʒin
a/arable.txt	1	adj	arable	ârable	AE1 R AH0 B AH0 L	ˈæɹəbəl
a/abuse.txt	1	v	abuse	to abuse -s -d -ing	AH0 B Y UW1 S	əˈbjus
a/abuse.txt	1	v	abuse	to abuse -s -d -ing	AH0 B Y UW1 Z	əˈbjuz
a/abuse.txt	2	f n	abuse	abuse -s	AH0 B Y UW1 S	əˈbjus
a/abuse.txt	2	f n	abuse	abuse -s	AH0 B Y UW1 Z	əˈbjuz
a/addict.txt	1	m n	addict	addict, addics	AH0 D IH1 K T	əˈdɪkt
a/addict.txt	1	m n	addict	addict, addics	AE1 D IH2 K T	ˈæˌdɪkt
a/addict.txt	2	v	addict	to addicte addics -d -ing	AH0 D IH1 K T	əˈdɪkt
a/addict.txt	2	v	addict	to addicte addics -d -ing	AE1 D IH2 K T	ˈæˌdɪkt
a/addict.txt	3	f n	addiction	addiccion -s	AH0 D IH1 K SH AH0 N	əˈdɪkʃən
a/addict.txt	4	adj	addictive	addictif	AH0 D IH1 K T IH0 V	əˈdɪktɪv
a/appendix.txt	1	f n	appendix	appendix, appendicis	AH0 P EH1 N D IH0 K S	əˈpɛndɪks
a/appendix.txt	1	f n	appendices	appendix, appendicis	AH0 P EH1 N D IH0 S IY2 Z	əˈpɛndɪˌsiz
a/appendix.txt	2	v	appendix	to appendixe -s -d -ing	AH0 P EH1 N D IH0 K S	əˈpɛndɪks
a/applaud.txt	1	v	applaud	to applaude -s -d -ing	AH0 P L AO1 D	əˈplɔd
a/applaud.txt	2	f n	applause	applause	AH0 P L AO1 Z	əˈplɔz
a/allure.txt	1	v	allure	to alloure -s -d -ing	AH0 L UH1 R	əˈlʊɹ
a/allure.txt	2	f n	allure	alloure	AH0 L UH1 R	əˈlʊɹ
a/allure.txt	3	f n	allurement	allourement -s		
a/anonymous.txt	1	m n	anonym	anonim -s		
a/anonymous.txt	2	adj	anonymous	anonimus -ly -ness	AH0 N AA1 N AH0 M AH0 S	əˈnɑnəməs
a/anonymous.txt	3	f n	anonymity	anonimitie -is	AE2 N AH0 N IH1 M IH0 T IY0	ˌænəˈnɪmɪti
a/avaricious.txt	1	adj	avaricious	avariceus		
a/Appalachia.txt	1	adj	Appalachian	Apalac̃an	AE2 P AH0 L EY1 CH AH0 N	ˌæpəˈleɪtʃən
a/Appalachia.txt	1	adj	Appalachian	Apalac̃an	AE2 P AH0 L EY1 SH AH0 N	ˌæpəˈleɪʃən
a/Appalachia.txt	1	adj	Appalachian	Apalac̃an	AE2 P AH0 L AE1 CH AH0 N	ˌæpəˈlætʃən
a/Appalachia.txt	2	f n	Appalachia	Apalac̃a	AE2 P AH0 L AE1 CH IY0 AH0	ˌæpəˈlætʃiə
a/Appalachia.txt	3	f n	Apalachee	apalac̃ie		
a/auspice.txt	1	m n	auspice	auspice -s	AO1 S P IH0 S	ˈɔspɪs
a/Australia.txt	1	f n	Australia	Austrâlia	AO0 S T R EY1 L Y AH0	ɔˈstɹeɪljə
a/Australia.txt	2	adj, f n	Australian	austrâlian -s	AO0 S T R EY1 L Y AH0 N	ɔˈstɹeɪljən
a/Australia.txt	3	m n	Aussie	aussie, aussis	AO1 S IY0	ˈɔsi
a/awe.txt	1	m n	awe	aue	AA1	ˈɑ
a/awe.txt	1	m n	awe	aue	AO1	ˈɔ
a/awe.txt	2	adj	awful	auful	AA1 F AH0 L	ˈɑfəl
a/awe.txt	2	adj	awful	auful	AO1 F AH0 L	ˈɔfəl
a/admiral.txt	1	m n	admiral	amiral -s	AE1 D M ER0 AH0 L	ˈædmɚəl
a/admiral.txt	2	m n	admiralship	amiralscip -s		
a/admiral.txt	3	m n	admiralty	amiraltie -is	AE1 D M ER0 AH0 L T IY0	ˈædmɚəlti
a/apologize.txt	1	v	apologise	to apologyse -s -d -ing	AH0 P AA1 L AH0 JH AY2 Z	əˈpɑləˌdʒaɪz
a/apologize.txt	1	v	apologize	to apologyse -s -d -ing	AH0 P AA1 L AH0 JH AY2 Z	əˈpɑləˌdʒaɪz
a/apologize.txt	2	f n	apology	apologie -is	AH0 P AA1 L AH0 JH IY2	əˈpɑləˌdʒi
a/apologize.txt	3	adj, f n	apologetic	apologetic -s	AH0 P AA2 L AH0 JH EH1 T IH0 K	əˌpɑləˈdʒɛtɪk
a/Arabia.txt	1	f n	Arabia	Arâbia	AH0 R EY1 B IY0 AH0	əˈɹeɪbiə
a/Arabia.txt	2	m n	Arabic	Ârabic	AE1 R AH0 B IH0 K	ˈæɹəbɪk
a/Arabia.txt	2	m n	Arabic	Ârabic	EH1 R AH0 B IH0 K	ˈɛɹəbɪk
a/Arabia.txt	3	adj	Arabian	arâbian	AH0 R EY1 B IY0 AH0 N	əˈɹeɪbiən
a/Arabia.txt	4	adj	Arab	ârab	AE1 R AH0 B	ˈæɹəb
a/Arabia.txt	4	adj	Arab	ârab	EY1 R AH0 B	ˈeɪɹəb
a/amuse.txt	1	v	amuse	to amuse -s -d -ing	AH0 M Y UW1 Z	əˈmjuz
a/attribute.txt	1	v	attribute	to attribute -s -d -ing	AE1 T R AH0 B Y UW2 T	ˈætɹəˌbjut
a/attribute.txt	1	v	attribute	to attribute -s -d -ing	AH0 T R IH1 B Y UW2 T	əˈtɹɪˌbjut
a/attribute.txt	2	m n	attribute	attribute, attribuits	AE1 T R AH0 B Y UW2 T	ˈætɹəˌbjut
a/attribute.txt	2	m n	attribute	attribute, attribuits	AH0 T R IH1 B Y UW2 T	əˈtɹɪˌbjut
a/attribute.txt	3	f n	attribution	attribúcion -s	AE2 T R IH0 B Y UW1 SH AH0 N	ˌætɹɪˈbjuʃən
a/attribute.txt	4	adj	attributive	attributif -vly		
a/assess.txt	1	v	assess	to assesse -s -d -ing	AH0 S EH1 S	əˈsɛs
a/assess.txt	2	f n	assessment	assessement -s	AH0 S EH1 S M AH0 N T	əˈsɛsmənt
a/assess.txt	3	f n	assessor	assessor -s	AH0 S EH1 S ER0	əˈsɛsɚ
a/assess.txt	4	adj	assiduous	assid̦ueus	AH0 S IH1 D W AH0 S	əˈsɪdwəs
a/asphyxia.txt	1	f n	asphyxia	asphyxia		
a/asphyxia.txt	2	v	asphyxiate	to asphyxiait -s -ed -ing	AE0 S F IH1 K S IY0 EY2 T	æˈsfɪksiˌeɪt
a/asphyxia.txt	3	f n	asphyxiation	asphyxiâcion		
a/ail.txt	1	v	ail	to aile -s -d -ing	EY1 L	ˈeɪl
a/ail.txt	2	m n	ailment	ailement -s	EY1 L M AH0 N T	ˈeɪlmənt
a/assist.txt	1	v	assist	to assiste -s -d -ing	AH0 S IH1 S T	əˈsɪst
a/assist.txt	2	f n	assist	assiste, assïsts	AH0 S IH1 S T	əˈsɪst
a/assist.txt	3	adj, f n	assistant	assistent -s	AH0 S IH1 S T AH0 N T	əˈsɪstənt
a/allegiance.txt	1	f n	allegiance	alligence -s	AH0 L IY1 JH AH0 N S	əˈlidʒəns
a/arm.txt	2	v	arm	to arme -s -d -ing	AA1 R M	ˈɑɹm
a/arm.txt	3	m n	army	armie, armis	AA1 R M IY0	ˈɑɹmi
a/arm.txt	6	m n	armory	armurie -is	AA1 R M ER0 IY0	ˈɑɹmɚi
a/all.txt	1	adj, adv, m n, pron	all	all	AO1 L	ˈɔl
a/all.txt	2	adv	almost	almoast	AO1 L M OW2 S T	ˈɔlˌmoʊst
a/all.txt	3	adv	also	also	AO1 L S OW0	ˈɔlsoʊ
a/all.txt	4	adj	always	aluays	AO1 L W EY2 Z	ˈɔlˌweɪz
a/all.txt	4	adj	always	aluays	AO1 L W IY0 Z	ˈɔlwiz
a/arena.txt	1	f n	arena	arína -s	ER0 IY1 N AH0	ɚˈinə
a/arch.txt	1	m n	arch	arc̃e -s	AA1 R CH	ˈɑɹtʃ
a/arch.txt	2	v	arch	to arc̃e -s -d -ing	AA1 R CH	ˈɑɹtʃ
a/arch.txt	3	adj	arch-	arc̃-, arch-	AA1 R CH	ˈɑɹtʃ
a/allot.txt	1	v	allot	to allotte allot(s -d -ing	AH0 L AA1 T	əˈlɑt
a/allot.txt	2	f n	allotment	allottement -s	AH0 L AA1 T M AH0 N T	əˈlɑtmənt
a/augment.txt	1	v	augment	to augmente -s -d -ing	AO0 G M EH1 N T	ɔɡˈmɛnt
a/augment.txt	2	m n	augment	augment -s	AO0 G M EH1 N T	ɔɡˈmɛnt
a/augment.txt	3	f n	augmentation	augmentâcion -s	AA2 G M EH0 N T EY1 SH AH0 N	ˌɑɡmɛnˈteɪʃən
a/annunciate.txt	1	v	annunciate	to annocïait -s -ed -ing		
a/annunciate.txt	2	f n	annunciation	annonciâcion -s		
a/assault.txt	1	f n	assault	assaulte, assaults	AH0 S AO1 L T	əˈsɔlt
a/assault.txt	2	v	assault	to assaulte -s -d -ing	AH0 S AO1 L T	əˈsɔlt
a/aberration.txt	1	adj, m n	aberrant	aberrant -s -ly	AE0 B EH1 R AH0 N T	æˈbɛɹənt
a/aberration.txt	2	f n	aberration	aberrâcion -s	AE2 B ER0 EY1 SH AH0 N	ˌæbɚˈeɪʃən
a/arc.txt	2	v	arc	to arque arc(s arqued arquing	AA1 R K	ˈɑɹk
a/attorney.txt	1	f n	attorney	attornie -is	AH0 T ER1 N IY0	əˈtɝni
a/attorney.txt	2	v	attorn	to attorne -s -d -ing		
a/attorney.txt	3	f n	attornment	attornement -s		
a/amount.txt	1	v	amount	to amônte -s -d -ing	AH0 M AW1 N T	əˈmaʊnt
a/amount.txt	2	f n	amount	amônte, amônts	AH0 M AW1 N T	əˈmaʊnt
a/abolish.txt	1	v	abolish	to abolișe -s -d -ing	AH0 B AA1 L IH0 SH	əˈbɑlɪʃ
a/abolish.txt	2	f n	abolishment	abolișement -s		
a/abolish.txt	3	adj	abolishable	abolișable		
a/abolish.txt	5	f n	abolitionism	abolicionism	AE2 B AH0 L IH1 SH AH0 N IH2 Z AH0 M	ˌæbəˈlɪʃəˌnɪzəm
a/abolish.txt	6	f n	abolitionist	abolicionist -s	AE2 B AH0 L IH1 SH AH0 N AH0 S T	ˌæbəˈlɪʃənəst
a/alert.txt	1	f n	alert	alête, alêts	AH0 L ER1 T	əˈlɝt
a/alert.txt	2	adv	alert	alêt	AH0 L ER1 T	əˈlɝt
a/alert.txt	3	v	alert	to alête -s -d -ing	AH0 L ER1 T	əˈlɝt
a/affect.txt	1	m n	affect	affect, affecs	AH0 F EH1 K T	əˈfɛkt
a/affect.txt	2	v	affect	to affecte affecs -d -ing	AH0 F EH1 K T	əˈfɛkt
a/affect.txt	3	f n	affectation	affectâcion -s	AE2 F EH0 K T EY1 SH AH0 N	ˌæfɛkˈteɪʃən
a/assume.txt	1	v	assume	to assoume -s -d -ing	AH0 S UW1 M	əˈsum
a/assume.txt	2	f n	assumption	assomption -s	AH0 S AH1 M P SH AH0 N	əˈsʌmpʃən
a/assume.txt	3	adj	assumptive	assomptif		
a/aquifer.txt	1	m n	aquifer	aqüifre, aqüifars	AE1 K W AH0 F ER0	ˈækwəfɚ
a/aquifer.txt	2	adj	aquiferous	aqüiferus		
a/aquifer.txt	3	adj	aqueous	aqüieus	EY1 K W IY0 AH0 S	ˈeɪkwiəs
a/abase.txt	1	v	abase	to abâsse -s -d -ing		
a/abase.txt	2	f n	abasement	abâssement -s		
a/avoid.txt	1	v	avoid	to avoide -s -d -ing	AH0 V OY1 D	əˈvɔɪd
a/arise.txt	1	irv	arise	to arîse -s arose arisan -ing	ER0 AY1 Z	ɚˈaɪz
a/adequate.txt	1	adj	adequate	adequate -ly	AE1 D AH0 K W AH0 T	ˈædəkwət
a/adequate.txt	1	adj	adequate	adequate -ly	AE1 D AH0 K W EY2 T	ˈædəˌkweɪt
a/adequate.txt	2	v	adequate	to adequait -s -ed -ing	AE1 D AH0 K W AH0 T	ˈædəkwət
a/adequate.txt	2	v	adequate	to adequait -s -ed -ing	AE1 D AH0 K W EY2 T	ˈædəˌkweɪt
a/address.txt	1	v	address	to addresse -s -d -ing	AE1 D R EH2 S	ˈæˌdɹɛs
a/address.txt	1	v	address	to addresse -s -d -ing	AH0 D R EH1 S	əˈdɹɛs
a/address.txt	2	m n	address	address -es, addie -is	AE1 D R EH2 S	ˈæˌdɹɛs
a/address.txt	2	m n	address	address -es, addie -is	AH0 D R EH1 S	əˈdɹɛs
a/approach.txt	1	v	approach	to approc̃e -s -d -ing	AH0 P R OW1 CH	əˈpɹoʊtʃ
a/approach.txt	2	f n	approach	approc̃e -s	AH0 P R OW1 CH	əˈpɹoʊtʃ
a/approach.txt	3	adj	approachable	approc̃able	AH0 P R OW1 CH AH0 B AH0 L	əˈpɹoʊtʃəbəl
a/avail.txt	1	v	avail	to avâle -s -d -ing	AH0 V EY1 L	əˈveɪl
a/appoint.txt	1	v	appoint	to appointe -s -d -ing	AH0 P OY1 N T	əˈpɔɪnt
a/appoint.txt	2	f n	appointment	appointement -s	AH0 P OY1 N T M AH0 N T	əˈpɔɪntmənt
a/asylum.txt	1	f n	asylum	asŷlom -s	AH0 S AY1 L AH0 M	əˈsaɪləm
a/angle.txt	2	adj	angular	ângular	AE1 NG G Y AH0 L ER0	ˈæŋɡjəlɚ
a/angle.txt	3	f n	angularity	angularetie, angularetis		
a/angle.txt	4	v	angle	to ângle -s -d -ing	AE1 NG G AH0 L	ˈæŋɡəl
a/angle.txt	5	m n, adj	Angle	ânguil -s	AE1 NG G AH0 L	ˈæŋɡəl
a/angle.txt	5	m n, adj	Angles	ânguil -s	AE1 NG G AH0 L Z	ˈæŋɡəlz
a/access.txt	1	m n	access	access -es	AE1 K S EH2 S	ˈækˌsɛs
a/access.txt	2	v	access	to accesse -s -d -ing	AE1 K S EH2 S	ˈækˌsɛs
a/access.txt	4	f n	accessibility	accessabilitie -is	AE2 K S EH0 S AH0 B IH1 L IH0 T IY0	ˌæksɛsəˈbɪlɪti
a/asterisk.txt	1	m n	asterisk	asterisc -s	AE1 S T ER0 IH0 S K	ˈæstɚɪsk
a/ascetic.txt	1	adj	ascetic	ascetic	AH0 S EH1 T IH0 K	əˈsɛtɪk
a/ascetic.txt	2	f n	asceticism	asceticism		
a/attention.txt	1	f n	attention	attencion	AH0 T EH1 N SH AH0 N	əˈtɛnʃən
a/attention.txt	2	adj	attentive	attentif -vly	AH0 T EH1 N T IH0 V	əˈtɛntɪv
a/array.txt	1	f n	array	arraie, arrays	ER0 EY1	ɚˈeɪ
a/anxious.txt	1	adj	anxious	ânxieus -ly	AE1 NG K SH AH0 S	ˈæŋkʃəs
a/anxious.txt	1	adj	anxious	ânxieus -ly	AE1 NG SH AH0 S	ˈæŋʃəs
a/anxious.txt	2	f n	anxiety	anxîetie -is	AE0 NG Z AY1 AH0 T IY0	æŋˈzaɪəti
a/approve.txt	1	v	approve	to approuve -s -d -ing	AH0 P R UW1 V	əˈpɹuv
a/approve.txt	2	f n	approval	approuval -s	AH0 P R UW1 V AH0 L	əˈpɹuvəl
a/antecede.txt	1	v	antecede	to antecide -s -d -ing		
a/antecede.txt	2	f n	antecedent	antecident -s	AE2 N T EH1 S AH0 D AH0 N T	ˌænˈtɛsədənt
a/antecede.txt	2	f n	antecedent	antecident -s	AE2 N T IH0 S IY1 D AH0 N T	ˌæntɪˈsidənt
a/antecede.txt	3	adj	antecedent	antecident	AE2 N T EH1 S AH0 D AH0 N T	ˌænˈtɛsədənt
a/antecede.txt	3	adj	antecedent	antecident	AE2 N T IH0 S IY1 D AH0 N T	ˌæntɪˈsidənt
a/autoimmune.txt	1	adj	autoimmune	autoïmmune	AO2 T OY1 M Y UW0 N	ˌɔˈtɔɪmjun
a/apple.txt	1	m n	apple	apple, appels	AE1 P AH0 L	ˈæpəl
a/apple.txt	2	m n	appletree	appeltrie, appeltris		
a/apple.txt	3	m n	appleseed	appelseide, appelseids	AE1 P AH0 L S IY2 D	ˈæpəlˌsid
a/apple.txt	4	m n	applesauce	appelsauce -s	AE1 P AH0 L S AO2 S	ˈæpəlˌsɔs
a/apple.txt	5	f n	apple-pie	appelpîhe	AE1 P AH0 L P AY1	ˈæpəlˈpaɪ
a/apple.txt	6	m n	pineapple	pînapple, pînappels	P AY1 N AE2 P AH0 L	ˈpaɪˌnæpəl
a/abominable.txt	1	adj	abominable	abominable	AH0 B AA1 M AH0 N AH0 B AH0 L	əˈbɑmənəbəl
a/abominable.txt	2	f n	abomination	abominâcion -s	AH0 B AA2 M AH0 N EY1 SH AH0 N	əˌbɑməˈneɪʃən
a/adolescent.txt	1	adj	adolescent	adolescent	AE2 D AH0 L EH1 S AH0 N T	ˌædəˈlɛsənt
a/adolescent.txt	1	adj	adolescent	adolescent	AE2 D OW0 L EH1 S AH0 N T	ˌædoʊˈlɛsənt
a/adolescent.txt	2	f n	adolescent	adolescent -s	AE2 D AH0 L EH1 S AH0 N T	ˌædəˈlɛsənt
a/adolescent.txt	2	f n	adolescent	adolescent -s	AE2 D OW0 L EH1 S AH0 N T	ˌædoʊˈlɛsənt
a/adolescent.txt	3	f n	adolescence	adolescence	AE2 D AH0 L EH1 S AH0 N S	ˌædəˈlɛsəns
a/adolescent.txt	3	f n	adolescence	adolescence	AE2 D OW0 L EH1 S AH0 N S	ˌædoʊˈlɛsəns
a/adolescent.txt	4	adj	adult	adulte	AH0 D AH1 L T	əˈdʌlt
a/adolescent.txt	4	adj	adult	adulte	AE1 D AH0 L T	ˈædəlt
a/adolescent.txt	5	f n	adult	adulte, adults	AH0 D AH1 L T	əˈdʌlt
a/adolescent.txt	5	f n	adult	adulte, adults	AE1 D AH0 L T	ˈædəlt
a/aesthetic.txt	1	f n, adj	aesthetic	aisþetic -s -ly	EH0 S TH EH1 T IH0 K	ɛsˈθɛtɪk
a/aesthetic.txt	2	m n	aesthete	aisþite, aisþiets	EH1 S TH IY0 T	ˈɛsθit
a/aesthetic.txt	3	f n	aestheticism	aisþeticism		
a/aesthetic.txt	4	f n	aesthetician	aisþetician -s		
a/aesthetic.txt	5	f n	aestheticist	aisþeticist -s		
a/aesthetic.txt	6	v	aestheticize	to aisþeticyse -s -d -ing		
a/algebra.txt	2	adj	algebraic	algebrâic	AE2 L JH AH0 B R EY1 IH0 K	ˌældʒəˈbɹeɪɪk
a/anguish.txt	1	v	anguish	to ângoișe -s -d -ing	AE1 NG G W IH0 SH	ˈæŋɡwɪʃ
a/anguish.txt	2	m n	anguish	ângoișe	AE1 NG G W IH0 SH	ˈæŋɡwɪʃ
a/annul.txt	1	v	annul	to annulle -s -d -ing	AE1 N AH0 L	ˈænəl
a/annul.txt	2	f n	annulment	annullement -s	AE1 N AH0 L M AH0 N T	ˈænəlmənt
a/anger.txt	3	adj	angry	ângry -iar -iest -ily	AE1 NG G R IY0	ˈæŋɡɹi
a/auxiliary.txt	1	f n	auxiliary	auxillerie, auxilleris	AA0 G Z IH1 L Y ER0 IY0	ɑɡˈzɪljɚi
a/auxiliary.txt	1	f n	auxiliary	auxillerie, auxilleris	AA0 G Z IH1 L IY0 EH0 R IY0	ɑɡˈzɪliɛɹi
a/auxiliary.txt	2	adj	auxiliary	auxillery	AA0 G Z IH1 L Y ER0 IY0	ɑɡˈzɪljɚi
a/auxiliary.txt	2	adj	auxiliary	auxillery	AA0 G Z IH1 L IY0 EH0 R IY0	ɑɡˈzɪliɛɹi
a/accompany.txt	1	v	accompany	to accompanie -s -d accompanying	AH0 K AH1 M P AH0 N IY0	əˈkʌmpəni
a/accompany.txt	2	f n	accompanist	accompanist -s	AH0 K AH1 M P AH0 N AH0 S T	əˈkʌmpənəst
a/accompany.txt	3	f n	accompaniment	accompeniment -s	AH0 K AH1 M P N IH0 M AH0 N T	əˈkʌmpnɪmənt
a/accompany.txt	3	f n	accompaniment	accompeniment -s	AH0 K AH1 M P N IY0 M AH0 N T	əˈkʌmpnimənt
a/accuse.txt	1	v	accuse	to accuse -s -d -ing	AH0 K Y UW1 Z	əˈkjuz
a/accuse.txt	2	f n	accusation	accusâcion	AE2 K Y AH0 Z EY1 SH AH0 N	ˌækjəˈzeɪʃən
a/accuse.txt	2	f n	accusation	accusâcion	AE2 K Y UW0 Z EY1 SH AH0 N	ˌækjuˈzeɪʃən
a/accuse.txt	3	adj	accusative	accúsatif	AH0 K Y UW1 Z AH0 T IH0 V	əˈkjuzətɪv
a/accuse.txt	4	adj	accusatory	accúsatory	AH0 K Y UW1 Z AH0 T AO2 R IY0	əˈkjuzəˌtɔɹi
a/alight.txt	1	irv	alight	to alîhte -s alit -ing	AH0 L AY1 T	əˈlaɪt
a/alight.txt	2	adj	alight	aloiht	AH0 L AY1 T	əˈlaɪt
a/advocate.txt	1	m n	advocate	advocate, advocats	AE1 D V AH0 K AH0 T	ˈædvəkət
a/advocate.txt	1	m n	advocate	advocate, advocats	AE1 D V AH0 K EY2 T	ˈædvəˌkeɪt
a/advocate.txt	2	v	advocate	to advocait -s -ed -ing	AE1 D V AH0 K AH0 T	ˈædvəkət
a/advocate.txt	2	v	advocate	to advocait -s -ed -ing	AE1 D V AH0 K EY2 T	ˈædvəˌkeɪt
a/aboard.txt	1	prep	aboard	abórd	AH0 B AO1 R D	əˈbɔɹd
a/analogous.txt	1	adj	analogous	anàlogus	AH0 N AE1 L AH0 G AH0 S	əˈnæləɡəs
a/Arkansas.txt	1	m n	Arkansas	Arcansau	AA1 R K AH0 N S AA2	ˈɑɹkənˌsɑ
a/Arkansas.txt	2	adj, f n	Arkansan	arcànsan -s	AA2 R K AE1 N Z AH0 N	ˌɑɹˈkænzən
a/around.txt	1	prep	around	arônd	ER0 AW1 N D	ɚˈaʊnd
a/around.txt	1	prep	around	arônd	ER0 AW1 N	ɚˈaʊn
a/attempt.txt	1	v	attempt	to attempte attemps -d -ing	AH0 T EH1 M P T	əˈtɛmpt
a/attempt.txt	2	f n	attempt	attempte, attemps	AH0 T EH1 M P T	əˈtɛmpt
a/Alaska.txt	1	f n	Alaska	Alàsca	AH0 L AE1 S K AH0	əˈlæskə
a/Alaska.txt	2	adj, f n	Alaskan	alàscan -s	AH0 L AE1 S K AH0 N	əˈlæskən
a/anesthesia.txt	1	f n	anesthesia	anesþísia	AE2 N IH0 S TH IY1 ZH AH0	ˌænɪsˈθiʒə
a/anesthesia.txt	2	f n	anesthetist	anèsþetist -s	AH0 N EH1 S TH AH0 T AH0 S T	əˈnɛsθətəst
a/anesthesia.txt	3	adj, f n	anesthetic	anesþetic -s -ly	AE2 N AH0 S TH EH1 T IH0 K	ˌænəsˈθɛtɪk
a/achieve.txt	1	v	achieve	to ac̃eive -s -d -ing	AH0 CH IY1 V	əˈtʃiv
a/achieve.txt	2	adj	achievable	ac̃eivable -y	AH0 CH IY1 V AH0 B AH0 L	əˈtʃivəbəl
a/achieve.txt	3	f n	achievement	ac̃eivement -s	AH0 CH IY1 V M AH0 N T	əˈtʃivmənt
a/accustom.txt	1	v	accustom	to accustome -s -d -ing	AH0 K AH1 S T AH0 M	əˈkʌstəm
a/aisle.txt	1	m n	aisle	aiele, aiels	AY1 L	ˈaɪl
a/aisle.txt	1	m n	aisle	aiele, aiels	AY1 AH0 L	ˈaɪəl
a/audacity.txt	1	adj	audacious	audâceus -ly	AA0 D EY1 SH AH0 S	ɑˈdeɪʃəs
a/audacity.txt	2	f n	audacity	audacetie -is	AA0 D AE1 S AH0 T IY0	ɑˈdæsəti
a/amid.txt	1	prep	amid	amid	AH0 M IH1 D	əˈmɪd
a/apply.txt	1	v	apply	to applîe -s -d applyhing	AH0 P L AY1	əˈplaɪ
a/apply.txt	2	f n	appliance	applîance -s	AH0 P L AY1 AH0 N S	əˈplaɪəns
a/apply.txt	3	adj, m n	applicant	applicant -s	AE1 P L IH0 K AH0 N T	ˈæplɪkənt
a/apply.txt	4	f n	application	applicâcion -s	AE2 P L AH0 K EY1 SH AH0 N	ˌæpləˈkeɪʃən
a/apply.txt	5	adj	applicable	applicable -y	AE1 P L AH0 K AH0 B AH0 L	ˈæpləkəbəl
a/apply.txt	6	m n	applicator	applicaitor -s	AE1 P L AH0 K EY2 T ER0	ˈæpləˌkeɪtɚ
a/absent.txt	1	adj	absent	absent	AE1 B S AH0 N T	ˈæbsənt
a/absent.txt	2	m n	absence	absence -s	AE1 B S AH0 N S	ˈæbsəns
a/any.txt	1	adj	any	eny	EH1 N IY0	ˈɛni
a/any.txt	2	pron, m n, adv	anything	enyþing	EH1 N IY0 TH IH2 NG	ˈɛniˌθɪŋ
a/ache.txt	1	v	ache	to âc -s âched âching	EY1 K	ˈeɪk
a/ache.txt	2	m n	ache	âc, aix	EY1 K	ˈeɪk
a/ache.txt	3	adj	achy	âchy	EY1 K IY0	ˈeɪki
a/accomplice.txt	1	f n	accomplice	accomplice -s	AH0 K AA1 M P L AH0 S	əˈkɑmpləs
a/admit.txt	1	m n	admit	admit, admits	AH0 D M IH1 T	ədˈmɪt
a/admit.txt	2	v	admit	to admitte -s -d -ing	AH0 D M IH1 T	ədˈmɪt
a/admit.txt	3	f n	admittance	admittence -s	AH0 D M IH1 T AH0 N S	ədˈmɪtəns
a/admit.txt	4	f n	admission	admission -s	AE0 D M IH1 SH AH0 N	ædˈmɪʃən
a/admit.txt	4	f n	admission	admission -s	AH0 D M IH1 SH AH0 N	ədˈmɪʃən
a/admit.txt	5	v	re-admit	to riadmitte -s -d -ing	R EY1 AH0 D M IH1 T	ˈɹeɪədˈmɪt
a/abdomen.txt	1	m n	abdomen	abdomen -s	AE0 B D OW1 M AH0 N	æbˈdoʊmən
a/abdomen.txt	1	m n	abdomen	abdomen -s	AE1 B D AH0 M AH0 N	ˈæbdəmən
a/astound.txt	1	v	astound	to astônde -s -d -ing	AH0 S T AW1 N D	əˈstaʊnd
a/astound.txt	2	v	astonish	to astonnișe -s -d -ing	AH0 S T AA1 N IH0 SH	əˈstɑnɪʃ
a/astound.txt	3	f n	astonishment	astonnișement -s	AH0 S T AA1 N IH0 SH M AH0 N T	əˈstɑnɪʃmənt
a/annoy.txt	1	v	annoy	to annoie -s -d annoying	AH0 N OY1	əˈnɔɪ
a/annoy.txt	2	f n	annoyance	annoyance -s	AH0 N OY1 AH0 N S	əˈnɔɪəns
a/agree.txt	1	v	agree	to agríe -s -d agrýing	AH0 G R IY1	əˈɡɹi
a/agree.txt	2	f n	agreement	agríment -s	AH0 G R IY1 M AH0 N T	əˈɡɹimənt
a/agree.txt	3	adj	agreeable	agríable -y -ness	AH0 G R IY1 AH0 B AH0 L	əˈɡɹiəbəl
a/assassin.txt	1	f n	assassin	assassin -s	AH0 S AE1 S AH0 N	əˈsæsən
a/assassin.txt	2	v	assassinate	to assassinait -s -ed -ing	AH0 S AE1 S AH0 N EY2 T	əˈsæsəˌneɪt
a/assassin.txt	3	f n	assassination	assassinâcion -s	AH0 S AE2 S AH0 N EY1 SH AH0 N	əˌsæsəˈneɪʃən
a/aim.txt	1	v	aim	to éime -s -d -ing	EY1 M	ˈeɪm
a/aim.txt	2	m n	aim	éime, éims	EY1 M	ˈeɪm
a/aim.txt	3	adj	aimless	éimless -ly	EY1 M L AH0 S	ˈeɪmləs
a/accept.txt	1	v	accept	to accepte acceps -d -ing	AE0 K S EH1 P T	ækˈsɛpt
a/accept.txt	1	v	accept	to accepte acceps -d -ing	AH0 K S EH1 P T	əkˈsɛpt
a/accept.txt	4	f n	acceptability	acceptabilitie, acceptabilitis	AH0 K S EH2 P T AH0 B IH1 L AH0 T IY0	əkˌsɛptəˈbɪləti
a/Asia.txt	2	adj	Asian	âsian	EY1 ZH AH0 N	ˈeɪʒən
a/archetype.txt	1	m n	archetype	archetype, archetyps	AA1 R K IH0 T AY2 P	ˈɑɹkɪˌtaɪp
a/archetype.txt	2	m n	archetypal	archetypal	AA1 R K T AY1 P AH0 L	ˈɑɹkˈtaɪpəl
a/ape.txt	2	v	ape	to âpe -s -d -ing	EY1 P	ˈeɪp
a/accomplish.txt	1	v	accomplish	to accomplișe -s -d -ing	AH0 K AA1 M P L IH0 SH	əˈkɑmplɪʃ
a/accomplish.txt	2	f n	accomplishment	accomplișement -s	AH0 K AA1 M P L IH0 SH M AH0 N T	əˈkɑmplɪʃmənt
a/accomplish.txt	3	adj	accomplishable	accomplișable		
a/America.txt	1	f n	America	Amèrica -s	AH0 M EH1 R AH0 K AH0	əˈmɛɹəkə
a/America.txt	1	f n	America	Amèrica -s	AH0 M EH1 R IH0 K AH0	əˈmɛɹɪkə
a/America.txt	2	adj, f n	American	amèrican	AH0 M EH1 R AH0 K AH0 N	əˈmɛɹəkən
a/America.txt	2	adj, f n	American	amèrican	AH0 M EH1 R IH0 K AH0 N	əˈmɛɹɪkən
a/America.txt	3	f n	South America	Sôuþ Amèrica	S AW1 TH AH0 M EH1 R AH0 K AH0	ˈsaʊθəˈmɛɹəkə
a/America.txt	4	adj	South American	sôuþ amèrican	S AW1 TH AH0 M EH1 R AH0 K AH0 N	ˈsaʊθəˈmɛɹəkən
a/adorn.txt	1	v	adorn	to adorne -s -d -ing	AH0 D AO1 R N	əˈdɔɹn
a/adorn.txt	2	f n	adornment	adornement -s	AH0 D AO1 R N M AH0 N T	əˈdɔɹnmənt
a/acme.txt	1	m n	acme	acmie, acmis	AE1 K M IY0	ˈækmi
a/aggrieve.txt	1	v	aggrieve	to aggrieve -s -d -ing	AH0 G R IY1 V	əˈɡɹiv
a/archipelago.txt	1	f n	archipelago	archipèlago -s	AA2 R K AH0 P EH1 L AH0 G OW2	ˌɑɹkəˈpɛləˌɡoʊ
a/archipelago.txt	1	f n	archipelago	archipèlago -s	AA2 R CH AH0 P AH0 L EY1 G OW2	ˌɑɹtʃəpəˈleɪˌɡoʊ
a/ammonite.txt	1	m n	ammonite	amonît -s	AE1 M AH0 N AY2 T	ˈæməˌnaɪt
a/agile.txt	2	f n	agility	agilitie -is	AH0 JH IH1 L AH0 T IY0	əˈdʒɪləti
a/arid.txt	1	adj	arid	ârid	AE1 R AH0 D	ˈæɹəd
a/arid.txt	1	adj	arid	ârid	EH1 R AH0 D	ˈɛɹəd
a/arrow.txt	1	m n	arrow	earo, earaus	AE1 R OW0	ˈæɹoʊ
a/arrow.txt	1	m n	arrow	earo, earaus	EH1 R OW0	ˈɛɹoʊ
a/arrow.txt	2	m n	arrow-head	earo hede, earo heds	AE1 R OW0 HH EH1 D	ˈæɹoʊˈhɛd
a/abbot.txt	1	m n	abbot	abot -s	AE1 B AH0 T	ˈæbət
a/animal.txt	1	adj, m n	animal	animal -s	AE1 N AH0 M AH0 L	ˈænəməl
a/animal.txt	2	m n	animalism	animalism		
a/animal.txt	3	adj	animalistic	animalistic -ly		
a/apprehend.txt	1	v	apprehend	to apprihende -s -d -ing	AE2 P R IH0 HH EH1 N D	ˌæpɹɪˈhɛnd
a/apprehend.txt	2	f n	apprehension	apprihension -s	AE2 P R IH0 HH EH1 N SH AH0 N	ˌæpɹɪˈhɛnʃən
a/apprehend.txt	3	adj	apprehensive	apprihènsif	AE2 P R IH0 HH EH1 N S IH0 V	ˌæpɹɪˈhɛnsɪv
a/apprehend.txt	3	adj	apprehensive	apprihènsif	AE2 P R IY0 HH EH1 N S IH0 V	ˌæpɹiˈhɛnsɪv
a/augur.txt	1	v	augur	to auguer augre(s augred auguering	AO1 G ER0	ˈɔɡɚ
a/augur.txt	2	m n	augur	augre, augars	AO1 G ER0	ˈɔɡɚ
a/augur.txt	3	m n	augury	augurie, auguris		
a/aneurysm.txt	1	m n	aneurysm	añurysm -s	AE1 N Y UH0 R IH2 Z AH0 M	ˈænjʊˌɹɪzəm
a/admonish.txt	1	v	admonish	to admonișe -s -d -ing	AE0 D M AA1 N IH0 SH	ædˈmɑnɪʃ
a/admonish.txt	2	f n	admonition	admonicion -s	AE2 D M AH0 N IH1 SH AH0 N	ˌædməˈnɪʃən
a/azure.txt	1	adj	azure	az̧ur	AE1 ZH ER0	ˈæʒɚ
a/acre.txt	1	m n	acre	eacre, eacars	EY1 K ER0	ˈeɪkɚ
a/acquaint.txt	1	v	acquaint	to acquainte -s -d -ing	AH0 K W EY1 N T	əˈkweɪnt
a/acquaint.txt	2	f n	acquaintance	acquaintence -s	AH0 K W EY1 N T AH0 N S	əˈkweɪntəns
a/adhere.txt	1	v	adhere	to adhier adhire(s adhired adhiering	AH0 D HH IH1 R	ədˈhɪɹ
a/adhere.txt	2	f n	adherence	adhirence -s	AH0 D HH IH1 R AH0 N S	ədˈhɪɹəns
a/adhere.txt	4	adj, f n	adhesive	adhíssif -s	AE0 D HH IY1 S IH0 V	ædˈhisɪv
a/adhere.txt	4	adj, f n	adhesive	adhíssif -s	AH0 D HH IY1 S IH0 V	ədˈhisɪv
a/adhere.txt	5	f n	adhesion	adhísion -s	AE0 D HH IY1 ZH AH0 N	ædˈhiʒən
a/amble.txt	1	v	amble	to amble -s -d -ing	AE1 M B AH0 L	ˈæmbəl
a/amble.txt	2	m n	amble	amble, ambuls	AE1 M B AH0 L	ˈæmbəl
a/animate.txt	1	v	animate	to animait -s -ed -ing	AE1 N AH0 M AH0 T	ˈænəmət
a/animate.txt	1	v	animate	to animait -s -ed -ing	AE1 N AH0 M EY2 T	ˈænəˌmeɪt
a/animate.txt	2	adj	animate	animate -ly	AE1 N AH0 M AH0 T	ˈænəmət
a/animate.txt	2	adj	animate	animate -ly	AE1 N AH0 M EY2 T	ˈænəˌmeɪt
a/animate.txt	4	f n	animation	animâcion -s	AE2 N AH0 M EY1 SH AH0 N	ˌænəˈmeɪʃən
a/animate.txt	5	m n	anime	animei -s	AE2 N IH0 M EY1	ˌænɪˈmeɪ
a/abandon.txt	1	v	abandon	to abàndone -s -d -ing	AH0 B AE1 N D AH0 N	əˈbændən
a/abandon.txt	2	f n	abandon	abàndon	AH0 B AE1 N D AH0 N	əˈbændən
a/abandon.txt	3	f n	abandonment	abàndonment	AH0 B AE1 N D AH0 N M AH0 N T	əˈbændənmənt
a/assign.txt	1	v	assign	to assigne -s -d -ing	AH0 S AY1 N	əˈsaɪn
a/assign.txt	2	f n	assignment	assignement -s	AH0 S AY1 N M AH0 N T	əˈsaɪnmənt
a/assign.txt	3	f n	assignation	assignâcion -s		
a/assign.txt	4	f n	assignee	assigníe, assignís		
a/attire.txt	1	v	attire	to attîer attîre(s attîred attîering	AH0 T AY1 ER0	əˈtaɪɚ
a/attire.txt	2	f n	attire	attîre, attîars	AH0 T AY1 ER0	əˈtaɪɚ
a/attire.txt	3	f n	attire	tîre, tîars	AH0 T AY1 ER0	əˈtaɪɚ
a/attire.txt	3	f n	tire	tîre, tîars	T AY1 ER0	ˈtaɪɚ
a/antidisestablishmentarianism.txt	1	f n	antidisestablishmentarianism	antidisestablișementârianism	AE2 N T AY0 D IH2 S AH0 S T AE2 B L IH0 SH M AH0 N T EH1 R IY0 AH0 N IH2 Z AH0 M	ˌæntaɪˌdɪsəˌstæblɪʃmənˈtɛɹiəˌnɪzəm
a/air.txt	2	v	air	to aire -s -d -ing	EH1 R	ˈɛɹ
a/air.txt	3	adj	aerial	airial	EH1 R IY0 AH0 L	ˈɛɹiəl
a/air.txt	4	f n	aerobatics	airobatics	EH2 R AH0 B AE1 T IH0 K S	ˌɛɹəˈbætɪks
a/air.txt	5	m n	aeroplane	airplagne, airplagns		
a/air.txt	5	m n	airplane	airplagne, airplagns	EH1 R P L EY2 N	ˈɛɹˌpleɪn
a/air.txt	6	m n	aerospace	airospaice -s	EH1 R OW0 S P EY2 S	ˈɛɹoʊˌspeɪs
a/air.txt	7	m n	airspace	airspaice -s	EH1 R S P EY2 S	ˈɛɹˌspeɪs
a/Austria.txt	1	m n	Austria	Òstria	AO1 S T R IY0 AH0	ˈɔstɹiə
a/Austria.txt	2	adj	Austrian	òstrian	AO1 S T R IY0 AH0 N	ˈɔstɹiən
a/Austria.txt	3	prefix	Austro-	òstro-	AO1 S T R OW0	ˈɔstɹoʊ
a/allege.txt	1	v	allege	to allege -s -d -ing	AH0 L EH1 JH	əˈlɛdʒ
a/allege.txt	2	f n	alleger	alleger -s		
a/allege.txt	3	adj	alleged	allegid -ly	AH0 L EH1 JH D	əˈlɛdʒd
a/allege.txt	4	f n	allegation	allegâcion -s	AE2 L AH0 G EY1 SH AH0 N	ˌæləˈɡeɪʃən
a/artillery.txt	1	f n	artillery	artillerie, artilleris	AA0 R T IH1 L ER0 IY0	ɑɹˈtɪlɚi
a/artillery.txt	2	f n	artillerist	artillerist -s		
a/author.txt	1	m n	author	auþre, auþors	AO1 TH ER0	ˈɔθɚ
a/author.txt	2	v	author	to auþer auþre(s auþred auþering	AO1 TH ER0	ˈɔθɚ
a/author.txt	3	v	authorize	to auþoryse -s -d -ing	AO1 TH ER0 AY2 Z	ˈɔθɚˌaɪz
a/author.txt	4	f n	authorization	auþorisâcion -s	AO2 TH ER0 AH0 Z EY1 SH AH0 N	ˌɔθɚəˈzeɪʃən
a/author.txt	5	f n	auteur	auteur -s		
a/allow.txt	1	v	allow	to allôe -s -d allôuing	AH0 L AW1	əˈlaʊ
a/allow.txt	2	f n	allowance	allôance -s	AH0 L AW1 AH0 N S	əˈlaʊəns
a/ace.txt	1	m n	ace	eace -s	EY1 S	ˈeɪs
a/astrology.txt	1	f n	astrology	astrologie	AH0 S T R AA1 L AH0 JH IY0	əˈstɹɑlədʒi
a/ambulance.txt	1	m n	ambulance	ambulance -s	AE1 M B Y AH0 L AH0 N S	ˈæmbjələns
a/ambulance.txt	2	adj	ambulant	ambulant		
a/ambulance.txt	3	adj	ambulatory	ambulatory	AE1 M B Y AH0 L AH0 T AO2 R IY0	ˈæmbjələˌtɔɹi
a/absorb.txt	1	v	absorb	to absorbe -s -d -ing	AH0 B Z AO1 R B	əbˈzɔɹb
a/absorb.txt	2	f n	absorption	absorption	AH0 B Z AO1 R P SH AH0 N	əbˈzɔɹpʃən
a/absorb.txt	2	f n	absorption	absorption	AH0 B S AO1 R P SH AH0 N	əbˈsɔɹpʃən
a/absorb.txt	3	adj	absorbent	absorbent	AH0 B Z AO1 R B AH0 N T	əbˈzɔɹbənt
a/admire.txt	1	v	admire	to admîer admîre(s admîred admîering	AE0 D M AY1 R	ædˈmaɪɹ
a/admire.txt	2	f n	admirer	admîrer -s	AE0 D M AY1 R ER0	ædˈmaɪɹɚ
a/anniversary.txt	1	f n	anniversary	annivêrserie, annivêrseris	AE2 N AH0 V ER1 S ER0 IY0	ˌænəˈvɝsɚi
a/abstain.txt	1	v	abstain	to absteine -s -d -ing	AH0 B S T EY1 N	əbˈsteɪn
a/abstain.txt	1	v	abstain	to absteine -s -d -ing	AE0 B S T EY1 N	æbˈsteɪn
a/abstain.txt	2	m n	abstinence	àbstinence	AE1 B S T AH0 N AH0 N S	ˈæbstənəns
a/abstain.txt	3	adj	abstinent	àbstinent	AE1 B S T AH0 N AH0 N T	ˈæbstənənt
a/abstain.txt	4	f n	abstention	abstencion -s	AH0 B S T EH1 N CH AH0 N	əbˈstɛntʃən
a/abstain.txt	4	f n	abstention	abstencion -s	AE0 B S T EH1 N CH AH0 N	æbˈstɛntʃən
a/aggravate.txt	1	v	aggravate	to aggravait -s -ed -ing	AE1 G R AH0 V EY2 T	ˈæɡɹəˌveɪt
a/aggravate.txt	2	f n	aggravation	aggravâcion -s	AE2 G R AH0 V EY1 SH AH0 N	ˌæɡɹəˈveɪʃən
a/accent.txt	2	v	accent	to accente -s -d -ing	AH0 K S EH1 N T	əkˈsɛnt
a/accent.txt	2	v	accent	to accente -s -d -ing	AE1 K S EH2 N T	ˈækˌsɛnt
a/accent.txt	3	adj	accentual	accențual		
a/accent.txt	4	v	accentuate	to accențuait -s -d -ing	AE0 K S EH1 N CH UW0 EY0 T	ækˈsɛntʃueɪt
a/accent.txt	5	f n	accentuation	accențuâcion -s		
a/accident.txt	1	m n	accident	accident -s	AE1 K S AH0 D AH0 N T	ˈæksədənt
a/accident.txt	2	adj	accidental	accidental	AE2 K S AH0 D EH1 N T AH0 L	ˌæksəˈdɛntəl
a/accident.txt	2	adj	accidental	accidental	AE2 K S AH0 D EH1 N AH0 L	ˌæksəˈdɛnəl
a/accident.txt	3	m n	accidence	accidence -s		
a/argue.txt	1	v	argue	to argüe -s -d -ing	AA1 R G Y UW0	ˈɑɹɡju
a/argue.txt	3	adj	arguable	arguable	AA1 R G Y UW0 AH0 B AH0 L	ˈɑɹɡjuəbəl
a/argue.txt	4	adv	arguably	arguably	AA1 R G Y UW0 AH0 B L IY0	ˈɑɹɡjuəbli
a/argue.txt	5	m n	argument	argument -s	AA1 R G Y AH0 M AH0 N T	ˈɑɹɡjəmənt
a/argue.txt	6	f n	argumentation	argumentâcion -s	AA2 R G Y AH0 M EH0 N T EY1 SH AH0 N	ˌɑɹɡjəmɛnˈteɪʃən
a/argue.txt	7	adj	argumentative	argumentatif, argumentif -vly	AA2 R G Y AH0 M EH1 N T AH0 T IH0 V	ˌɑɹɡjəˈmɛntətɪv
a/administer.txt	1	v	administer	to admïnister admïnistre(s admïnistred admïnistering	AH0 D M IH1 N AH0 S T ER0	ədˈmɪnəstɚ
a/administer.txt	2	v	administrate	to admïnistrait -s -ed -ing	AE0 D M IH1 N IH0 S T R EY2 T	ædˈmɪnɪˌstɹeɪt
a/administer.txt	3	f n	administrator	admïnistraitor -s	AH0 D M IH1 N AH0 S T R EY2 T ER0	ədˈmɪnəˌstɹeɪtɚ
a/administer.txt	4	adj	administrative	admïnistratif	AH0 D M IH1 N AH0 S T R EY2 T IH0 V	ədˈmɪnəˌstɹeɪtɪv
a/administer.txt	5	f n	administration	administrâcion -s	AE0 D M IH2 N IH0 S T R EY1 SH AH0 N	ædˌmɪnɪˈstɹeɪʃən
a/ark.txt	1	m n	ark	arche, arcs	AA1 R K	ˈɑɹk
a/astriction.txt	1	f n	astriction	astriccion -s		
a/astriction.txt	2	adj	astringent	astringent	AH0 S T R IH1 N JH AH0 N T	əˈstɹɪndʒənt
a/acclaim.txt	1	v	acclaim	to acclâme -s -d -ing	AH0 K L EY1 M	əˈkleɪm
a/acclaim.txt	2	f n	acclaim	acclâme, acclâms	AH0 K L EY1 M	əˈkleɪm
a/acclaim.txt	3	f n	acclamation	acclamâcion -s	AE2 K L AH0 M EY1 SH AH0 N	ˌækləˈmeɪʃən
a/alone.txt	1	adj, adv	alone	alone	AH0 L OW1 N	əˈloʊn
a/atom.txt	1	m n	atom	atom -s	AE1 T AH0 M	ˈætəm
a/atom.txt	2	adj	atomic	atomic	AH0 T AA1 M IH0 K	əˈtɑmɪk
a/aunt.txt	1	m n	aunt	ante, ants	AE1 N T	ˈænt
a/aunt.txt	1	m n	aunt	ante, ants	AO1 N T	ˈɔnt
a/award.txt	2	v	award	to aüarde -s -d -ing	AH0 W AO1 R D	əˈwɔɹd
a/alter.txt	1	v	alter	to alter altre(s altred altering	AO1 L T ER0	ˈɔltɚ
a/alter.txt	2	f n	alteration	alterâcion -s	AO2 L T ER0 EY1 SH AH0 N	ˌɔltɚˈeɪʃən
a/alter.txt	3	adj	alternate	alternate -ly	AO1 L T ER0 N AH0 T	ˈɔltɚnət
a/alter.txt	3	adj	alternate	alternate -ly	AO1 L T ER0 N EY2 T	ˈɔltɚˌneɪt
a/alter.txt	4	m n	alternate	alternate, alternats	AO1 L T ER0 N AH0 T	ˈɔltɚnət
a/alter.txt	4	m n	alternate	alternate, alternats	AO1 L T ER0 N EY2 T	ˈɔltɚˌneɪt
a/alter.txt	5	v	alternate	to alternait (v) -s -d -ing	AO1 L T ER0 N AH0 T	ˈɔltɚnət
a/alter.txt	5	v	alternate	to alternait (v) -s -d -ing	AO1 L T ER0 N EY2 T	ˈɔltɚˌneɪt
a/alter.txt	6	f n	alternation	alternâcion -s	AO1 L T ER0 N EY2 SH AH0 N	ˈɔltɚˌneɪʃən
a/alter.txt	7	adj	alternative	altênatif -vly -ness	AO0 L T ER1 N AH0 T IH0 V	ɔlˈtɝnətɪv
a/alter.txt	8	f n	alternative	altênatif -s	AO0 L T ER1 N AH0 T IH0 V	ɔlˈtɝnətɪv
a/arraign.txt	1	v	arraign	to arrâne -s -d -ing	ER0 EY1 N	ɚˈeɪn
a/arraign.txt	2	f n	arraignment	arrânement -s	ER0 EY1 N M AH0 N T	ɚˈeɪnmənt
a/agriculture.txt	1	m n	agriculture	agriculțure, agriculțurs	AE1 G R IH0 K AH2 L CH ER0	ˈæɡɹɪˌkʌltʃɚ
a/agriculture.txt	2	adj	agricultural	agriculțural	AE2 G R AH0 K AH1 L CH ER0 AH0 L	ˌæɡɹəˈkʌltʃɚəl
a/agriculture.txt	2	adj	agricultural	agriculțural	AE2 G R IH0 K AH1 L CH ER0 AH0 L	ˌæɡɹɪˈkʌltʃɚəl
a/agriculture.txt	3	adj	agrarian	agrârian	AH0 G R EH1 R IY0 AH0 N	əˈɡɹɛɹiən
a/atypical.txt	1	adj	atypical	âtypical	EY2 T IH1 P IH0 K AH0 L	ˌeɪˈtɪpɪkəl
a/atypical.txt	2	f n	atypicality	âtypicaletie -is		
a/across.txt	1	prep	across	across	AH0 K R AO1 S	əˈkɹɔs
a/appetite.txt	1	m n	appetite	appetît -s	AE1 P AH0 T AY2 T	ˈæpəˌtaɪt
a/anvil.txt	1	m n	anvil	anvele, anvils	AE1 N V AH0 L	ˈænvəl
a/abscess.txt	1	m n	abscess	abscess -es	AE1 B S EH2 S	ˈæbˌsɛs
a/attain.txt	1	v	attain	to attaine -s -d -ing	AH0 T EY1 N	əˈteɪn
a/attain.txt	2	adj	attainable	attaînable	AH0 T EY1 N AH0 B AH0 L	əˈteɪnəbəl
a/attain.txt	3	f n	attainment	attainement -s	AH0 T EY1 N M AH0 N T	əˈteɪnmənt
a/armada.txt	1	f n	armada	armáda -s	AA0 R M AA1 D AH0	ɑɹˈmɑdə
a/armada.txt	2	f n	armadillo	armadillo -s	AA2 R M AH0 D IH1 L OW0	ˌɑɹməˈdɪloʊ
a/armada.txt	3	m n	armistice	ármistice -s	AA1 R M AH0 S T AH0 S	ˈɑɹməstəs
a/adjust.txt	1	v	adjust	to ajoste -s -d -ing	AH0 JH AH1 S T	əˈdʒʌst
a/adjust.txt	2	adj	adjustable	ajostable	AH0 JH AH1 S T AH0 B AH0 L	əˈdʒʌstəbəl
a/adjust.txt	3	f n	adjustment	ajostement -s	AH0 JH AH1 S T M AH0 N T	əˈdʒʌstmənt
a/adjust.txt	4	f n	adjustor	ajoster -s		
a/adjust.txt	4	f n	adjuster	ajoster -s	AH0 JH AH1 S T ER0	əˈdʒʌstɚ
a/aggression.txt	1	adj	aggressive	aggressif	AH0 G R EH1 S IH0 V	əˈɡɹɛsɪv
a/aggression.txt	2	f n	aggression	aggression -s	AH0 G R EH1 SH AH0 N	əˈɡɹɛʃən
a/aggression.txt	3	v	aggress	to aggresse -s -d -ing	AH0 G R EH1 S	əˈɡɹɛs
a/aggression.txt	4	f n	aggressor	aggressor -s	AH0 G R EH1 S ER0	əˈɡɹɛsɚ
a/adjure.txt	1	v	adjure	to adjûre -s -d -ing		
a/adjure.txt	2	f n	adjuration	adjurâcion -s		
a/amalgam.txt	1	f n	amalgam	amalgamâcion -s	AH0 M AE1 L G AH0 M	əˈmælɡəm
a/amalgam.txt	1	f n	amalgamation	amalgamâcion -s	AH0 M AE2 L G AH0 M EY1 SH AH0 N	əˌmælɡəˈmeɪʃən
a/amalgam.txt	2	v	amalgamation	to amàlgamait -s -ed -ing	AH0 M AE2 L G AH0 M EY1 SH AH0 N	əˌmælɡəˈmeɪʃən
a/amalgam.txt	2	v	amalgamate	to amàlgamait -s -ed -ing	AH0 M AE1 L G AH0 M EY2 T	əˈmælɡəˌmeɪt
a/amalgam.txt	3	f n	amalgam	amàlgam -s	AH0 M AE1 L G AH0 M	əˈmælɡəm
a/amalgam.txt	4	v	amalgamize	to amàlgamyse -s -d -ing		
a/asthma.txt	2	adj	asthmatic	asmatic	AE0 Z M AE1 T IH0 K	æzˈmætɪk
a/anoint.txt	1	v	anoint	to enointe -s -d -ing	AH0 N OY1 N T	əˈnɔɪnt
a/announce.txt	1	v	announce	to annônce -s -d -ing	AH0 N AW1 N S	əˈnaʊns
a/announce.txt	3	f n	announcer	annônceur -s	AH0 N AW1 N S ER0	əˈnaʊnsɚ
a/archer.txt	1	m n	archer	arc̃er -s	AA1 R CH ER0	ˈɑɹtʃɚ
a/archer.txt	2	adj, m n	archery	arc̃ery; arc̃erie -is	AA1 R CH ER0 IY0	ˈɑɹtʃɚi
a/ambivalent.txt	1	adj	ambivalent	ambïvalent	AE0 M B IH1 V AH0 L AH0 N T	æmˈbɪvələnt
a/ambivalent.txt	2	f n	ambivalence	ambïvalence	AE0 M B IH1 V AH0 L AH0 N S	æmˈbɪvələns
a/amateur.txt	2	adj	amateurish	amatiorisce -ly -ness	AE1 M AH0 CH ER2 IH0 SH	ˈæməˌtʃɝɪʃ
a/acetic.txt	1	adj	acetic	acetic	AH0 S EH1 T IH0 K	əˈsɛtɪk
a/acetic.txt	1	adj	acetic	acetic	AH0 S IY1 T IH0 K	əˈsitɪk
a/appraise.txt	1	v	appraise	to appreise -s -d -ing	AH0 P R EY1 Z	əˈpɹeɪz
a/appraise.txt	2	f n	appraisal	appréisal -s	AH0 P R EY1 Z AH0 L	əˈpɹeɪzəl
a/arouse.txt	1	v	arouse	to arôuse -s -d -ing	ER0 AW1 Z	ɚˈaʊz
a/arouse.txt	2	f n	arousal	arôusal -s	ER0 AW1 Z AH0 L	ɚˈaʊzəl
a/accessory.txt	1	f n	accessory	accessorie -is	AE0 K S EH1 S ER0 IY0	ækˈsɛsɚi
a/accessory.txt	2	adj	accessory	accessory	AE0 K S EH1 S ER0 IY0	ækˈsɛsɚi
a/accessory.txt	3	v	accessorize	to accessoryse -s -d -ing	AE0 K S EH1 S ER0 AY2 Z	ækˈsɛsɚˌaɪz
a/aluminum.txt	1	f n	aluminium	alúminom	AH0 L UW1 M IH0 N AH0 M	əˈlumɪnəm
a/aluminum.txt	1	f n	aluminium	alúminom	AE2 L Y UW1 M IH0 N AH0 M	ˌælˈjumɪnəm
a/aluminum.txt	2	m n	alum	alom	AE1 L AH0 M	ˈæləm
a/aluminum.txt	2	m n	alum	alom	AH0 L AH1 M	əˈlʌm
a/aluminum.txt	3	f n	aluminum	alúminom	AH0 L UW1 M AH0 N AH0 M	əˈlumənəm
a/accrue.txt	1	v	accrue	to accreue -s -d -ing	AH0 K R UW1	əˈkɹu
a/accrue.txt	2	f n	accrual	accreual -s	AH0 K R UW1 AH0 L	əˈkɹuəl
a/accrue.txt	3	f n	accretion	accrícion -s	AH0 K R IY1 SH AH0 N	əˈkɹiʃən
a/ambition.txt	1	f n	ambition	ambicion -s	AE0 M B IH1 SH AH0 N	æmˈbɪʃən
a/ambition.txt	2	v	ambition	to ambicione -s -d -ing	AE0 M B IH1 SH AH0 N	æmˈbɪʃən
a/ambition.txt	3	adj	ambitious	ambiceus -ly	AE0 M B IH1 SH AH0 S	æmˈbɪʃəs
a/anticipate.txt	1	v	anticipate	to anticipait -s -ed -ing	AE0 N T IH1 S AH0 P EY2 T	ænˈtɪsəˌpeɪt
a/anticipate.txt	2	f n	anticipation	anticipâcion	AE0 N T IH2 S AH0 P EY1 SH AH0 N	ænˌtɪsəˈpeɪʃən
a/anticipate.txt	2	f n	anticipation	anticipâcion	AE0 N T IH0 S AH0 P EY1 SH AH0 N	æntɪsəˈpeɪʃən
a/anticipate.txt	3	adj	anticipatory	anticipatory	AE0 N T IH1 S AH0 P AH0 T AO2 R IY0	ænˈtɪsəpəˌtɔɹi
a/accumulate.txt	1	v	accumulate	to accúmulait -s -ed -ing	AH0 K Y UW1 M Y AH0 L EY2 T	əˈkjumjəˌleɪt
a/accumulate.txt	2	f n	accumulation	accumulâcion -s	AH0 K Y UW2 M Y AH0 L EY1 SH AH0 N	əˌkjumjəˈleɪʃən
a/accumulate.txt	3	adj	accumulative	accúmulatif	AH0 K Y UW1 M Y AH0 L EY2 T IH0 V	əˈkjumjəˌleɪtɪv
a/aspirin.txt	1	m n	aspirin	asperin	AE1 S P R IH0 N	ˈæspɹɪn
a/amaze.txt	1	v	amaze	to amâse -s -d -ing	AH0 M EY1 Z	əˈmeɪz
a/amaze.txt	2	f n	amazement	amâsement -s	AH0 M EY1 Z M AH0 N T	əˈmeɪzmənt
a/accelerate.txt	1	v	accelerate	to accèlerait -s -ed -ing	AE0 K S EH1 L ER0 EY2 T	ækˈsɛlɚˌeɪt
a/accelerate.txt	2	f n	acceleration	accelerâcion -s	AE2 K S EH2 L ER0 EY1 SH AH0 N	ˌækˌsɛlɚˈeɪʃən
a/accelerate.txt	3	f n	accelerator	accèleraitor -s	AE0 K S EH1 L ER0 EY2 T ER0	ækˈsɛlɚˌeɪtɚ
a/accelerate.txt	4	adj	accelerant	accèlerant	AE0 K S EH1 L ER0 AH0 N T	ækˈsɛlɚənt
a/accelerate.txt	5	f n	accelerant	accèlerant -s	AE0 K S EH1 L ER0 AH0 N T	ækˈsɛlɚənt
a/attract.txt	1	v	attract	to attracte attracs -d -ing	AH0 T R AE1 K T	əˈtɹækt
a/attract.txt	2	f n	attraction	attraccion -s	AH0 T R AE1 K SH AH0 N	əˈtɹækʃən
a/attract.txt	3	adj	attractive	attractif	AH0 T R AE1 K T IH0 V	əˈtɹæktɪv
a/absolve.txt	1	v	absolve	to absolve -s -d -ing	AH0 B Z AA1 L V	əbˈzɑlv
a/absolve.txt	1	v	absolve	to absolve -s -d -ing	AE0 B Z AA1 L V	æbˈzɑlv
a/absolve.txt	2	f n	absolution	absolúcion -s	AE2 B S AH0 L UW1 SH AH0 N	ˌæbsəˈluʃən
a/abbreviate.txt	1	v	abbreviate	to abbrieviait -s -ed -ing	AH0 B R IY1 V IY0 EY2 T	əˈbɹiviˌeɪt
a/abbreviate.txt	2	f n	abbreviation	abbrieviâcion -s	AH0 B R IY2 V IY0 EY1 SH AH0 N	əˌbɹiviˈeɪʃən
a/ascend.txt	1	v	ascend	to ascende -s -d -ing	AH0 S EH1 N D	əˈsɛnd
a/ascend.txt	2	f n	ascent	ascente, ascènts	AH0 S EH1 N T	əˈsɛnt
a/ascend.txt	3	f n	ascendancy	ascendencie -is	AH0 S EH1 N D AH0 N S IY0	əˈsɛndənsi
a/anorak.txt	1	m n	anorak	anorach -s	AE1 N ER0 AE2 K	ˈænɚˌæk
a/asperse.txt	1	v	asperse	to asperse -s -d -ing		
a/asperse.txt	2	f n	aspersion	aspêsion -s	AH0 S P ER1 ZH AH0 N	əˈspɝʒən
a/amputate.txt	1	v	amputate	to amputait -s -ed -ing	AE1 M P Y AH0 T EY2 T	ˈæmpjəˌteɪt
a/amputate.txt	3	f n	amputee	amputíe, amputís	AE1 M P Y AH0 T IY1	ˈæmpjəˈti
a/apostle.txt	2	adj	apostolic	apostolic	AE2 P AH0 S T AO1 L IH0 K	ˌæpəˈstɔlɪk
a/apostle.txt	3	f n	apostleship	aposselscip -s		
a/ant.txt	1	m n	ant	ante, ànts	AE1 N T	ˈænt
a/adder.txt	1	m n	adder	adre, adars	AE1 D ER0	ˈædɚ
a/adversary.txt	1	m n	adversary	adversarie -is	AE1 D V ER0 S EH2 R IY0	ˈædvɚˌsɛɹi
a/adversary.txt	2	adj	adversarial	adversârial	AE2 D V ER0 S EH1 R IY0 AH0 L	ˌædvɚˈsɛɹiəl
a/artery.txt	1	m n	artery	arterie, arteris	AA1 R T ER0 IY0	ˈɑɹtɚi
a/affection.txt	1	f n	affection	affeccion -s	AH0 F EH1 K SH AH0 N	əˈfɛkʃən
a/affection.txt	2	adj	affectionate	affeccionate -ly	AH0 F EH1 K SH AH0 N AH0 T	əˈfɛkʃənət
a/affection.txt	2	adj	affectionate	affeccionate -ly	AH0 F EH1 K SH AH0 N IH0 T	əˈfɛkʃənɪt
a/atrocity.txt	1	adj	atrocious	atróceus -ly	AH0 T R OW1 SH AH0 S	əˈtɹoʊʃəs
a/atrocity.txt	2	f n	atrocity	atrocetie -is	AH0 T R AA1 S AH0 T IY0	əˈtɹɑsəti
a/above.txt	1	prep	above	above	AH0 B AH1 V	əˈbʌv
a/accord.txt	1	v	accord	to accorde -s -d -ing	AH0 K AO1 R D	əˈkɔɹd
a/accord.txt	2	f n	accord	accorde, accórds	AH0 K AO1 R D	əˈkɔɹd
a/accord.txt	3	f n	accordance	accórdance -s	AH0 K AO1 R D AH0 N S	əˈkɔɹdəns
a/accord.txt	4	f n	accordion	accórdion -s	AH0 K AO1 R D IY0 AH0 N	əˈkɔɹdiən
a/approximate.txt	1	v	approximate	to approximait -s -ed -ing	AH0 P R AA1 K S AH0 M AH0 T	əˈpɹɑksəmət
a/approximate.txt	1	v	approximate	to approximait -s -ed -ing	AH0 P R AA1 K S AH0 M EY2 T	əˈpɹɑksəˌmeɪt
a/approximate.txt	2	adj	approximate	approximate -ly	AH0 P R AA1 K S AH0 M AH0 T	əˈpɹɑksəmət
a/approximate.txt	2	adj	approximate	approximate -ly	AH0 P R AA1 K S AH0 M EY2 T	əˈpɹɑksəˌmeɪt
a/approximate.txt	3	f n	approximation	approximâcion -s	AH0 P R AA2 K S AH0 M EY1 SH AH0 N	əˌpɹɑksəˈmeɪʃən
a/abbey.txt	1	m n	abbey	abie, abis	AE1 B IY0	ˈæbi
a/affluent.txt	1	adj	affluent	àfluent	AE1 F L UW0 AH0 N T	ˈæfluənt
a/affluent.txt	2	m n	affluence	àfluence	AE1 F L UW0 AH0 N S	ˈæfluəns
a/autochthonous.txt	1	adj	autochthonous	autochþonus		
a/alcove.txt	1	m n	alcove	alcoave -s	AE1 L K OW2 V	ˈælˌkoʊv
a/anus.txt	2	adj	anal	ânal -ly	EY1 N AH0 L	ˈeɪnəl
a/assail.txt	1	v	assail	to assaile -s -d -ing	AH0 S EY1 L	əˈseɪl
a/assail.txt	3	adj, m n	salient	saîlient -s	S EY1 L IY0 AH0 N T	ˈseɪliənt
a/assail.txt	3	adj, m n	salient	saîlient -s	S EY1 L Y AH0 N T	ˈseɪljənt
a/assail.txt	4	m n	saliency	saîliencie -is		
a/assail.txt	5	m n	salience	saîlience -s		
a/avenue.txt	1	m n	avenue	avenue, avenuis	AE1 V AH0 N UW2	ˈævəˌnu
a/allay.txt	1	v	allay	to allaie -s -d allaying	AH0 L EY1	əˈleɪ
a/apostrophe.txt	1	f n	apostrophe	apostrofie, apostrofis	AH0 P AA1 S T R AH0 F IY2	əˈpɑstɹəˌfi
a/anthropomorphism.txt	1	f n	anthropomorphism	anþropomorphism	AE2 N TH R AH0 P AH0 M AO1 R F IH0 Z AH0 M	ˌænθɹəpəˈmɔɹfɪzəm
a/anthropomorphism.txt	2	adj	anthropomorphic	anþropomorphic	AE2 N TH R AH0 P AH0 M AO1 R F IH0 K	ˌænθɹəpəˈmɔɹfɪk
a/accouter.txt	1	v	accountre	to accoute -s -d -ing		
a/accouter.txt	1	v	accouter	to accoute -s -d -ing		
a/ambiguous.txt	1	adj	ambiguous	ambigueus -ly -ness	AE0 M B IH1 G Y UW0 AH0 S	æmˈbɪɡjuəs
a/ambiguous.txt	2	f n	ambiguity	ambiguetie -is	AE2 M B IH0 G Y UW1 AH0 T IY0	ˌæmbɪɡˈjuəti
a/arcane.txt	1	adj, f n	arcane	arcâne	AA2 R K EY1 N	ˌɑɹˈkeɪn
a/assemble.txt	1	v	assemble	to assemble -s -d -ing	AH0 S EH1 M B AH0 L	əˈsɛmbəl
a/assemble.txt	2	f n	assembly	assemblie, assemblis	AH0 S EH1 M B L IY0	əˈsɛmbli
a/askew.txt	1	adv	askew	ascú	AH0 S K Y UW1	əˈskju
a/attack.txt	1	v	attack	to attaque attac(s -d -ing	AH0 T AE1 K	əˈtæk
a/attack.txt	2	f n	attack	attaque, attacs	AH0 T AE1 K	əˈtæk
a/astroid.txt	1	m n	astroid	astroid -s		
a/although.txt	1	conj	all though	alþó	AO1 L DH OW1	ˈɔlˈðoʊ
a/although.txt	1	conj	although	alþó	AO2 L DH OW1	ˌɔlˈðoʊ
a/arrive.txt	1	v	arrive	to arrîve -s -d -ing	ER0 AY1 V	ɚˈaɪv
a/arrive.txt	2	f n	arrival	arrîval -s	ER0 AY1 V AH0 L	ɚˈaɪvəl
a/apparel.txt	1	f n	apparel	appârele,  appârels	AH0 P AE1 R AH0 L	əˈpæɹəl
a/apparel.txt	1	f n	apparel	appârele,  appârels	AH0 P EH1 R AH0 L	əˈpɛɹəl
a/apparel.txt	2	v	apparel	to appârele -s -d appâreling	AH0 P AE1 R AH0 L	əˈpæɹəl
a/apparel.txt	2	v	apparel	to appârele -s -d appâreling	AH0 P EH1 R AH0 L	əˈpɛɹəl
a/almond.txt	1	m n	almond	almand -s	AA1 M AH0 N D	ˈɑmənd
a/alphabet.txt	1	m n	alphabet	alphabet -s	AE1 L F AH0 B EH2 T	ˈælfəˌbɛt
a/advise.txt	1	f n	advice	advîse	AE0 D V AY1 S	ædˈvaɪs
a/advise.txt	1	f n	advice	advîse	AH0 D V AY1 S	ədˈvaɪs
a/advise.txt	2	v	advise	to advîse -s -d -ing	AE0 D V AY1 Z	ædˈvaɪz
a/advise.txt	2	v	advise	to advîse -s -d -ing	AH0 D V AY1 Z	ədˈvaɪz
a/advise.txt	3	adj	advisory	advîsery	AE0 D V AY1 Z ER0 IY0	ædˈvaɪzɚi
a/advise.txt	4	f n	advisory	advîserie, advîseris	AE0 D V AY1 Z ER0 IY0	ædˈvaɪzɚi
a/advise.txt	5	f n	adviser	advîser -s	AE0 D V AY1 Z ER0	ædˈvaɪzɚ
a/apparatus.txt	1	f n	apparatus	aparàtus	AE2 P ER0 AE1 T AH0 S	ˌæpɚˈætəs
a/ascertain.txt	1	v	ascertain	to ascertaine -s -d -ing	AE2 S ER0 T EY1 N	ˌæsɚˈteɪn
a/ascertain.txt	2	adj	ascertainable	ascertaînable		
a/ascertain.txt	3	f n	ascertainment	ascertainement		
a/act.txt	1	v	act	to acte acs -d -ing	AE1 K T	ˈækt
a/act.txt	2	m n	act	acte, acs	AE1 K T	ˈækt
a/act.txt	3	m n	actor	actor -s	AE1 K T ER0	ˈæktɚ
a/act.txt	4	adj	actual	acţual	AE1 K CH AH0 W AH0 L	ˈæktʃəwəl
a/act.txt	4	adj	actual	acţual	AE1 K SH AH0 L	ˈækʃəl
a/act.txt	5	adv	actually	acţally	AE1 K CH UW2 AH0 L IY0	ˈækˌtʃuəli
a/act.txt	5	adv	actually	acţally	AE1 K CH L IY0	ˈæktʃli
a/act.txt	5	adv	actually	acţally	AE1 K SH AH0 L IY0	ˈækʃəli
a/act.txt	6	f n	actuality	acţualetie -is	AE2 K CH UW0 AE1 L AH0 T IY2	ˌæktʃuˈæləˌti
a/act.txt	7	v	actualize	to acţualyse -s -d -ing	AE1 K CH UW2 AH0 L AY2 Z	ˈækˌtʃuəˌlaɪz
a/act.txt	8	f n	actualization	acţualisâcion -s		
a/act.txt	9	adj	active	actif -vly	AE1 K T IH0 V	ˈæktɪv
a/act.txt	10	adv	active	activly	AE1 K T IH0 V	ˈæktɪv
a/act.txt	11	v	activate	to activait -s -ed -ing	AE1 K T AH0 V EY2 T	ˈæktəˌveɪt
a/act.txt	12	f n	activation	activâcion -s	AE2 K T AH0 V EY1 SH AH0 N	ˌæktəˈveɪʃən
a/act.txt	13	m n	action	accion -s	AE1 K SH AH0 N	ˈækʃən
a/auction.txt	1	m n	auction	auccion -s	AA1 K SH AH0 N	ˈɑkʃən
a/auction.txt	1	m n	auction	auccion -s	AO1 K SH AH0 N	ˈɔkʃən
a/auction.txt	2	v	auction	to auccione -s -d -ing	AA1 K SH AH0 N	ˈɑkʃən
a/auction.txt	2	v	auction	to auccione -s -d -ing	AO1 K SH AH0 N	ˈɔkʃən
a/awkward.txt	1	adj	awkward	auquard	AA1 K W ER0 D	ˈɑkwɚd
a/awkward.txt	1	adj	awkward	auquard	AO1 K W ER0 D	ˈɔkwɚd
a/aught.txt	1	pron, adj, adv	aught	auht	AO1 T	ˈɔt
a/about.txt	1	prep	about	abaut	AH0 B AW1 T	əˈbaʊt
a/Alabama.txt	1	f n	Alabama	Alabàma	AE2 L AH0 B AE1 M AH0	ˌæləˈbæmə
a/Alabama.txt	2	adj	alabamian	alabam̃an		
a/abrade.txt	1	f n	abrasion	abrâsion -s	AH0 B R EY1 ZH AH0 N	əˈbɹeɪʒən
a/abrade.txt	2	adj, f n	abrasive	abrâssif -vly -ness	AH0 B R EY1 S IH0 V	əˈbɹeɪsɪv
a/abrade.txt	3	v	abrade	to abrâde -s -d -ing	AE0 B R EY1 D	æˈbɹeɪd
a/asset.txt	1	m n	asset	assete, assets	AE1 S EH2 T	ˈæˌsɛt
a/age.txt	2	v	age	to âge -s -d -ing	EY1 JH	ˈeɪdʒ
a/Alsace.txt	1	adj	Alsatian	alsâcian	AE0 L S EY1 SH AH0 N	ælˈseɪʃən
a/Alsace.txt	2	f n	Alsatian	alsâcian -s	AE0 L S EY1 SH AH0 N	ælˈseɪʃən
a/agoraphobia.txt	1	f n	agoraphobia	agraphobia -s	AH0 G AO2 R AH0 F OW1 B IY0 AH0	əˌɡɔɹəˈfoʊbiə
a/agoraphobia.txt	2	adj, f n	agoraphobic	agraphobic		
a/agoraphobia.txt	3	m n	agoraphobe	agraphobe, agraphoabs		
a/appear.txt	1	v	appear	to appier appire(s appired appiering	AH0 P IH1 R	əˈpɪɹ
a/appear.txt	2	f n	appearance	appirence -s	AH0 P IH1 R AH0 N S	əˈpɪɹəns
a/appear.txt	3	adj	apparent	apperent -ly	AH0 P EH1 R AH0 N T	əˈpɛɹənt
a/ash.txt	1	m n	ash	asce -s	AE1 SH	ˈæʃ
a/appease.txt	1	v	appease	to appise -s -d -ing	AH0 P IY1 Z	əˈpiz
a/appease.txt	2	f n	appeasement	appisement -s	AH0 P IY1 Z M AH0 N T	əˈpizmənt
a/alleviate.txt	1	v	alleviate	to allieviait -s -ed -ing	AH0 L IY1 V IY0 EY2 T	əˈliviˌeɪt
a/alleviate.txt	2	f n	alleviation	allieviâcion -s	AH0 L IY2 V IY0 EY1 SH AH0 N	əˌliviˈeɪʃən
a/aerie.txt	1	m n	eyrie	ârie, âris	EH1 R IY0	ˈɛɹi
a/aerie.txt	1	m n	aerie	ârie, âris	EH1 R IY0	ˈɛɹi
a/adjective.txt	1	m n, adj	adjective	adjetif -s	AE1 JH IH0 K T IH0 V	ˈædʒɪktɪv
a/attend.txt	1	v	attend	to attende -s -d -ing	AH0 T EH1 N D	əˈtɛnd
a/attend.txt	2	f n	attendance	attendence	AH0 T EH1 N D AH0 N S	əˈtɛndəns
a/attend.txt	3	adj, f n	attendant	attendent -s	AH0 T EH1 N D AH0 N T	əˈtɛndənt
a/attend.txt	4	f n	attendee	attendíe, attendís	AH0 T EH1 N D IY1	əˈtɛnˈdi
a/aquamarine.txt	1	adj	aquamarine	aquamarine	AA2 K W AH0 M ER0 IY1 N	ˌɑkwəmɚˈin
a/aquamarine.txt	2	f n	aquamarine	aquamarine, aquamaríns	AA2 K W AH0 M ER0 IY1 N	ˌɑkwəmɚˈin
a/article.txt	2	v	article	to article -s -d -ing	AA1 R T AH0 K AH0 L	ˈɑɹtəkəl
a/article.txt	2	v	article	to article -s -d -ing	AA1 R T IH0 K AH0 L	ˈɑɹtɪkəl
a/article.txt	4	v	articulate	to artïculait -s -ed -ing	AA0 R T IH1 K Y AH0 L EY2 T	ɑɹˈtɪkjəˌleɪt
a/article.txt	4	v	articulate	to artïculait -s -ed -ing	AA0 R T IH1 K Y AH0 L AH0 T	ɑɹˈtɪkjələt
a/article.txt	5	adj	articulate	artïculate -ly	AA0 R T IH1 K Y AH0 L EY2 T	ɑɹˈtɪkjəˌleɪt
a/article.txt	5	adj	articulate	artïculate -ly	AA0 R T IH1 K Y AH0 L AH0 T	ɑɹˈtɪkjələt
a/article.txt	6	adj	articular	artïcular	AA0 R T IH1 K Y AH0 L ER2	ɑɹˈtɪkjəˌlɝ
a/atmosphere.txt	1	m n	atmosphere	atmosfire, atmosfiars	AE1 T M AH0 S F IH2 R	ˈætməˌsfɪɹ
a/atmosphere.txt	2	adj	atmospheric	atmosfíric	AE2 T M AH0 S F EH1 R IH0 K	ˌætməˈsfɛɹɪk
a/ally.txt	1	m n	ally	allîe, allîs	AE1 L AY0	ˈælaɪ
a/ally.txt	1	m n	ally	allîe, allîs	AH0 L AY1	əˈlaɪ
a/ally.txt	2	v	ally	to allîe -s -d allyhing	AE1 L AY0	ˈælaɪ
a/ally.txt	2	v	ally	to allîe -s -d allyhing	AH0 L AY1	əˈlaɪ
a/ally.txt	4	v	alliance	to allîance -s -d -ing	AH0 L AY1 AH0 N S	əˈlaɪəns
a/alley.txt	1	m n	alley	alie, alis	AE1 L IY0	ˈæli
a/accede.txt	1	v	accede	to accide -s -d -ing	AE0 K S IY1 D	ækˈsid
a/accede.txt	2	f n	accession	accession -s	AH0 K S EH1 SH AH0 N	əkˈsɛʃən
a/accede.txt	3	v	accession	to accessione -s -d -ing	AH0 K S EH1 SH AH0 N	əkˈsɛʃən
a/anathema.txt	2	v	anathematize	to anàþematyse -s -d -ing		
a/anathema.txt	3	f n	anathematization	anaþematisâcion -s		
a/atheist.txt	1	m n	atheism	âþyism -s	AH0 TH AY1 S AH0 M	əˈθaɪsəm
a/atheist.txt	1	m n	atheism	âþyism -s	EY1 TH IY0 IH2 Z AH0 M	ˈeɪθiˌɪzəm
a/atheist.txt	2	m n	atheist	âþyist -s	EY1 TH IY0 AH0 S T	ˈeɪθiəst
a/atheist.txt	3	adj	atheistic	âþyistic -ly	EY2 TH IY0 IH1 S T IH0 K	ˌeɪθiˈɪstɪk
a/apocryphal.txt	1	adj	apocryphal	apocrifal	AH0 P AA1 K R AH0 F AH0 L	əˈpɑkɹəfəl
a/amulet.txt	1	m n	amulet	am̃olet -s	AE1 M Y AH0 L AH0 T	ˈæmjələt
a/adjoin.txt	1	v	adjoin	to ajoine -s -d -ing	AH0 JH OY1 N	əˈdʒɔɪn
a/ambassador.txt	1	f n	embassador	embàssadre, embàssadors		
a/ambassador.txt	1	f n	ambassador	embàssadre, embàssadors	AE0 M B AE1 S AH0 D ER0	æmˈbæsədɚ
a/ammunition.txt	1	f n	ammunition	am̃onicion -s	AE2 M Y AH0 N IH1 SH AH0 N	ˌæmjəˈnɪʃən
a/ammunition.txt	2	m n	ammo	ammo	AE1 M OW2	ˈæˌmoʊ
a/astronomy.txt	1	f n	astronomy	astronomie	AH0 S T R AA1 N AH0 M IY0	əˈstɹɑnəmi
a/acquit.txt	1	v	acquit	to acquit -s -ed -ing	AH0 K W IH1 T	əˈkwɪt
a/acquit.txt	2	f n	acquittal	acquittal -s	AH0 K W IH1 T AH0 L	əˈkwɪtəl
a/acquit.txt	3	f n	acquittance	acquittance -s		
a/academy.txt	1	f n	academy	academie, academis	AH0 K AE1 D AH0 M IY0	əˈkædəmi
a/academy.txt	2	adj	academic	academic	AE2 K AH0 D EH1 M IH0 K	ˌækəˈdɛmɪk
a/academy.txt	3	f n	academe	acadime, acadíms	AE1 K AH0 D IY2 M	ˈækəˌdim
a/academy.txt	4	f n	academia	acadímia	AE2 K AH0 D IY1 M IY0 AH0	ˌækəˈdimiə
a/associate.txt	1	v	associate	to assoçiait -s -ed -ing	AH0 S OW1 S IY0 AH0 T	əˈsoʊsiət
a/associate.txt	1	v	associate	to assoçiait -s -ed -ing	AH0 S OW1 S IY0 EY2 T	əˈsoʊsiˌeɪt
a/associate.txt	1	v	associate	to assoçiait -s -ed -ing	AH0 S OW1 SH IY0 AH0 T	əˈsoʊʃiət
a/associate.txt	1	v	associate	to assoçiait -s -ed -ing	AH0 S OW1 SH IY0 EY2 T	əˈsoʊʃiˌeɪt
a/associate.txt	2	f n	association	assoçiâcion -s	AH0 S OW2 S IY0 EY1 SH AH0 N	əˌsoʊsiˈeɪʃən
a/associate.txt	2	f n	association	assoçiâcion -s	AH0 S OW2 SH IY0 EY1 SH AH0 N	əˌsoʊʃiˈeɪʃən
a/associate.txt	3	adj	associative	assoçiatif	AH0 S OW1 SH AH0 T IH2 V	əˈsoʊʃəˌtɪv
a/associate.txt	4	adj	associate	assoçiate	AH0 S OW1 S IY0 AH0 T	əˈsoʊsiət
a/associate.txt	4	adj	associate	assoçiate	AH0 S OW1 S IY0 EY2 T	əˈsoʊsiˌeɪt
a/associate.txt	4	adj	associate	assoçiate	AH0 S OW1 SH IY0 AH0 T	əˈsoʊʃiət
a/associate.txt	4	adj	associate	assoçiate	AH0 S OW1 SH IY0 EY2 T	əˈsoʊʃiˌeɪt
a/associate.txt	5	f n	associate	assoçiate, assoçiats	AH0 S OW1 S IY0 AH0 T	əˈsoʊsiət
a/associate.txt	5	f n	associate	assoçiate, assoçiats	AH0 S OW1 S IY0 EY2 T	əˈsoʊsiˌeɪt
a/associate.txt	5	f n	associate	assoçiate, assoçiats	AH0 S OW1 SH IY0 AH0 T	əˈsoʊʃiət
a/associate.txt	5	f n	associate	assoçiate, assoçiats	AH0 S OW1 SH IY0 EY2 T	əˈsoʊʃiˌeɪt
a/assure.txt	1	v	assure	to asseure -s -d -ing	AH0 SH UH1 R	əˈʃʊɹ
a/assure.txt	2	f n	assurance	asseurance -s	AH0 SH UH1 R AH0 N S	əˈʃʊɹəns
a/affair.txt	1	f n	affair	afaire, afaîrs	AH0 F EH1 R	əˈfɛɹ
a/acne.txt	1	m n	acne	acnie	AE1 K N IY0	ˈækni
a/alligator.txt	1	m n	alligator	aligâtre, aligâtars	AE1 L AH0 G EY2 T ER0	ˈæləˌɡeɪtɚ
a/avow.txt	1	v	avow	to avôe -s -d avôuing	AH0 V AW1	əˈvaʊ
a/avow.txt	2	v	disavow	to disavôe -s -d disavôuing	D IH2 S AH0 V AW1	ˌdɪsəˈvaʊ
a/avow.txt	3	f n	avowal	avôale, avôals		
a/appeal.txt	1	v	appeal	to appiele -s -d -ing	AH0 P IY1 L	əˈpil
a/appeal.txt	2	f n	appeal	appiele, appiels	AH0 P IY1 L	əˈpil
a/appeal.txt	3	f n	appellant	appellant -s	AH0 P EH1 L IH0 N T	əˈpɛlɪnt
a/athlete.txt	1	m n	athlete	aþlite, aþliets	AE1 TH L IY2 T	ˈæθˌlit
a/athlete.txt	2	adj, f n	athletic	aþletic, aþletics	AE0 TH L EH1 T IH0 K	æθˈlɛtɪk
a/athlete.txt	3	f n	athleticism	aþleticism	AE0 TH L EH1 T IH0 S IH2 Z AH0 M	æθˈlɛtɪˌsɪzəm
a/acerbic.txt	1	adj	acerbic	acêrbic	AH0 S EH1 R B IH0 K	əˈsɛɹbɪk
a/acerbic.txt	2	f n	acerbity	acêrbetie, acêrbetis		
a/attic.txt	1	m n	attic	attic -s	AE1 T IH0 K	ˈætɪk
a/assent.txt	1	v	assent	to assente -s -d -ing	AH0 S EH1 N T	əˈsɛnt
a/assent.txt	2	f n	assent	assente	AH0 S EH1 N T	əˈsɛnt
a/ale.txt	2	m n	alehouse	eal-hause -s	EY1 L HH AW2 S	ˈeɪlˌhaʊs
a/awning.txt	1	m n	awning	auning	AA1 N IH0 NG	ˈɑnɪŋ
a/attach.txt	1	v	attach	to attac̃e -s -d -ing	AH0 T AE1 CH	əˈtætʃ
a/attach.txt	2	f n	attachment	attac̃ement -s	AH0 T AE1 CH M AH0 N T	əˈtætʃmənt
a/attach.txt	3	adj, f n	attachable	attac̃able -abils		
a/angel.txt	1	m n	angel	ângel -s	EY1 N JH AH0 L	ˈeɪndʒəl
a/angel.txt	2	adj	angelic	angelic	AE2 N JH EH1 L IH0 K	ˌænˈdʒɛlɪk
a/abort.txt	1	v	abort	to aborte -s -d -ing	AH0 B AO1 R T	əˈbɔɹt
a/abort.txt	2	f n	abortion	aborcion -s	AH0 B AO1 R SH AH0 N	əˈbɔɹʃən
a/abort.txt	3	adj	abortive	abórtif	AH0 B AO1 R T IH0 V	əˈbɔɹtɪv
a/acrid.txt	1	adj	acrid	acrid	AE1 K R IH0 D	ˈækɹɪd
a/acrid.txt	2	f n	acridity	acriditie, acriditis		
a/acrid.txt	3	m n	acrimony	acrimonie, acrimonis	AE1 K R IH0 M OW2 N IY0	ˈækɹɪˌmoʊni
a/apron.txt	1	m n	apron	âpron -s	EY1 P R AH0 N	ˈeɪpɹən
a/acquire.txt	1	v	acquire	to acquîer acquîre(s acquîred acquîering	AH0 K W AY1 ER0	əˈkwaɪɚ
a/acquire.txt	2	f n	acquirement	acquîrement -s		
a/acquire.txt	3	f n	acquisition	acqüisicion -s	AE2 K W AH0 Z IH1 SH AH0 N	ˌækwəˈzɪʃən
a/acquire.txt	4	adj	acquisitive	acqüisitif -vly -ness	AH0 K W IH1 Z AH0 T IH0 V	əˈkwɪzətɪv
a/antarctic.txt	1	adj, f n	antarctic	antártic, Antártic	AE0 N T AA1 R K T IH0 K	ænˈtɑɹktɪk
a/antarctic.txt	1	adj, f n	antarctic	antártic, Antártic	AE0 N AA1 R T IH0 K	æˈnɑɹtɪk
a/antarctic.txt	2	adj, m n	arctic	ártic	AA1 R K T IH0 K	ˈɑɹktɪk
a/antarctic.txt	2	adj, m n	arctic	ártic	AA1 R T IH0 K	ˈɑɹtɪk
a/answer.txt	1	v	answer	to ansere -s -d ansering	AE1 N S ER0	ˈænsɚ
a/answer.txt	2	m n	answer	ansere, ansars	AE1 N S ER0	ˈænsɚ
a/answer.txt	3	adj	answerable	anserable	AE1 N S ER0 AH0 B AH0 L	ˈænsɚəbəl
a/answer.txt	4	adj	answerless	anserless		
a/ability.txt	1	f n	ability	abilitie, abilitis	AH0 B IH1 L AH0 T IY2	əˈbɪləˌti
a/ability.txt	2	adj, adv, m n	able	âble	EY1 B AH0 L	ˈeɪbəl
a/Arizona.txt	1	f n	Arizona	Ârizona	EH2 R IH0 Z OW1 N AH0	ˌɛɹɪˈzoʊnə
a/Arizona.txt	2	f n	Arizonan	ârizonan -s	ER0 IH1 Z OW0 N AH0 N	ɚˈɪzoʊnən
a/Arizona.txt	2	f n	Arizonan	ârizonan -s	ER0 IH0 Z OW1 N AH0 N	ɚɪˈzoʊnən
a/assay.txt	1	v	assay	to assaie -s -d assaying	AE1 S IY0	ˈæsi
a/assay.txt	2	m n	assay	assaie, assays	AE1 S IY0	ˈæsi
a/and.txt	1	conj	and	and	AH0 N D	ənd
a/and.txt	1	conj	and	and	AE1 N D	ˈænd
a/afford.txt	1	v	afford	to afforde -s -d -ing	AH0 F AO1 R D	əˈfɔɹd
a/afford.txt	2	adj	affordable	affórdable	AH0 F AO1 R D AH0 B AH0 L	əˈfɔɹdəbəl
a/afford.txt	3	f n	affordability	affordabilitie -is	AH0 F AO2 R D AH0 B IH1 L AH0 T IY0	əˌfɔɹdəˈbɪləti
a/assort.txt	1	v	assort	to assorte -s -d -ing	AH0 S AO1 R T	əˈsɔɹt
a/assort.txt	2	f n	assortment	assortement -s	AH0 S AO1 R T M AH0 N T	əˈsɔɹtmənt
a/assort.txt	3	adj	assortative	assórtatif		
a/aquatic.txt	1	adj	aquatic	aquatic	AH0 K W AA1 T IH0 K	əˈkwɑtɪk
a/aquatic.txt	1	adj	aquatic	aquatic	AH0 K W AE1 T IH0 K	əˈkwætɪk
a/aquatic.txt	2	m n	aqueduct	aqüeduct, aqüeducs	AE1 K W AH0 D AH2 K T	ˈækwəˌdʌkt
a/architect.txt	1	m n	architect	architect, architecs	AA1 R K AH0 T EH2 K T	ˈɑɹkəˌtɛkt
a/architect.txt	2	v	architect	to architecte -cs -d -ing	AA1 R K AH0 T EH2 K T	ˈɑɹkəˌtɛkt
a/architect.txt	4	adj	architectural	architecţural	AA2 R K AH0 T EH1 K CH ER0 AH0 L	ˌɑɹkəˈtɛktʃɚəl
a/architect.txt	5	adj	architectonic	architectonic -ly		
a/albeit.txt	1	conj	albeit	albýit	AO0 L B IY1 IH0 T	ɔlˈbiɪt
a/acoustic.txt	1	adj	acoustic	acousitic	AH0 K UW1 S T IH0 K	əˈkustɪk
a/acoustic.txt	2	f n	acoustics	acoustics	AH0 K UW1 S T IH0 K S	əˈkustɪks
a/appoggiatura.txt	1	f n	appoggiatura	appogiatûra		
a/ancient.txt	1	m n, adj	ancient	ainc̃ent -s	EY1 N CH AH0 N T	ˈeɪntʃənt
a/ancient.txt	1	m n, adj	ancient	ainc̃ent -s	EY1 N SH AH0 N T	ˈeɪnʃənt
a/ancient.txt	2	m n	ancestor	ancestre, ancestors	AE1 N S EH2 S T ER0	ˈænˌsɛstɚ
a/ancient.txt	3	adj	ancestral	ancestral	AE0 N S EH1 S T R AH0 L	ænˈsɛstɹəl
a/appreciate.txt	1	v	appreciate	to appríçiait -s -d -ing	AH0 P R IY1 SH IY0 EY2 T	əˈpɹiʃiˌeɪt
a/appreciate.txt	2	f n	appreciation	appriçiâcion -s	AH0 P R IY2 SH IY0 EY1 SH AH0 N	əˌpɹiʃiˈeɪʃən
a/appreciate.txt	3	adj	appreciative	appríciatif -vly -ness	AH0 P R IY1 SH IY0 EY2 T IH0 V	əˈpɹiʃiˌeɪtɪv
a/appreciate.txt	3	adj	appreciative	appríciatif -vly -ness	AH0 P R IY1 SH Y AH0 T IH0 V	əˈpɹiʃjətɪv
a/appreciate.txt	4	adj	appreciable	appríciable -y	AH0 P R IY1 SH AH0 B AH0 L	əˈpɹiʃəbəl
a/appall.txt	1	v	appall	to appalle -s -d -ing	AH0 P AO1 L	əˈpɔl
a/analyze.txt	2	v	analyze	to analyse -s -d -ing	AE1 N AH0 L AY2 Z	ˈænəˌlaɪz
a/analyze.txt	3	m n	analyst	analyst -s	AE1 N AH0 L IH0 S T	ˈænəlɪst
a/analyze.txt	4	adj	analytical	analytical	AE2 N AH0 L IH1 T IH0 K AH0 L	ˌænəˈlɪtɪkəl
a/analyze.txt	5	adj	analytic	analytic	AE2 N AH0 L IH1 T IH0 K	ˌænəˈlɪtɪk
a/analyze.txt	6	f n	analytic	analytic -s	AE2 N AH0 L IH1 T IH0 K	ˌænəˈlɪtɪk
a/analyze.txt	7	adv	analytically	analytichly	AE2 N AH0 L IH1 T IH0 K L IY0	ˌænəˈlɪtɪkli
a/add.txt	1	v	add	to adde -s -d -ing	AE1 D	ˈæd
a/add.txt	2	f n	addition	addicion -s	AH0 D IH1 SH AH0 N	əˈdɪʃən
a/add.txt	3	adj	additional	addicional	AH0 D IH1 SH AH0 N AH0 L	əˈdɪʃənəl
a/add.txt	3	adj	additional	addicional	AH0 D IH1 SH N AH0 L	əˈdɪʃnəl
a/add.txt	4	f n	addendum	addendom	AH0 D EH1 N D AH0 M	əˈdɛndəm
a/add.txt	5	m n	additive	additif -s	AE1 D AH0 T IH0 V	ˈædətɪv
a/add.txt	5	m n	additive	additif -s	AE1 D IH0 T IH0 V	ˈædɪtɪv
a/add.txt	6	f n	additament	additament -s		
a/adjourn.txt	1	v	adjourn	to ajourne -s -d -ing	AH0 JH ER1 N	əˈdʒɝn
a/adjourn.txt	2	f n	adjournment	ajournement -s	AH0 JH ER1 N M AH0 N T	əˈdʒɝnmənt
a/agony.txt	1	m n	agony	agonie, agonis	AE1 G AH0 N IY0	ˈæɡəni
a/agony.txt	2	v	agonize	to agonyse -s -d -ing	AE1 G AH0 N AY2 Z	ˈæɡəˌnaɪz
a/agony.txt	3	m n	agonist	agonist -s	AE1 G AH0 N IH0 S T	ˈæɡənɪst
a/agony.txt	4	f n	antagonist	antàgonist -s	AE0 N T AE1 G AH0 N AH0 S T	ænˈtæɡənəst
a/agony.txt	5	f n	protagonist	protàgonist -s	P R OW0 T AE1 G AH0 N AH0 S T	pɹoʊˈtæɡənəst
a/abyss.txt	1	f n	abyss	abysse -s	AH0 B IH1 S	əˈbɪs
a/abyss.txt	2	adj	abysmal	abysmal	AH0 B IH1 Z M AH0 L	əˈbɪzməl
a/a.txt	1	indef	a	a	AH0	ə
a/a.txt	1	indef	a	a	EY1	ˈeɪ
a/a.txt	1	indef	an	a	AE1 N	ˈæn
a/a.txt	1	indef	an	a	AH0 N	ən
a/altar.txt	1	m n	altar	altre, altars	AO1 L T ER0	ˈɔltɚ
a/abhore.txt	1	v	abhor	to abhore -s -d -ing	AE0 B HH AO1 R	æbˈhɔɹ
a/abhore.txt	2	adj	abhorrent	abhorent -ly	AE0 B HH AO1 R AH0 N T	æbˈhɔɹənt
a/abhore.txt	3	f n	abhorrence	abhorence -s	AH0 B HH AO1 R AH0 N S	əbˈhɔɹəns
a/amplify.txt	1	v	amplify	to amplifae -s -d amplifyhing	AE1 M P L AH0 F AY2	ˈæmpləˌfaɪ
a/amplify.txt	2	m n	amplifier	amplifaior -s	AE1 M P L AH0 F AY2 ER0	ˈæmpləˌfaɪɚ
a/amplify.txt	3	f n	amplification	amplificâcion -s	AE2 M P L AH0 F AH0 K EY1 SH AH0 N	ˌæmpləfəˈkeɪʃən
a/again.txt	1	prep, adv	again	again	AH0 G EH1 N	əˈɡɛn
a/again.txt	1	prep, adv	again	again	AH0 G EY1 N	əˈɡeɪn
a/annual.txt	1	adj, m n	annual	añual -s	AE1 N Y UW0 AH0 L	ˈænjuəl
a/annual.txt	2	adv	annually	añally	AE1 N Y UW0 AH0 L IY0	ˈænjuəli
a/annual.txt	3	v	annualize	to añalyse -s -d -ing	AE1 N Y UW0 W AH0 L AY2 Z	ˈænjuwəˌlaɪz
a/avouch.txt	1	v	avouch	to avoac̃e -s -d -ing		
a/align.txt	1	v	align	to aligne -s -d -ing	AH0 L AY1 N	əˈlaɪn
a/align.txt	2	f n	alignment	alignement -s	AH0 L AY1 N M AH0 N T	əˈlaɪnmənt
a/align.txt	3	v	realign	to rialigne -s -d -ing	R IY0 AH0 L AY1 N	ɹiəˈlaɪn
a/align.txt	4	f n	realignment	rialignement -s	R IY0 AH0 L AY1 N M AH0 N T	ɹiəˈlaɪnmənt
a/assert.txt	1	v	assert	to asserte -s -d -ing	AH0 S ER1 T	əˈsɝt
a/assert.txt	2	f n	assertion	assêcion -s	AH0 S ER1 SH AH0 N	əˈsɝʃən
a/assert.txt	3	adj	assertive	assêrtif -vly -ness	AH0 S ER1 T IH0 V	əˈsɝtɪv
a/arrange.txt	1	v	arrange	to arrânge -s -d -ing	ER0 EY1 N JH	ɚˈeɪndʒ
a/arrange.txt	2	f n	arrangement	arrângement -s	ER0 EY1 N JH M AH0 N T	ɚˈeɪndʒmənt
i/instruct.txt	1	v	instruct	to instructe instrucs -d -ing	IH2 N S T R AH1 K T	ˌɪnˈstɹʌkt
i/instruct.txt	2	f n	instruction	instruccion -s	IH2 N S T R AH1 K SH AH0 N	ˌɪnˈstɹʌkʃən
i/instruct.txt	3	adj	instructive	instructif	IH2 N S T R AH1 K T IH0 V	ˌɪnˈstɹʌktɪv
i/incise.txt	1	v	incise	to incîse -s -d -ing	IH2 N S AY1 Z	ˌɪnˈsaɪz
i/incise.txt	3	adj	incisive	incîssif -vly	IH2 N S AY1 S IH0 V	ˌɪnˈsaɪsɪv
i/incense.txt	1	m n	incense	incense	IH2 N S EH1 N S	ˌɪnˈsɛns
i/incense.txt	1	m n	incense	incense	IH1 N S EH2 N S	ˈɪnˌsɛns
i/incense.txt	2	v	incense	to incense -s -d -ing	IH2 N S EH1 N S	ˌɪnˈsɛns
i/incense.txt	2	v	incense	to incense -s -d -ing	IH1 N S EH2 N S	ˈɪnˌsɛns
i/implore.txt	1	v	implore	to implore -s -d -ing	IH2 M P L AO1 R	ˌɪmˈplɔɹ
i/invisible.txt	2	f n	invisibility	invisibilitie -is	IH2 N V IH2 Z AH0 B IH1 L AH0 T IY0	ˌɪnˌvɪzəˈbɪləti
i/interact.txt	1	v	interact	to interacte interacs -d -ing	IH2 N T ER0 AE1 K T	ˌɪntɚˈækt
i/interact.txt	1	v	interact	to interacte interacs -d -ing	IH2 N ER0 AE1 K T	ˌɪnɚˈækt
i/interact.txt	2	f n	interaction	interaccion -s	IH2 N T ER0 AE1 K SH AH0 N	ˌɪntɚˈækʃən
i/interact.txt	2	f n	interaction	interaccion -s	IH2 N ER0 AE1 K SH AH0 N	ˌɪnɚˈækʃən
i/interact.txt	3	adj	interactive	interactif	IH2 N T ER0 AE1 K T IH0 V	ˌɪntɚˈæktɪv
i/interact.txt	3	adj	interactive	interactif	IH2 N ER0 AE1 K T IH0 V	ˌɪnɚˈæktɪv
i/iron.txt	1	adj, m n	iron	îarne, îarns	AY1 ER0 N	ˈaɪɚn
i/iron.txt	2	v	iron	to îarne -s -d -ing	AY1 ER0 N	ˈaɪɚn
i/install.txt	1	v	install	to installe -s -d -ing	IH2 N S T AO1 L	ˌɪnˈstɔl
i/install.txt	2	f n	installation	installâcion -s	IH2 N S T AH0 L EY1 SH AH0 N	ˌɪnstəˈleɪʃən
i/install.txt	3	f n	installment	installement -s	IH2 N S T AO1 L M AH0 N T	ˌɪnˈstɔlmənt
i/impale.txt	1	v	impale	to empâle -s -d -ing	IH2 M P EY1 L	ˌɪmˈpeɪl
i/impale.txt	2	f n	impalement	empâlment -s		
i/invert.txt	1	v	invert	to inverte -s -d -ing	IH2 N V ER1 T	ˌɪnˈvɝt
i/invert.txt	2	f n	inversion	invêsion -s	IH2 N V ER1 ZH AH0 N	ˌɪnˈvɝʒən
i/invert.txt	3	adj	inverse	invers	IH2 N V ER1 S	ˌɪnˈvɝs
i/illicit.txt	1	adj	illicit	illicit	IH2 L IH1 S AH0 T	ˌɪˈlɪsət
i/impede.txt	1	v	impede	to empiede -s -d -ing	IH2 M P IY1 D	ˌɪmˈpid
i/impede.txt	2	f n	impediment	empèdiment -s	IH2 M P EH1 D AH0 M AH0 N T	ˌɪmˈpɛdəmənt
i/interior.txt	1	adj, f n	interior	intírior -s	IH2 N T IH1 R IY0 ER0	ˌɪnˈtɪɹiɚ
i/interior.txt	2	f n	interiority	intirioretie -is		
i/Irish.txt	3	m n	Ireland	Eireland	AY1 ER0 L AH0 N D	ˈaɪɚlənd
i/Irish.txt	3	m n	Ireland	Eireland	AY1 R L AH0 N D	ˈaɪɹlənd
i/inferior.txt	1	adj, f n	inferior	infírior -s	IH2 N F IH1 R IY0 ER0	ˌɪnˈfɪɹiɚ
i/inferior.txt	2	f n	inferiority	infirioretie -is	IH2 N F IH0 R IY0 AO1 R IH0 T IY2	ˌɪnfɪɹiˈɔɹɪˌti
i/island.txt	1	m n	island	îland -s	AY1 L AH0 N D	ˈaɪlənd
i/Islam.txt	1	m n	Islam	islam	IH2 S L AA1 M	ˌɪˈslɑm
i/Islam.txt	1	m n	Islam	islam	IH1 Z L AH0 M	ˈɪzləm
i/Islam.txt	1	m n	Islam	islam	IH1 S L AA2 M	ˈɪˌslɑm
i/Islam.txt	2	m n	Muslim	mouslim	M AH1 Z L AH0 M	ˈmʌzləm
i/Islam.txt	2	m n	Muslim	mouslim	M AH1 Z L IH0 M	ˈmʌzlɪm
i/inspect.txt	1	v	inspect	to inspecte -s -d -ing	IH2 N S P EH1 K T	ˌɪnˈspɛkt
i/inspect.txt	2	f n	inspection	inspeccion	IH2 N S P EH1 K SH AH0 N	ˌɪnˈspɛkʃən
i/inspect.txt	3	f n	inspector	inspecteur -s	IH2 N S P EH1 K T ER0	ˌɪnˈspɛktɚ
i/incident.txt	3	adj	incidental	incidèntal	IH2 N S IH0 D EH1 N T AH0 L	ˌɪnsɪˈdɛntəl
i/impulse.txt	1	m n	impulse	impulse	IH1 M P AH0 L S	ˈɪmpəls
i/impulse.txt	1	m n	impulse	impulse	IH2 M P AH1 L S	ˌɪmˈpʌls
i/impulse.txt	3	adj	impulsive	impulsif	IH2 M P AH1 L S IH0 V	ˌɪmˈpʌlsɪv
i/impulse.txt	4	v	impel	to impelle -s -d -ing	IH2 M P EH1 L	ˌɪmˈpɛl
i/inquire.txt	1	v	inquire	to inquîer inquîre(s inquîred inquîering	IH2 N K W AY1 R	ˌɪnˈkwaɪɹ
i/inquire.txt	2	f n	inquirer	inquîrer -s	IH2 N K W AY1 R ER0	ˌɪnˈkwaɪɹɚ
i/inquire.txt	3	m n	inquiry	inqüirie, inqüiris	IH2 N K W AY1 R IY2	ˌɪnˈkwaɪˌɹi
i/inquire.txt	3	m n	inquiry	inqüirie, inqüiris	IH0 N K W ER0 R IY0	ɪnkwɚɹi
i/inquire.txt	4	f n	inquisition	inqüisicion -s	IH2 N K W AH0 Z IH1 SH AH0 N	ˌɪnkwəˈzɪʃən
i/inquire.txt	5	adj	inquisitive	inqüisitif -vly	IH2 N K W IH1 Z IH0 T IH0 V	ˌɪnˈkwɪzɪtɪv
i/intense.txt	2	adj, f n	intensive	intensif -vly -ness	IH2 N T EH1 N S IH0 V	ˌɪnˈtɛnsɪv
i/intense.txt	3	f n	intensity	intensetie, intensetis	IH0 N T EH1 N S AH0 T IY0	ɪnˈtɛnsəti
i/intense.txt	3	f n	intensity	intensetie, intensetis	IH0 N T EH1 N S IH0 T IY0	ɪnˈtɛnsɪti
i/intense.txt	4	v	intensify	to intènsifae -s -d intènsifyhing	IH0 N T EH1 N S AH0 F AY2	ɪnˈtɛnsəˌfaɪ
i/intense.txt	5	f n	intensification	intensificâcion -s	IH0 N T EH2 N S AH0 F AH0 K EY1 SH AH0 N	ɪnˌtɛnsəfəˈkeɪʃən
i/implode.txt	1	v	implode	to implode -s -d -ing	IH2 M P L OW1 D	ˌɪmˈploʊd
i/implode.txt	2	f n	implosion	implósion -s	IH2 M P L OW1 ZH AH0 N	ˌɪmˈploʊʒən
i/implode.txt	3	adj	implosive	implóssif		
i/invoke.txt	1	v	invoke	to invoque invoac(s -d -ing	IH2 N V OW1 K	ˌɪnˈvoʊk
i/invoke.txt	2	f n	invocation	invocâcion -s	IH2 N V AH0 K EY1 SH AH0 N	ˌɪnvəˈkeɪʃən
i/insure.txt	1	v	insure	to inseure -s -d -ing	IH2 N SH UH1 R	ˌɪnˈʃʊɹ
i/insure.txt	2	f n	insurance	inseurance -s	IH2 N SH UH1 R AH0 N S	ˌɪnˈʃʊɹəns
i/insure.txt	3	adj	insurable	inseurable		
i/impress.txt	1	v	impress	to impresse -s -d -ing	IH2 M P R EH1 S	ˌɪmˈpɹɛs
i/impress.txt	1	v	impress	to impresse -s -d -ing	IH1 M P R EH2 S	ˈɪmˌpɹɛs
i/impress.txt	2	m n	impress	impress -es	IH2 M P R EH1 S	ˌɪmˈpɹɛs
i/impress.txt	2	m n	impress	impress -es	IH1 M P R EH2 S	ˈɪmˌpɹɛs
i/impress.txt	4	adj	impressionable	impressionable	IH2 M P R EH1 SH AH0 N AH0 B AH0 L	ˌɪmˈpɹɛʃənəbəl
i/impress.txt	5	adj	impressive	impressif	IH2 M P R EH1 S IH0 V	ˌɪmˈpɹɛsɪv
i/interfere.txt	1	v	interfere	to interfier interfire(s interfired interfiering	IH2 N T ER0 F IH1 R	ˌɪntɚˈfɪɹ
i/interfere.txt	1	v	interfere	to interfier interfire(s interfired interfiering	IH2 N ER0 F IH1 R	ˌɪnɚˈfɪɹ
i/interfere.txt	2	f n	interference	interfirence -s	IH2 N T ER0 F IH1 R AH0 N S	ˌɪntɚˈfɪɹəns
i/interfere.txt	2	f n	interference	interfirence -s	IH2 N ER0 F IH1 R AH0 N S	ˌɪnɚˈfɪɹəns
i/illude.txt	1	v	illude	to illude -s -d -ing		
i/illude.txt	3	adj	illusionary	illúsionairy	IH2 L UW1 ZH AH0 N EH2 R IY0	ˌɪˈluʒəˌnɛɹi
i/illude.txt	4	adj	illusive	illússif	IH2 L UW1 S IH0 V	ˌɪˈlusɪv
i/illude.txt	5	adj	illusory	illúsory	IH2 L UW1 S ER0 IY0	ˌɪˈlusɚi
i/inscribe.txt	1	v	inscribe	to inscrîbe -s -d -ing	IH2 N S K R AY1 B	ˌɪnˈskɹaɪb
i/inscribe.txt	2	f n	inscription	inscription -s	IH2 N S K R IH1 P SH AH0 N	ˌɪnˈskɹɪpʃən
i/Idaho.txt	1	m n	Idaho	Îdaho	AY1 D AH0 HH OW2	ˈaɪdəˌhoʊ
i/Idaho.txt	2	adj, f n	Idahoan	îdahoan -s		
i/Italian.txt	1	adj	Italian	itàlian	IH2 T AE1 L Y AH0 N	ˌɪˈtæljən
i/Italian.txt	2	f n	Italian	Itàlian	IH2 T AE1 L Y AH0 N	ˌɪˈtæljən
i/Italian.txt	3	m n	Italy	Italie	IH1 T AH0 L IY0	ˈɪtəli
i/imperative.txt	1	adj, f n	imperative	impèratif -s -vly	IH2 M P EH1 R AH0 T IH0 V	ˌɪmˈpɛɹətɪv
i/inch.txt	1	m n	inch	inc̃e -s	IH1 N CH	ˈɪntʃ
i/inch.txt	2	v	inch	to inc̃e -s -d -ing	IH1 N CH	ˈɪntʃ
i/innervate.txt	1	v	innervate	to innervait -s -ed -ing		
i/irony.txt	1	m n	irony	îronie	AY1 R AH0 N IY0	ˈaɪɹəni
i/irony.txt	2	adj	ironic	îronic	AY0 R AA1 N IH0 K	aɪˈɹɑnɪk
i/isolate.txt	1	v	isolated	to îsolait -s -d -ing	AY1 S AH0 L EY2 T AH0 D	ˈaɪsəˌleɪtəd
i/isolate.txt	1	v	isolated	to îsolait -s -d -ing	AY1 S AH0 L EY2 T IH0 D	ˈaɪsəˌleɪtɪd
i/isolate.txt	1	v	isolate	to îsolait -s -d -ing	AY1 S AH0 L EY2 T	ˈaɪsəˌleɪt
i/isolate.txt	2	adj	isolated	îsolaited	AY1 S AH0 L EY2 T AH0 D	ˈaɪsəˌleɪtəd
i/isolate.txt	2	adj	isolated	îsolaited	AY1 S AH0 L EY2 T IH0 D	ˈaɪsəˌleɪtɪd
i/isolate.txt	3	adj	isolate	îsolate	AY1 S AH0 L EY2 T	ˈaɪsəˌleɪt
i/isolate.txt	4	m n	isolate	îsolate, îsolats	AY1 S AH0 L EY2 T	ˈaɪsəˌleɪt
i/isolate.txt	5	adj	isolatable	isolaîtable		
i/isolate.txt	6	adj	isolable	îsolable		
i/isolate.txt	7	f n	isolation	isolâcion -s	AY2 S AH0 L EY1 SH AH0 N	ˌaɪsəˈleɪʃən
i/isolate.txt	8	f n	isolationist	isolâcionist -s	AY2 S AH0 L EY1 SH AH0 N AH0 S T	ˌaɪsəˈleɪʃənəst
i/indicate.txt	1	v	indicate	to indicait -s -ed -ing	IH1 N D AH0 K EY2 T	ˈɪndəˌkeɪt
i/indicate.txt	3	f n	indication	indicâcion -s	IH2 N D AH0 K EY1 SH AH0 N	ˌɪndəˈkeɪʃən
i/indicate.txt	4	adj	indicative	indicatif	IH2 N D IH1 K AH0 T IH0 V	ˌɪnˈdɪkətɪv
i/invent.txt	1	v	invent	to invente -s -d -ing	IH2 N V EH1 N T	ˌɪnˈvɛnt
i/invent.txt	2	f n	invention	invencion -s	IH2 N V EH1 N SH AH0 N	ˌɪnˈvɛnʃən
i/invent.txt	3	adj	inventive	inventif	IH2 N V EH1 N T IH0 V	ˌɪnˈvɛntɪv
i/invent.txt	4	f n	inventor	inventeur -s	IH2 N V EH1 N T ER0	ˌɪnˈvɛntɚ
i/invent.txt	5	m n	inventory	inventorie, inventoris	IH2 N V AH0 N T AO1 R IY0	ˌɪnvənˈtɔɹi
i/invent.txt	6	v	inventory	to inventorie -s -d inventorying	IH2 N V AH0 N T AO1 R IY0	ˌɪnvənˈtɔɹi
i/impartial.txt	1	adj	impartial	imparcial -ly	IH2 M P AA1 R SH AH0 L	ˌɪmˈpɑɹʃəl
i/impartial.txt	2	f n	impartiality	imparçialetie -is	IH2 M P AA2 R SH IY0 AE1 L IH0 T IY0	ˌɪmˌpɑɹʃiˈælɪti
i/intend.txt	1	v	intend	to intende -s -d -ing	IH2 N T EH1 N D	ˌɪnˈtɛnd
i/intend.txt	2	f n	intent	intente, intènts	IH2 N T EH1 N T	ˌɪnˈtɛnt
i/intend.txt	3	f n	intention	intencion -s	IH2 N T EH1 N CH AH0 N	ˌɪnˈtɛntʃən
i/intend.txt	4	adj	intentional	intencional -ly	IH2 N T EH1 N SH AH0 N AH0 L	ˌɪnˈtɛnʃənəl
i/intend.txt	5	f n	intentionality	intencionaletie -is		
i/inhibit.txt	1	v	inhibit	to inhibit -s -ted -ting	IH2 N HH IH1 B AH0 T	ˌɪnˈhɪbət
i/inhibit.txt	2	f n	inhibition	inhibicion -s	IH2 N HH AH0 B IH1 SH AH0 N	ˌɪnhəˈbɪʃən
i/inhibit.txt	2	f n	inhibition	inhibicion -s	IH2 N AH0 B IH1 SH AH0 N	ˌɪnəˈbɪʃən
i/inhibit.txt	4	adj	inhibitory	inhibitory	IH2 N HH IH1 B AH0 T AO2 R IY0	ˌɪnˈhɪbəˌtɔɹi
i/investigate.txt	1	v	investigate	to invèstigait -s -ed -ing	IH2 N V EH1 S T AH0 G EY2 T	ˌɪnˈvɛstəˌɡeɪt
i/investigate.txt	3	f n	investigation	investigâcion -s	IH2 N V EH2 S T AH0 G EY1 SH AH0 N	ˌɪnˌvɛstəˈɡeɪʃən
i/investigate.txt	4	adj	investigative	invèstigatif -vly	IH2 N V EH1 S T AH0 G EY2 T IH0 V	ˌɪnˈvɛstəˌɡeɪtɪv
i/invade.txt	1	v	invade	to invâde -s -d -ing	IH2 N V EY1 D	ˌɪnˈveɪd
i/invade.txt	3	adj, f n	invasive	invâssif -s -vly -ness	IH2 N V EY1 S IH0 V	ˌɪnˈveɪsɪv
i/itch.txt	1	m n	itch	yc̃e -s	IH1 CH	ˈɪtʃ
i/itch.txt	2	v	itch	to yc̃e -s -d -ing	IH1 CH	ˈɪtʃ
i/idle.txt	1	adj	idle	îdle	AY1 D AH0 L	ˈaɪdəl
i/idle.txt	2	v	idle	to îdle -s -d -ing	AY1 D AH0 L	ˈaɪdəl
i/idle.txt	3	m n	idleness	îdleness	AY1 D AH0 L N AH0 S	ˈaɪdəlnəs
i/imply.txt	1	v	imply	to implîe -s -d implyhing	IH2 M P L AY1	ˌɪmˈplaɪ
i/internal.txt	1	adj, f n	internal	intênal	IH2 N T ER1 N AH0 L	ˌɪnˈtɝnəl
i/internal.txt	2	v	internalize	to intênalyse -s -d -ing	IH2 N T ER1 N AH0 L AY2 Z	ˌɪnˈtɝnəˌlaɪz
i/internal.txt	3	f n	internalization	internalisâcion -s		
i/insert.txt	1	v	insert	to inserte -s -d -ing	IH2 N S ER1 T	ˌɪnˈsɝt
i/insert.txt	1	v	insert	to inserte -s -d -ing	IH1 N S ER2 T	ˈɪnˌsɝt
i/insert.txt	2	m n	insert	insert -s	IH2 N S ER1 T	ˌɪnˈsɝt
i/insert.txt	2	m n	insert	insert -s	IH1 N S ER2 T	ˈɪnˌsɝt
i/incorporate.txt	1	v	incorporate	to incórporait -s -ed -ing	IH2 N K AO1 R P ER0 EY2 T	ˌɪnˈkɔɹpɚˌeɪt
i/incorporate.txt	2	f n	incorporation	incorporâcion -s	IH2 N K AO2 R P ER0 EY1 SH AH0 N	ˌɪnˌkɔɹpɚˈeɪʃən
i/incorporate.txt	3	adj	incorporative	incórpratif		
i/incorporate.txt	4	adj	incorporate	incórprate	IH2 N K AO1 R P ER0 EY2 T	ˌɪnˈkɔɹpɚˌeɪt
i/inflate.txt	1	v	inflate	to inflâte -s -d -ing	IH0 N F L EY1 T	ɪnˈfleɪt
i/inflate.txt	2	f n	inflation	inflâcion -s	IH2 N F L EY1 SH AH0 N	ˌɪnˈfleɪʃən
i/inflate.txt	3	adj	inflationary	inflâcionairy	IH2 N F L EY1 SH AH0 N EH2 R IY0	ˌɪnˈfleɪʃəˌnɛɹi
i/inflate.txt	4	adj, f n	inflatable	inflâtable -s	IH0 N F L EY1 T AH0 B AH0 L	ɪnˈfleɪtəbəl
i/icon.txt	2	adj	iconic	îconic -ly	AY2 K AA1 N IH0 K	ˌaɪˈkɑnɪk
i/icon.txt	3	f n	iconography	îconographie -is	AY2 K AH0 N AA1 G R AH0 F IY0	ˌaɪkəˈnɑɡɹəfi
i/icon.txt	4	adj	iconographic	îconographic -ly		
i/icon.txt	5	f n	iconographer	îconographor -s		
i/icon.txt	6	f n	iconology	îconollogie -is		
i/intercede.txt	1	v	intercede	to intercide -s -d -ing	IH2 N T ER0 S IY1 D	ˌɪntɚˈsid
i/intercede.txt	2	f n	intercession	intercession -s	IH2 N T ER0 S EH1 SH AH0 N	ˌɪntɚˈsɛʃən
i/intercede.txt	2	f n	intercession	intercession -s	IH2 N ER0 S EH1 SH AH0 N	ˌɪnɚˈsɛʃən
i/inform.txt	1	v	inform	to informe -s -d -ing	IH2 N F AO1 R M	ˌɪnˈfɔɹm
i/inform.txt	2	f n	informer	informer -s	IH2 N F AO1 R M ER0	ˌɪnˈfɔɹmɚ
i/inform.txt	3	adj, f n	informal	infórmal -s	IH2 N F AO1 R M AH0 L	ˌɪnˈfɔɹməl
i/inform.txt	4	f n	informality	informaletie -is	IH2 N F ER0 M AE1 L IH0 T IY0	ˌɪnfɚˈmælɪti
i/inform.txt	5	f n	informant	infórmant -s	IH2 N F AO1 R M AH0 N T	ˌɪnˈfɔɹmənt
i/inform.txt	6	adj	informative	infórmatif	IH2 N F AO1 R M AH0 T IH0 V	ˌɪnˈfɔɹmətɪv
i/inform.txt	7	f n	information	informâcion	IH2 N F ER0 M EY1 SH AH0 N	ˌɪnfɚˈmeɪʃən
i/inform.txt	7	f n	information	informâcion	IH0 N F AO1 R M EY1 SH AH0 N	ɪnˈfɔɹˈmeɪʃən
i/inform.txt	8	adj	informational	informâcional	IH2 N F ER0 M EY1 SH AH0 N AH0 L	ˌɪnfɚˈmeɪʃənəl
i/inform.txt	8	adj	informational	informâcional	IH0 N F AO1 R M EY1 SH AH0 N AH0 L	ɪnˈfɔɹˈmeɪʃənəl
i/inhabit.txt	1	v	inhabit	to inhàbit -s -ed -ing	IH2 N HH AE1 B AH0 T	ˌɪnˈhæbət
i/inhabit.txt	2	f n	inhabitant	inhàbitant -s	IH0 N HH AE1 B AH0 T AH0 N T	ɪnˈhæbətənt
i/inhabit.txt	2	f n	inhabitant	inhàbitant -s	IH0 N HH AE1 B IH0 T AH0 N T	ɪnˈhæbɪtənt
i/Iceland.txt	1	m n	Iceland	Yssland	AY1 S L AH0 N D	ˈaɪslənd
i/Iceland.txt	2	adj	Icelandic	ysslandic	AY0 S L AE1 N D IH0 K	aɪˈslændɪk
i/Iceland.txt	3	f n	Icelandic	Ysslandic	AY0 S L AE1 N D IH0 K	aɪˈslændɪk
i/Iceland.txt	4	m n	Icelander	ysslander -s		
i/inhale.txt	1	v	inhale	to inhâle -s -d -ing	IH2 N HH EY1 L	ˌɪnˈheɪl
i/inhale.txt	2	adj, f n	inhalant	inhâlant	IH2 N HH EY1 L AH0 N T	ˌɪnˈheɪlənt
i/inhale.txt	3	f n	inhalation	inhalâcion -s	IH0 N AH0 L EY1 SH AH0 N	ɪnəˈleɪʃən
i/inhale.txt	3	f n	inhalation	inhalâcion -s	IH2 N HH AH0 L EY1 SH AH0 N	ˌɪnhəˈleɪʃən
i/institute.txt	1	v	institute	to institute -s -d -ing	IH1 N S T AH0 T UW2 T	ˈɪnstəˌtut
i/institute.txt	2	m n	institute	institute, instituts	IH1 N S T AH0 T UW2 T	ˈɪnstəˌtut
i/institute.txt	3	f n	institution	institúcion -s	IH2 N S T IH0 T UW1 SH AH0 N	ˌɪnstɪˈtuʃən
i/institute.txt	4	adj	institutional	institúcional	IH2 N S T IH0 T UW1 SH AH0 N AH0 L	ˌɪnstɪˈtuʃənəl
i/institute.txt	5	v	institutionalize	to institúcionalyse -s -d -ing	IH2 N S T IH0 T UW1 SH AH0 N AH0 L AY2 Z	ˌɪnstɪˈtuʃənəˌlaɪz
i/institute.txt	6	f n	institutionalization	institucionalisâcion -s	IH2 N S T IH0 T UW2 SH AH0 N AH0 L IH0 Z EY1 SH AH0 N	ˌɪnstɪˌtuʃənəlɪˈzeɪʃən
i/ink.txt	1	m n	ink	inc -s	IH1 NG K	ˈɪŋk
i/ink.txt	2	v	ink	to inque inc(s -d -ing	IH1 NG K	ˈɪŋk
i/ion.txt	1	m n	ion	îon -s	AY1 AH0 N	ˈaɪən
i/ion.txt	1	m n	ion	îon -s	AY1 AA2 N	ˈaɪˌɑn
i/immense.txt	1	adj	immense	immense	IH2 M EH1 N S	ˌɪˈmɛns
i/immense.txt	2	f n	immensity	immensetie		
i/intake.txt	1	m n	intake	intaic, intaix	IH1 N T EY2 K	ˈɪnˌteɪk
i/illegal.txt	1	adj	illegal	illígal -ly	IH2 L IY1 G AH0 L	ˌɪˈliɡəl
i/Indiana.txt	1	f n	Indiana	Indiàna	IH2 N D IY0 AE1 N AH0	ˌɪndiˈænə
i/Indiana.txt	2	m n	Hoosier	housior -s	HH UW1 ZH ER0	ˈhuʒɚ
i/ingratiate.txt	1	v	ingratiate	to ingrâçiait -s -ed -ing	IH2 NG G R EY1 SH IY0 EY2 T	ˌɪŋˈɡɹeɪʃiˌeɪt
i/import.txt	1	v	import	to importe -s -d -ing	IH2 M P AO1 R T	ˌɪmˈpɔɹt
i/import.txt	1	v	import	to importe -s -d -ing	IH1 M P AO2 R T	ˈɪmˌpɔɹt
i/import.txt	2	m n	import	import -s	IH2 M P AO1 R T	ˌɪmˈpɔɹt
i/import.txt	2	m n	import	import -s	IH1 M P AO2 R T	ˈɪmˌpɔɹt
i/import.txt	3	adj	important	impórtant	IH2 M P AO1 R T AH0 N T	ˌɪmˈpɔɹtənt
i/igloo.txt	1	m n	igloo	igloue, iglous	IH1 G L UW0	ˈɪɡlu
i/indignant.txt	1	adj	indignant	indignant	IH2 N D IH1 G N AH0 N T	ˌɪnˈdɪɡnənt
i/indignant.txt	2	f n	indignance	indignance		
i/indignant.txt	3	f n	indignation	indignâcion -s	IH2 N D IH0 G N EY1 SH AH0 N	ˌɪndɪɡˈneɪʃən
i/inaugurate.txt	1	v	inaugurate	to inaugurait -s -ed -ing	IH0 N AO1 G Y ER0 IH0 T	ɪˈnɔɡjɚɪt
i/inaugurate.txt	1	v	inaugurate	to inaugurait -s -ed -ing	IH0 N AO1 G Y ER0 EY0 T	ɪˈnɔɡjɚeɪt
i/inaugurate.txt	2	f n	inauguration	inaugurâcion -s	IH0 N AO2 G Y ER0 EY1 SH AH0 N	ɪˌnɔɡjɚˈeɪʃən
i/inaugurate.txt	3	adj	inaugural	inaugral	IH2 N AO1 G ER0 AH0 L	ˌɪˈnɔɡɚəl
i/inaugurate.txt	3	adj	inaugural	inaugral	IH2 N AO1 G Y ER0 AH0 L	ˌɪˈnɔɡjɚəl
i/impair.txt	1	v	impair	to empeire -s -d -ing	IH2 M P EH1 R	ˌɪmˈpɛɹ
i/impair.txt	2	f n	impairment	empeirement -s	IH2 M P EH1 R M AH0 N T	ˌɪmˈpɛɹmənt
i/innovate.txt	1	v	innovate	to innovait -s -ed -ing	IH1 N AH0 V EY2 T	ˈɪnəˌveɪt
i/innovate.txt	1	v	innovate	to innovait -s -ed -ing	IH1 N OW0 V EY2 T	ˈɪnoʊˌveɪt
i/innovate.txt	2	f n	innovation	innovâcion -s	IH2 N AH0 V EY1 SH AH0 N	ˌɪnəˈveɪʃən
i/innovate.txt	2	f n	innovation	innovâcion -s	IH2 N OW0 V EY1 SH AH0 N	ˌɪnoʊˈveɪʃən
i/innovate.txt	3	adj	innovative	innovaitif	IH1 N AH0 V EY2 T IH0 V	ˈɪnəˌveɪtɪv
i/innovate.txt	3	adj	innovative	innovaitif	IH1 N OW0 V EY2 T IH0 V	ˈɪnoʊˌveɪtɪv
i/innovate.txt	4	m n	innovator	innovaitor -s	IH1 N AH0 V EY2 T ER0	ˈɪnəˌveɪtɚ
i/innovate.txt	4	m n	innovator	innovaitor -s	IH1 N OW0 V EY2 T ER0	ˈɪnoʊˌveɪtɚ
i/inside.txt	1	prep, adv	inside	insîde	IH2 N S AY1 D	ˌɪnˈsaɪd
i/inside.txt	1	prep, adv	inside	insîde	IH1 N S AY2 D	ˈɪnˌsaɪd
i/inside.txt	2	adj, m n	inside	insîd -s	IH2 N S AY1 D	ˌɪnˈsaɪd
i/inside.txt	2	adj, m n	inside	insîd -s	IH1 N S AY2 D	ˈɪnˌsaɪd
i/inherit.txt	1	v	inherit	to inhèrit -s -ed -ing	IH2 N HH EH1 R AH0 T	ˌɪnˈhɛɹət
i/inherit.txt	2	f n	inheritance	inhèritance -s	IH2 N HH EH1 R AH0 T AH0 N S	ˌɪnˈhɛɹətəns
i/infest.txt	1	v	infest	to infeste -s -d -ing	IH2 N F EH1 S T	ˌɪnˈfɛst
i/infest.txt	2	f n	infestation	infestâcion -s	IH2 N F EH1 S T EY1 SH AH0 N	ˌɪnˈfɛˈsteɪʃən
i/initial.txt	2	v	initial	to iniciale -s -d -ing	IH2 N IH1 SH AH0 L	ˌɪˈnɪʃəl
i/initial.txt	3	f n	initialism	inicialism		
i/initial.txt	4	v	initialize	to inicialyse -s -d -ing	IH2 N IH1 SH AH0 L AY2 Z	ˌɪˈnɪʃəˌlaɪz
i/initial.txt	5	f n	initialization	inicialisâcion -s		
i/intern.txt	1	v	intern	to intêne -s -d -ing	IH1 N T ER0 N	ˈɪntɚn
i/intern.txt	2	m n	intern	intern -s	IH1 N T ER0 N	ˈɪntɚn
i/intern.txt	3	v	intern	to interne -s -d -ing	IH1 N T ER0 N	ˈɪntɚn
i/intern.txt	4	f n	internment	intênment -s	IH2 N T ER1 N M AH0 N T	ˌɪnˈtɝnmənt
i/invest.txt	1	v	invest	to investe -s -d -ing	IH2 N V EH1 S T	ˌɪnˈvɛst
i/invest.txt	2	f n	investment	investement -s	IH2 N V EH1 S T M AH0 N T	ˌɪnˈvɛstmənt
i/invest.txt	2	f n	investment	investement -s	IH2 N V EH1 S M AH0 N T	ˌɪnˈvɛsmənt
i/invest.txt	3	f n	investor	investeor -s	IH2 N V EH1 S T ER0	ˌɪnˈvɛstɚ
i/invest.txt	4	v	reinvest	rïnveste -s -d -ing	R IY2 IH0 N V EH1 S T	ˌɹiɪnˈvɛst
i/invest.txt	5	f n	investiture	invèstițure, invèstițurs	IH2 N V EH1 S T AH0 CH ER0	ˌɪnˈvɛstətʃɚ
i/idea.txt	2	adj	ideal	îdíal	AY0 D IY1 L	aɪˈdil
i/idea.txt	3	f n	ideal	îdiale, îdíals	AY0 D IY1 L	aɪˈdil
i/idea.txt	4	adv	ideally	îdíally	AY0 D IY1 L IY0	aɪˈdili
i/idea.txt	5	f n	idealism	îdíalism	AY0 D IY1 L IH0 Z AH0 M	aɪˈdilɪzəm
i/idea.txt	6	f n	idealist	îdíalist -s	AY0 D IY1 L IH0 S T	aɪˈdilɪst
i/idea.txt	7	adj	idealistic	îdialistic	AY0 D IY2 AH0 L IH1 S T IH0 K	aɪˌdiəˈlɪstɪk
i/idea.txt	8	v	idealize	to îdialyse -s -d -ing	AY0 D IY1 L AY2 Z	aɪˈdiˌlaɪz
i/idea.txt	9	f n	idealization	idialisâcion -s		
i/idea.txt	10	v	ideate	to îdiait -s -ed -ing		
i/idea.txt	11	f n	ideation	idiâcion -s	AY2 D IY0 EY1 SH AH0 N	ˌaɪdiˈeɪʃən
i/immune.txt	1	adj, f n	immune	immune	IH2 M Y UW1 N	ˌɪˈmjun
i/immune.txt	2	f n	immunity	immunetie -is	IH2 M Y UW1 N AH0 T IY0	ˌɪˈmjunəti
i/immune.txt	2	f n	immunity	immunetie -is	IH2 M Y UW1 N IH0 T IY0	ˌɪˈmjunɪti
i/immune.txt	3	f n	immunology	immunologie -is	IH2 M Y UW0 N AA1 L AH0 JH IY0	ˌɪmjuˈnɑlədʒi
i/Iran.txt	1	f n	Iran	Irane	IH2 R AA1 N	ˌɪˈɹɑn
i/Iran.txt	1	f n	Iran	Irane	AY2 R AE1 N	ˌaɪˈɹæn
i/Iran.txt	2	adj	Iranian	irânian	IH2 R AA1 N IY0 AH0 N	ˌɪˈɹɑniən
i/Iran.txt	2	adj	Iranian	irânian	AY0 R EY1 N IY0 AH0 N	aɪˈɹeɪniən
i/ivory.txt	1	adj, m n	ivory	îvry; îvrie, îvris	AY1 V ER0 IY0	ˈaɪvɚi
i/ivory.txt	1	adj, m n	ivory	îvry; îvrie, îvris	AY1 V R IY0	ˈaɪvɹi
i/insane.txt	1	adj	insane	insâne	IH2 N S EY1 N	ˌɪnˈseɪn
i/insane.txt	2	f n	insanity	insanetie -is	IH2 N S AE1 N AH0 T IY0	ˌɪnˈsænəti
i/insane.txt	2	f n	insanity	insanetie -is	IH2 N S AE1 N IH0 T IY0	ˌɪnˈsænɪti
i/Iowa.txt	1	m n	Iowa	Îoua	AY1 AH0 W AH0	ˈaɪəwə
i/Iowa.txt	1	m n	Iowa	Îoua	AY1 OW0 AH0	ˈaɪoʊə
i/Iowa.txt	2	adj, m n	Iowan	îouan -s	AY1 AH0 W AH0 N	ˈaɪəwən
i/Iowa.txt	2	adj, m n	Iowan	îouan -s	AY1 OW0 AH0 N	ˈaɪoʊən
i/ice.txt	1	m n	ice	îse -s	AY1 S	ˈaɪs
i/ice.txt	2	v	ice	to îse -s -d -ing	AY1 S	ˈaɪs
i/ice.txt	3	m n	icicle	îsicle, îsiculs	AY1 S IH0 K AH0 L	ˈaɪsɪkəl
i/ideology.txt	1	f n	ideology	îdiologie, îdiologis	AY2 D IY0 AA1 L AH0 JH IY0	ˌaɪdiˈɑlədʒi
i/ideology.txt	2	adj	ideological	îdiological	AY2 D IY0 AH0 L AA1 JH IH0 K AH0 L	ˌaɪdiəˈlɑdʒɪkəl
i/ideology.txt	3	f n	idealogue	îdiologue, îdiologs		
i/incessant.txt	1	adj	incessant	incessant	IH2 N S EH1 S AH0 N T	ˌɪnˈsɛsənt
i/incessant.txt	2	f n	incessancy	incessancie		
i/injure.txt	1	v	injure	to injure -s -d -ing	IH1 N JH ER0	ˈɪndʒɚ
i/injure.txt	2	m n	injury	injurie, injuris	IH1 N JH ER0 IY0	ˈɪndʒɚi
i/injure.txt	3	adj	injurious	injurieus	IH2 N JH UH1 R IY0 AH0 S	ˌɪnˈdʒʊɹiəs
i/invite.txt	1	v	invite	to invîte -s -d -ing	IH2 N V AY1 T	ˌɪnˈvaɪt
i/invite.txt	2	m n	invite	invît -s	IH2 N V AY1 T	ˌɪnˈvaɪt
i/invite.txt	3	f n	invitation	invitâcion -s	IH2 N V IH0 T EY1 SH AH0 N	ˌɪnvɪˈteɪʃən
i/infect.txt	1	v	infect	to infecte  infecs -d -ing	IH2 N F EH1 K T	ˌɪnˈfɛkt
i/infect.txt	2	f n	infection	infeccion -s	IH2 N F EH1 K SH AH0 N	ˌɪnˈfɛkʃən
i/infect.txt	3	adj	infective	infectif -vly	IH2 N F EH1 K T IH0 V	ˌɪnˈfɛktɪv
i/infect.txt	4	adj	infectious	infecceus -sly	IH2 N F EH1 K SH AH0 S	ˌɪnˈfɛkʃəs
i/inspire.txt	1	v	inspire	to inspîer inspîre(s inspîred inspîering	IH2 N S P AY1 R	ˌɪnˈspaɪɹ
i/inspire.txt	2	f n	inspiration	inspirâcion -s	IH2 N S P ER0 EY1 SH AH0 N	ˌɪnspɚˈeɪʃən
i/inspire.txt	3	adj	inspirational	inspirâcional	IH2 N S P ER0 EY1 SH AH0 N AH0 L	ˌɪnspɚˈeɪʃənəl
i/inspire.txt	4	f n	inspirer	inspîrer -s		
i/impeach.txt	1	v	impeach	to empeic̃e -s -d -ing	IH2 M P IY1 CH	ˌɪmˈpitʃ
i/impeach.txt	2	f n	impeachment	empeic̃ement	IH2 M P IY1 CH M AH0 N T	ˌɪmˈpitʃmənt
i/impeach.txt	3	adj	impeachable	empeic̃able	IH2 M P IY1 CH AH0 B AH0 L	ˌɪmˈpitʃəbəl
i/image.txt	1	v	imagine	to imàgine -s -d -ing	IH2 M AE1 JH AH0 N	ˌɪˈmædʒən
i/image.txt	2	adj	imaginative	imàginatif -vly -ness	IH2 M AE1 JH AH0 N AH0 T IH0 V	ˌɪˈmædʒənətɪv
i/image.txt	3	adj	imaginary	imàginairy	IH2 M AE1 JH AH0 N EH2 R IY0	ˌɪˈmædʒəˌnɛɹi
i/image.txt	4	adv	imaginarily	imaginârily		
i/image.txt	6	f n	imagination	imaginâcion -s	IH2 M AE2 JH AH0 N EY1 SH AH0 N	ˌɪˌmædʒəˈneɪʃən
i/image.txt	8	v	image	to image -s -d -ing	IH1 M AH0 JH	ˈɪmədʒ
i/image.txt	8	v	image	to image -s -d -ing	IH1 M IH0 JH	ˈɪmɪdʒ
i/I.txt	2	pron, adj	me	mi, mie	M IY1	ˈmi
i/I.txt	5	pron	myself	myselfe	M AY2 S EH1 L F	ˌmaɪˈsɛlf
i/interspace.txt	1	m n	interspace	intrespâce -s		
i/indeclinable.txt	1	adj, f n	indeclinable	indeclînable -abils		
i/initiate.txt	1	v	initiate	to iniçiait -s -ed -ing	IH2 N IH1 SH IY0 EY2 T	ˌɪˈnɪʃiˌeɪt
i/initiate.txt	2	f n	initiate	iniçiate, iniçiats	IH2 N IH1 SH IY0 EY2 T	ˌɪˈnɪʃiˌeɪt
i/Illinois.txt	1	f n	Illinois	Illinoie	IH2 L AH0 N OY1	ˌɪləˈnɔɪ
i/Illinois.txt	1	f n	Illinois	Illinoie	IH2 L AH0 N OY1 Z	ˌɪləˈnɔɪz
i/Illinois.txt	2	adj, f n	Illinoisan	illinoyan -s		
i/immerse.txt	1	v	immerse	to immerse -s -d -ing	IH2 M ER1 S	ˌɪˈmɝs
i/immerse.txt	2	f n	immersion	immêsion -s	IH2 M ER1 ZH AH0 N	ˌɪˈmɝʒən
i/immerse.txt	3	adj	immersive	immêssif		
i/impact.txt	1	v	impact	to impacte impacs -d -ing	IH2 M P AE1 K T	ˌɪmˈpækt
i/impact.txt	1	v	impact	to impacte impacs -d -ing	IH1 M P AE0 K T	ˈɪmpækt
i/impact.txt	2	m n	impact	impact, impacs	IH2 M P AE1 K T	ˌɪmˈpækt
i/impact.txt	2	m n	impact	impact, impacs	IH1 M P AE0 K T	ˈɪmpækt
i/impact.txt	3	f n	impaction	impaccion -s		
i/impact.txt	4	adj	impactful	impàctful		
i/inaccurate.txt	1	adj	inaccurate	inàccurate	IH2 N AE1 K Y ER0 AH0 T	ˌɪˈnækjɚət
i/inaccurate.txt	2	f n	inaccuracy	inàccuracie, inàccuracis	IH2 N AE1 K Y ER0 AH0 S IY0	ˌɪˈnækjɚəsi
i/it.txt	2	pron, adj	its	its	IH1 T S	ˈɪts
i/it.txt	2	pron, adj	its	its	IH0 T S	ɪts
i/it.txt	3	pron	itself	itselfe	IH2 T S EH1 L F	ˌɪtˈsɛlf
i/Inuit.txt	1	m n	Inuit	Iñuit	IH1 N UW0 T	ˈɪnut
i/Inuit.txt	2	adj	Inuit	iñuit	IH1 N UW0 T	ˈɪnut
i/indefinite.txt	1	adj	indefinite	indèfinit	IH2 N D EH1 F AH0 N AH0 T	ˌɪnˈdɛfənət
i/imparity.txt	1	f n	imparity	impairetie, impairetis		
i/incredible.txt	1	adj	incredible	incrèdible -y	IH2 N K R EH1 D AH0 B AH0 L	ˌɪnˈkɹɛdəbəl
i/isle.txt	1	m n	isle	île, îals	AY1 L	ˈaɪl
i/ignominious.txt	1	adj	ignominious	ignominieus -ly	IH2 G N AH0 M IH1 N IY0 AH0 S	ˌɪɡnəˈmɪniəs
i/idol.txt	1	m n	idol	îdole, îdols	AY1 D AH0 L	ˈaɪdəl
i/idol.txt	2	v	idolize	to îdolyse -s -d -ing	AY1 D AH0 L AY2 Z	ˈaɪdəˌlaɪz
i/idol.txt	3	f n	idolization	idolisâcion -s		
i/idol.txt	4	m n	idolizer	îdolysor -s		
i/idol.txt	5	f n	idolater	îdolatre, îdolators		
i/idol.txt	5	f n	idolator	îdolatre, îdolators		
i/idol.txt	6	f n	idolatry	îdolatrie -is	AY0 D AA1 L AH0 T R IY0	aɪˈdɑlətɹi
i/idol.txt	7	adj	idolatrous	îdolatrus	AY0 D AA1 L AH0 T R AH0 S	aɪˈdɑlətɹəs
i/include.txt	1	v	include	to include -s -d -ing	IH2 N K L UW1 D	ˌɪnˈklud
i/include.txt	2	f n	inclusion	inclúsion -s	IH2 N K L UW1 ZH AH0 N	ˌɪnˈkluʒən
i/include.txt	3	adj	inclusive	inclússif -vly	IH2 N K L UW1 S IH0 V	ˌɪnˈklusɪv
i/include.txt	4	f n	inclusivity	inclusivitie -is		
i/include.txt	5	f n	inclusiveness	inclússifness	IH2 N K L UW1 S IH0 V N IH0 S	ˌɪnˈklusɪvnɪs
i/include.txt	5	f n	inclusiveness	inclússifness	IH2 N K L UW1 S IH0 V N EH0 S	ˌɪnˈklusɪvnɛs
i/increase.txt	1	v	increase	to increice -s -d -ing	IH2 N K R IY1 S	ˌɪnˈkɹis
i/increase.txt	1	v	increase	to increice -s -d -ing	IH1 N K R IY2 S	ˈɪnˌkɹis
i/increase.txt	2	m n	increase	increice -s	IH2 N K R IY1 S	ˌɪnˈkɹis
i/increase.txt	2	m n	increase	increice -s	IH1 N K R IY2 S	ˈɪnˌkɹis
i/immerge.txt	1	v	immerge	to immêge -s -d -ing		
i/immerge.txt	2	f n	immergence	immêgence -s		
i/immerge.txt	3	adj	immergent	immêgent		
i/interpret.txt	1	v	interpret	to intêrprete -s -d -ing	IH2 N T ER1 P R AH0 T	ˌɪnˈtɝpɹət
i/interpret.txt	2	f n	interpretation	interpretâcion -s	IH2 N T ER2 P R IH0 T EY1 SH AH0 N	ˌɪnˌtɝpɹɪˈteɪʃən
i/interpret.txt	3	adj	interpretive	intêrpretif	IH2 N T ER1 P R AH0 T IH0 V	ˌɪnˈtɝpɹətɪv
i/ignore.txt	1	v	ignore	to ignore -s -d -ing	IH2 G N AO1 R	ˌɪɡˈnɔɹ
i/implicate.txt	1	v	implicate	to implicait -s -ed -ing	IH1 M P L IH0 K EY2 T	ˈɪmplɪˌkeɪt
i/implicate.txt	2	f n	implication	implicâcion -s	IH2 M P L AH0 K EY1 SH AH0 N	ˌɪmpləˈkeɪʃən
i/implicate.txt	3	adj	implicative	implicaitif, implicatif		
i/Indonesia.txt	1	f n	Indonesia	Indonísia	IH2 N D OW0 N IY1 ZH AH0	ˌɪndoʊˈniʒə
i/Indonesia.txt	2	f n, adj	Indonesian	indonísian	IH2 N D OW0 N IY1 ZH AH0 N	ˌɪndoʊˈniʒən
i/infinite.txt	1	adj	infinite	infinit	IH1 N F AH0 N AH0 T	ˈɪnfənət
i/infinite.txt	2	f n	infinity	infinitie, infinitis	IH2 N F IH1 N IH0 T IY0	ˌɪnˈfɪnɪti
i/involve.txt	1	v	involve	to involve -s -d -ing	IH2 N V AA1 L V	ˌɪnˈvɑlv
i/involve.txt	2	f n	involvement	involvement -s	IH2 N V AA1 L V M AH0 N T	ˌɪnˈvɑlvmənt
i/involve.txt	3	f n	involution	involúcion -s -al		
i/involve.txt	4	adj	involute	involut		
i/infatuate.txt	1	v	infatuate	to infațuait -s -ed -ing	IH2 N F AE1 CH UW0 EY2 T	ˌɪnˈfætʃuˌeɪt
i/infatuate.txt	2	f n	infatuation	infațuâcion -s	IH2 N F AE2 CH UW0 EY1 SH AH0 N	ˌɪnˌfætʃuˈeɪʃən
i/indict.txt	1	v	indict	to indîte -s -d -ing	IH2 N D AY1 T	ˌɪnˈdaɪt
i/indict.txt	2	adj	indictable	indîtable		
i/indict.txt	3	f n	indictment	indîtement -s	IH2 N D AY1 T M AH0 N T	ˌɪnˈdaɪtmənt
i/indict.txt	4	v	indite	to endîte -s -d -ing	IH2 N D AY1 T	ˌɪnˈdaɪt
i/indict.txt	5	f n	inditement	endîtement -s		
i/identify.txt	1	f n	identity	îdentetie, îdentetis	AY0 D EH1 N T IH0 T IY2	aɪˈdɛntɪˌti
i/identify.txt	2	adj	identical	îdentical	AY0 D EH1 N T IH0 K AH0 L	aɪˈdɛntɪkəl
i/identify.txt	3	v	identify	to îdentifae -s -d îdentifyhing	AY0 D EH1 N T AH0 F AY2	aɪˈdɛntəˌfaɪ
i/identify.txt	4	f n	identifier	îdentifaer -s	AY0 D EH1 N T AH0 F AY2 ER0	aɪˈdɛntəˌfaɪɚ
i/identify.txt	5	adj	identifiable	identifîable	AY0 D EH1 N T AH0 F AY2 AH0 B AH0 L	aɪˈdɛntəˌfaɪəbəl
i/identify.txt	6	f n	identification	identificâcion -s	AY0 D EH2 N T AH0 F AH0 K EY1 SH AH0 N	aɪˌdɛntəfəˈkeɪʃən
r/root.txt	2	v	root	to r̃oute -s -d -ing	R UW1 T	ˈɹut
r/root.txt	3	v	root	to r̃oute -s -d -ing	R UW1 T	ˈɹut
r/root.txt	4	v	root	to rute -s -d -ing	R UW1 T	ˈɹut
r/ratify.txt	1	v	ratify	to ratifae -s -d ratifyhing	R AE1 T AH0 F AY2	ˈɹætəˌfaɪ
r/rate.txt	2	v	rate	to râte -s -d -ing	R EY1 T	ˈɹeɪt
r/Russia.txt	1	m n	Russia	Rossia	R AH1 SH AH0	ˈɹʌʃə
r/Russia.txt	2	m n	Russian	Rossian	R AH1 SH AH0 N	ˈɹʌʃən
r/Russia.txt	3	m n, adj	Russian	rossian -s	R AH1 SH AH0 N	ˈɹʌʃən
r/rope.txt	1	m n	rope	rope, roaps	R OW1 P	ˈɹoʊp
r/rope.txt	2	v	rope	to rope -s -d -ing	R OW1 P	ˈɹoʊp
r/rough.txt	2	v	roughen	to rofene -s -d -ing		
r/reach.txt	1	v	reach	to reic̃e -s -d -ing	R IY1 CH	ˈɹitʃ
r/reach.txt	2	m n	reach	reic̃e -s	R IY1 CH	ˈɹitʃ
r/reveal.txt	1	v	reveal	to reviele -s -d -ing	R IH0 V IY1 L	ɹɪˈvil
r/reveal.txt	1	v	reveal	to reviele -s -d -ing	R IY0 V IY1 L	ɹiˈvil
r/reveal.txt	2	f n	reveal	reviele, reviels	R IH0 V IY1 L	ɹɪˈvil
r/reveal.txt	2	f n	reveal	reviele, reviels	R IY0 V IY1 L	ɹiˈvil
r/reveal.txt	3	f n	revelation	revelâcion -s	R EH2 V AH0 L EY1 SH AH0 N	ˌɹɛvəˈleɪʃən
r/reveal.txt	4	m n	revelate	revelaitor -s		
r/reveal.txt	4	m n	revelator	revelaitor -s		
r/reveal.txt	5	adj	revelatory	revelatory	R IH0 V EH1 L AH0 T AO2 R IY0	ɹɪˈvɛləˌtɔɹi
r/renown.txt	1	f n	renown	renône	R IH0 N AW1 N	ɹɪˈnaʊn
r/recur.txt	1	v	recur	to recoure -s -d -ing	R IH0 K ER1	ɹɪˈkɝ
r/recur.txt	1	v	recur	to recoure -s -d -ing	R IY0 K ER1	ɹiˈkɝ
r/recur.txt	2	adj	recurrent	recourent	R IH0 K ER1 AH0 N T	ɹɪˈkɝənt
r/recur.txt	2	adj	recurrent	recourent	R IY0 K ER1 AH0 N T	ɹiˈkɝənt
r/recur.txt	3	f n	recurrence	recourence -s	R IH0 K ER1 AH0 N S	ɹɪˈkɝəns
r/recur.txt	3	f n	recurrence	recourence -s	R IY0 K ER1 AH0 N S	ɹiˈkɝəns
r/rupture.txt	2	v	rupture	to ropțure -s -d -ing	R AH1 P CH ER0	ˈɹʌptʃɚ
r/revolve.txt	1	v	revolve	to revolve -s -d -ing	R IY0 V AA1 L V	ɹiˈvɑlv
r/revolve.txt	2	f n	revolve	revolve -s	R IY0 V AA1 L V	ɹiˈvɑlv
r/revolve.txt	3	f n	revolver	revolver -s	R IH0 V AA1 L V ER0	ɹɪˈvɑlvɚ
r/revolve.txt	4	f n	revolution	revolúcion -s	R EH2 V AH0 L UW1 SH AH0 N	ˌɹɛvəˈluʃən
r/revolve.txt	5	adj, f n	revolutionist	revolúcionist -s	R EH2 V AH0 L UW1 SH AH0 N IH0 S T	ˌɹɛvəˈluʃənɪst
r/revolve.txt	6	adj	revolutionary	revolúcionairy	R EH2 V AH0 L UW1 SH AH0 N EH2 R IY0	ˌɹɛvəˈluʃəˌnɛɹi
r/revolve.txt	7	f n	revolutionary	revolúcionarie -is	R EH2 V AH0 L UW1 SH AH0 N EH2 R IY0	ˌɹɛvəˈluʃəˌnɛɹi
r/revolve.txt	8	v	revolutionize	to revolúcionyse -s -d -ing	R EH2 V AH0 L UW1 SH AH0 N AY2 Z	ˌɹɛvəˈluʃəˌnaɪz
r/realm.txt	1	m n	realm	relme, relms	R EH1 L M	ˈɹɛlm
r/rare.txt	2	m n	rarity	rairetie -is	R EH1 R AH0 T IY0	ˈɹɛɹəti
r/rare.txt	2	m n	rarity	rairetie -is	R EH1 R IH0 T IY0	ˈɹɛɹɪti
r/rare.txt	3	v	rarefy	to rairifae -s -d rairifyhing	R EH1 R AH0 F AY0	ˈɹɛɹəfaɪ
r/rare.txt	4	f n	rarefaction	rairefaccion -s -al		
r/rare.txt	5	adj	rare	hrer -est	R EH1 R	ˈɹɛɹ
r/risk.txt	1	m n	risk	risc -s	R IH1 S K	ˈɹɪsk
r/risk.txt	2	v	risk	to risque risc(s -d -ing	R IH1 S K	ˈɹɪsk
r/risk.txt	3	adj	risky	rischy	R IH1 S K IY0	ˈɹɪski
r/risk.txt	4	adj	risque	risquey	R IH2 S K EY1	ˌɹɪˈskeɪ
r/regular.txt	1	adj, m n	regular	regular -s	R EH1 G Y AH0 L ER0	ˈɹɛɡjəlɚ
r/regular.txt	1	adj, m n	regular	regular -s	R EY1 G Y AH0 L ER0	ˈɹeɪɡjəlɚ
r/regular.txt	2	adv	regularly	regularly	R EH1 G Y AH0 L ER0 L IY0	ˈɹɛɡjəlɚli
r/regular.txt	3	adj	irregular	irregular	IH2 R EH1 G Y AH0 L ER0	ˌɪˈɹɛɡjəlɚ
r/regular.txt	4	v	regularize	to regularyse -s -d -ing		
r/regular.txt	5	f n	regularization	regularisâcion -s		
r/regular.txt	6	f n	regularity	regularetie -is	R EH2 G Y AH0 L EH1 R AH0 T IY0	ˌɹɛɡjəˈlɛɹəti
r/resurrect.txt	1	v	resurrect	to resorecte resorecs -d -ing	R EH2 Z ER0 EH1 K T	ˌɹɛzɚˈɛkt
r/rid.txt	1	v	ridden	to ridde rid(s rid ridding	R IH1 D AH0 N	ˈɹɪdən
r/rid.txt	2	m n	riddance	riddance -s	R IH1 D AH0 N S	ˈɹɪdəns
r/ruin.txt	1	m n	ruin	rúine, rúins	R UW1 AH0 N	ˈɹuən
r/ruin.txt	1	m n	ruin	rúine, rúins	R UW1 IH0 N	ˈɹuɪn
r/ruin.txt	2	v	ruin	to rúine -s -d -ing	R UW1 AH0 N	ˈɹuən
r/ruin.txt	2	v	ruin	to rúine -s -d -ing	R UW1 IH0 N	ˈɹuɪn
r/ruin.txt	3	f n	ruinate	ruinâcion -s		
r/ruin.txt	3	f n	ruination	ruinâcion -s		
r/rune.txt	1	m n	rune	roune, rouns	R UW1 N	ˈɹun
r/reciprocate.txt	1	v	reciprocate	to recïprocait -s -ed -ing	R IH0 S IH1 P R AH0 K EY2 T	ɹɪˈsɪpɹəˌkeɪt
r/reciprocate.txt	2	f n	reciprocation	reciprocâcion -s		
r/reciprocate.txt	3	adj, f n	reciprocal	recïprocal -s	R IH0 S IH1 P R AH0 K AH0 L	ɹɪˈsɪpɹəkəl
r/regret.txt	1	v	regret	to regrète -s -d -ing	R AH0 G R EH1 T	ɹəˈɡɹɛt
r/regret.txt	1	v	regret	to regrète -s -d -ing	R IH0 G R EH1 T	ɹɪˈɡɹɛt
r/regret.txt	2	f n	regret	regrète, regrèts	R AH0 G R EH1 T	ɹəˈɡɹɛt
r/regret.txt	2	f n	regret	regrète, regrèts	R IH0 G R EH1 T	ɹɪˈɡɹɛt
r/regret.txt	3	adj	regretable	regrètable -y		
r/regret.txt	4	adj	regretful	regrètful	R IH0 G R EH1 T F AH0 L	ɹɪˈɡɹɛtfəl
r/rage.txt	2	v	rage	to raige -s -d -ing	R EY1 JH	ˈɹeɪdʒ
r/right.txt	1	adj, m n	right	roiht -s	R AY1 T	ˈɹaɪt
r/right.txt	2	v	right	to roihte -s -d -ing	R AY1 T	ˈɹaɪt
r/right.txt	3	adj	righteous	roihteus, -ly -ness	R AY1 CH AH0 S	ˈɹaɪtʃəs
r/ruble.txt	1	m n	ruble	rouble, roubils	R UW1 B AH0 L	ˈɹubəl
r/ratio.txt	1	m n	ratio	râçio -s	R EY1 SH IY0 OW2	ˈɹeɪʃiˌoʊ
r/ratio.txt	2	v	ratio	to râçioe -s -d râçiouing	R EY1 SH IY0 OW2	ˈɹeɪʃiˌoʊ
r/reminisce.txt	2	adj	reminiscent	reminïcent	R EH2 M AH0 N IH1 S AH0 N T	ˌɹɛməˈnɪsənt
r/reminisce.txt	3	v	reminisce	to reminïce -s -d -ing	R EH2 M AH0 N IH1 S	ˌɹɛməˈnɪs
r/round.txt	1	adj, adv	round	rônd	R AW1 N D	ˈɹaʊnd
r/round.txt	3	m n	round	rônde, rônds	R AW1 N D	ˈɹaʊnd
r/round.txt	4	v	round	to rônde -s -d -ing	R AW1 N D	ˈɹaʊnd
r/republic.txt	1	f n	republic	republic -s	R IY0 P AH1 B L AH0 K	ɹiˈpʌblək
r/republic.txt	1	f n	republic	republic -s	R IY0 P AH1 B L IH0 K	ɹiˈpʌblɪk
r/republic.txt	2	adj, f n	republican	republican -s	R IH0 P AH1 B L IH0 K AH0 N	ɹɪˈpʌblɪkən
r/republic.txt	2	adj, f n	republican	republican -s	R IY0 P AH1 B L AH0 K AH0 N	ɹiˈpʌbləkən
r/republic.txt	2	adj, f n	republican	republican -s	R IY0 P AH1 B L IH0 K AH0 N	ɹiˈpʌblɪkən
r/roam.txt	1	v	roam	to roame -s -d -ing	R OW1 M	ˈɹoʊm
r/roam.txt	2	m n	roam	roame, roams	R OW1 M	ˈɹoʊm
r/rock.txt	1	m n	rock	roc, rox	R AA1 K	ˈɹɑk
r/rock.txt	2	v	rock	to roche roc(s -d -ing	R AA1 K	ˈɹɑk
r/resume.txt	1	v	resume	to resoume -s -d -ing	R IH0 Z UW1 M	ɹɪˈzum
r/resume.txt	1	v	resume	to resoume -s -d -ing	R IY0 Z UW1 M	ɹiˈzum
r/resume.txt	1	v	resume	to resoume -s -d -ing	R EH1 Z AH0 M EY2	ˈɹɛzəˌmeɪ
r/resume.txt	2	f n	résumé	résomé -s		
r/resume.txt	3	adj	resumable	resoumable		
r/resume.txt	4	f n	resumption	resomption -s	R IH0 Z AH1 M P SH AH0 N	ɹɪˈzʌmpʃən
r/resume.txt	4	f n	resumption	resomption -s	R IY0 Z AH1 M P SH AH0 N	ɹiˈzʌmpʃən
r/resume.txt	4	f n	resumption	resomption -s	R IH0 Z AH1 M SH AH0 N	ɹɪˈzʌmʃən
r/resume.txt	4	f n	resumption	resomption -s	R IY0 Z AH1 M SH AH0 N	ɹiˈzʌmʃən
r/revert.txt	1	v	revert	to reverte -s -d -ing	R IH0 V ER1 T	ɹɪˈvɝt
r/revert.txt	1	v	revert	to reverte -s -d -ing	R IY0 V ER1 T	ɹiˈvɝt
r/revert.txt	3	adj, f n	reverse	reverse	R IH0 V ER1 S	ɹɪˈvɝs
r/revert.txt	3	adj, f n	reverse	reverse	R IY0 V ER1 S	ɹiˈvɝs
r/revert.txt	4	v	reverse	to reverse -s -d -ing	R IH0 V ER1 S	ɹɪˈvɝs
r/revert.txt	4	v	reverse	to reverse -s -d -ing	R IY0 V ER1 S	ɹiˈvɝs
r/refract.txt	1	v	refract	to refracte refracs -d -ing		
r/refract.txt	2	adj	refractory	refràctory	R AH0 F R AE1 K T ER0 IY0	ɹəˈfɹæktɚi
r/refract.txt	3	f n	refraction	refraccion -s		
r/reserve.txt	1	v	reserve	to resêve -s -d -ing	R IH0 Z ER1 V	ɹɪˈzɝv
r/reserve.txt	1	v	reserve	to resêve -s -d -ing	R IY0 Z ER1 V	ɹiˈzɝv
r/reserve.txt	2	f n	reserve	resêve -s	R IH0 Z ER1 V	ɹɪˈzɝv
r/reserve.txt	2	f n	reserve	resêve -s	R IY0 Z ER1 V	ɹiˈzɝv
r/reserve.txt	3	f n	reservation	reservâcion -s	R EH2 Z ER0 V EY1 SH AH0 N	ˌɹɛzɚˈveɪʃən
r/reserve.txt	4	f n	reservoir	resevoare, resevoárs	R EH1 Z AH0 V W AA2 R	ˈɹɛzəvˌwɑɹ
r/reserve.txt	4	f n	reservoir	resevoare, resevoárs	R EH1 Z ER0 V W AA2 R	ˈɹɛzɚvˌwɑɹ
r/remain.txt	1	v	remain	to remaine -s -d -ing	R IH0 M EY1 N	ɹɪˈmeɪn
r/remain.txt	1	v	remain	to remaine -s -d -ing	R IY0 M EY1 N	ɹiˈmeɪn
r/remain.txt	2	f n	remain	remaîns	R IH0 M EY1 N	ɹɪˈmeɪn
r/remain.txt	2	f n	remain	remaîns	R IY0 M EY1 N	ɹiˈmeɪn
r/remain.txt	3	f n	remainder	remaîndre, remaîndars	R IH0 M EY1 N D ER0	ɹɪˈmeɪndɚ
r/remain.txt	3	f n	remainder	remaîndre, remaîndars	R IY0 M EY1 N D ER0	ɹiˈmeɪndɚ
r/reel.txt	1	m n	reel	riele, riels	R IY1 L	ˈɹil
r/reel.txt	2	v	reel	to riele -s -d -ing	R IY1 L	ˈɹil
r/reflect.txt	1	v	reflect	to reflecte reflecs -d -ing	R IH0 F L EH1 K T	ɹɪˈflɛkt
r/reflect.txt	2	f n	reflection	refleccion -s	R IH0 F L EH1 K SH AH0 N	ɹɪˈflɛkʃən
r/reflect.txt	3	adj	reflective	reflectif	R IH0 F L EH1 K T IH0 V	ɹɪˈflɛktɪv
r/redeem.txt	1	v	redeem	to redime -s -d -ing	R IH0 D IY1 M	ɹɪˈdim
r/redeem.txt	2	f n	redemption	redemption -s	R IH0 D EH1 M P SH AH0 N	ɹɪˈdɛmpʃən
r/redeem.txt	2	f n	redemption	redemption -s	R IH0 D EH1 M SH AH0 N	ɹɪˈdɛmʃən
r/redeem.txt	3	adj	redemptive	redemptif	R IH0 D EH1 M P T IH0 V	ɹɪˈdɛmptɪv
r/redeem.txt	3	adj	redemptive	redemptif	R IH0 D EH1 M T IH0 V	ɹɪˈdɛmtɪv
r/redeem.txt	4	adj, f n	redeemable	redímable, redímabils	R IH0 D IY1 M AH0 B AH0 L	ɹɪˈdiməbəl
r/redeem.txt	5	adj	irredeemable	irredímable		
r/raccoon.txt	1	f n	raccoon	racoune, racouns	R AE0 K UW1 N	ɹæˈkun
r/retreat.txt	1	f n	retreat	retrite, retríts	R IY0 T R IY1 T	ɹiˈtɹit
r/retreat.txt	2	v	retreat	to retrite -s -d -ing	R IY0 T R IY1 T	ɹiˈtɹit
r/recompense.txt	1	f n	recompense	recompense	R EH1 K AH0 M P EH2 N S	ˈɹɛkəmˌpɛns
r/recompense.txt	2	v	recompense	to recompense -s -d -ing	R EH1 K AH0 M P EH2 N S	ˈɹɛkəmˌpɛns
r/respect.txt	1	v	respect	to respecte -s -d -ing	R IH0 S P EH1 K T	ɹɪˈspɛkt
r/respect.txt	1	v	respect	to respecte -s -d -ing	R IY0 S P EH1 K T	ɹiˈspɛkt
r/respect.txt	3	adj	respectable	respèctable	R IH0 S P EH1 K T AH0 B AH0 L	ɹɪˈspɛktəbəl
r/respect.txt	3	adj	respectable	respèctable	R IY0 S P EH1 K T AH0 B AH0 L	ɹiˈspɛktəbəl
r/respect.txt	4	adj	respective	respèctif	R IH0 S P EH1 K T IH0 V	ɹɪˈspɛktɪv
r/respect.txt	4	adj	respective	respèctif	R IY0 S P EH1 K T IH0 V	ɹiˈspɛktɪv
r/reappraise.txt	1	v	reappraise	to riappreise -s -d -ing	R IY2 AH0 P R EY1 Z	ˌɹiəˈpɹeɪz
r/reappraise.txt	2	f n	reappraisal	riappréisal -s	R IY2 AH0 P R EY1 Z AH0 L	ˌɹiəˈpɹeɪzəl
r/regulate.txt	1	v	regulate	to regulait -s -ed -ing	R EH1 G Y AH0 L EY2 T	ˈɹɛɡjəˌleɪt
r/regulate.txt	2	f n	regulation	regulâcion -s	R EH2 G Y AH0 L EY1 SH AH0 N	ˌɹɛɡjəˈleɪʃən
r/regulate.txt	3	m n	regulator	regulaitor -s	R EH1 G Y AH0 L EY2 T ER0	ˈɹɛɡjəˌleɪtɚ
r/regulate.txt	5	adj	regulatory	regulatory	R EH1 G Y AH0 L AH0 T AO2 R IY0	ˈɹɛɡjələˌtɔɹi
r/regime.txt	1	f n	regime	regime, regíms	R AH0 ZH IY1 M	ɹəˈʒim
r/regime.txt	1	f n	regime	regime, regíms	R EY0 ZH IY1 M	ɹeɪˈʒim
r/rebuke.txt	1	v	rebuke	to rebuque rebúc(s -d -ing	R IY0 B Y UW1 K	ɹiˈbjuk
r/rebuke.txt	1	v	rebuke	to rebuque rebúc(s -d -ing	R IH0 B Y UW1 K	ɹɪˈbjuk
r/rebuke.txt	2	f n	rebuke	rebúc -s	R IY0 B Y UW1 K	ɹiˈbjuk
r/rebuke.txt	2	f n	rebuke	rebúc -s	R IH0 B Y UW1 K	ɹɪˈbjuk
r/river.txt	1	m n	river	rivre, rivars	R IH1 V ER0	ˈɹɪvɚ
r/rein.txt	1	m n	rein	reine, reins	R EY1 N	ˈɹeɪn
r/rein.txt	2	v	rein	to reine -s -d -ing	R EY1 N	ˈɹeɪn
r/redundant.txt	1	adj, f n	redundant	redondant	R IH0 D AH1 N D AH0 N T	ɹɪˈdʌndənt
r/redundant.txt	2	obs, f n	redundance	redondance		
r/redundant.txt	3	f n	redundancy	redondancie, -is	R IH0 D AH1 N D AH0 N S IY0	ɹɪˈdʌndənsi
r/refer.txt	1	v	refer	to refêr refê(s refêd refêring	R AH0 F ER1	ɹəˈfɝ
r/refer.txt	1	v	refer	to refêr refê(s refêd refêring	R IH0 F ER1	ɹɪˈfɝ
r/refer.txt	2	m n	reference	refrence -s	R EH1 F ER0 AH0 N S	ˈɹɛfɚəns
r/refer.txt	2	m n	reference	refrence -s	R EH1 F R AH0 N S	ˈɹɛfɹəns
r/refer.txt	3	v	reference	to refrence -s -d -ing	R EH1 F ER0 AH0 N S	ˈɹɛfɚəns
r/refer.txt	3	v	reference	to refrence -s -d -ing	R EH1 F R AH0 N S	ˈɹɛfɹəns
r/refer.txt	4	f n	referral	refêral -s	R IH0 F ER1 AH0 L	ɹɪˈfɝəl
r/rye.txt	1	m n	rye	ryhe	R AY1	ˈɹaɪ
r/rye.txt	2	adj	rye	ryh	R AY1	ˈɹaɪ
r/resource.txt	1	f n	resource	ressorce -s	R IY1 S AO0 R S	ˈɹisɔɹs
r/resource.txt	2	v	resource	to ressorce -s -d -ing	R IY1 S AO0 R S	ˈɹisɔɹs
r/react.txt	1	v	react	to riacte riacs -d -ing	R IY0 AE1 K T	ɹiˈækt
r/react.txt	2	f n	reaction	riaccion -s	R IY0 AE1 K SH AH0 N	ɹiˈækʃən
r/react.txt	3	adj	reactionary	riaccionairy	R IY0 AE1 K SH AH0 N EH2 R IY0	ɹiˈækʃəˌnɛɹi
r/react.txt	4	adj	reactive	riactif	R IY0 AE1 K T IH0 V	ɹiˈæktɪv
r/revoke.txt	1	v	revoke	to revoque revoac(s -d -ing	R IH0 V OW1 K	ɹɪˈvoʊk
r/revoke.txt	1	v	revoke	to revoque revoac(s -d -ing	R IY0 V OW1 K	ɹiˈvoʊk
r/revoke.txt	2	f n	revocation	revocâcion -s	R EH2 V AH0 K EY1 SH AH0 N	ˌɹɛvəˈkeɪʃən
r/rave.txt	1	v	rave	to râve -s -d -ing	R EY1 V	ˈɹeɪv
r/rave.txt	2	m n	rave	râve -s	R EY1 V	ˈɹeɪv
r/reconcile.txt	1	v	reconcile	to reconcyle -s -d -ing	R EH1 K AH0 N S AY2 L	ˈɹɛkənˌsaɪl
r/reconcile.txt	2	adj	reconcilable	reconcîlable -y		
r/reconcile.txt	3	f n	reconciliation	reconciliâcion -s	R EH2 K AH0 N S IH2 L IY0 EY1 SH AH0 N	ˌɹɛkənˌsɪliˈeɪʃən
r/rod.txt	1	m n	rod	rodde, rods	R AA1 D	ˈɹɑd
r/rail.txt	1	v	rail	to raile -s -d -ing	R EY1 L	ˈɹeɪl
r/rail.txt	2	m n	rail	râle, râls	R EY1 L	ˈɹeɪl
r/rail.txt	3	m n	rail	réile, réils	R EY1 L	ˈɹeɪl
r/rail.txt	4	v	rail	to réile -s -d -ing	R EY1 L	ˈɹeɪl
r/rail.txt	5	m n	railroad	réilrode, réilroads	R EY1 L R OW2 D	ˈɹeɪlˌɹoʊd
r/rail.txt	6	v	railroad	to réilrode -s -d -ing	R EY1 L R OW2 D	ˈɹeɪlˌɹoʊd
r/rot.txt	1	v	rot	to rotte rot(s -d -ing	R AA1 T	ˈɹɑt
r/rot.txt	2	m n	rot	rotte	R AA1 T	ˈɹɑt
r/rot.txt	3	adj	rotten	rotten	R AA1 T AH0 N	ˈɹɑtən
r/raid.txt	1	m n	raid	râde, râds	R EY1 D	ˈɹeɪd
r/raid.txt	2	v	raid	to râde -s -d -ing	R EY1 D	ˈɹeɪd
r/revolt.txt	1	v	revolt	to revólte -s -d -ing	R IH0 V OW1 L T	ɹɪˈvoʊlt
r/revolt.txt	1	v	revolt	to revólte -s -d -ing	R IY0 V OW1 L T	ɹiˈvoʊlt
r/revolt.txt	2	f n	revolt	revólte, revólts	R IH0 V OW1 L T	ɹɪˈvoʊlt
r/revolt.txt	2	f n	revolt	revólte, revólts	R IY0 V OW1 L T	ɹiˈvoʊlt
r/refrigerate.txt	1	v	refrigerate	to refrigerait -s -ed -ing	R IH0 F R IH1 JH ER0 EY2 T	ɹɪˈfɹɪdʒɚˌeɪt
r/refrigerate.txt	2	f n	refrigerator	refrigeraitor -s	R AH0 F R IH1 JH ER0 EY2 T ER0	ɹəˈfɹɪdʒɚˌeɪtɚ
r/refrigerate.txt	2	f n	refrigerator	refrigeraitor -s	R IH0 F R IH1 JH ER0 EY2 T ER0	ɹɪˈfɹɪdʒɚˌeɪtɚ
r/refrigerate.txt	3	f n	refrigeration	refrigerâcion -s	R IH0 F R IH2 JH ER0 EY1 SH AH0 N	ɹɪˌfɹɪdʒɚˈeɪʃən
r/religion.txt	3	f n	religiosity	religïossetie -is	R IH0 L IH2 JH IY0 AA1 S AH0 T IY0	ɹɪˌlɪdʒiˈɑsəti
r/replenish.txt	1	v	replenish	to replenișe -s -d -ing	R IY0 P L EH1 N IH0 SH	ɹiˈplɛnɪʃ
r/reign.txt	1	m n	reign	reigne, reigns	R EY1 N	ˈɹeɪn
r/reign.txt	2	v	reign	to reigne -s -d -ing	R EY1 N	ˈɹeɪn
r/reign.txt	3	adj, m n	regnant	regnant -s		
r/replete.txt	1	adj	replete	replite	R IY0 P L IY1 T	ɹiˈplit
r/repel.txt	1	v	repel	to repelle -s -d -ing	R IH0 P EH1 L	ɹɪˈpɛl
r/repel.txt	2	adj, f n	repellant	repellent -s		
r/repel.txt	2	adj, f n	repellent	repellent -s	R IH0 P EH1 L AH0 N T	ɹɪˈpɛlənt
r/rove.txt	1	v	rove	to roave -s -d -ing	R OW1 V	ˈɹoʊv
r/remark.txt	1	v	remark	to remarque remarc(s -ed -ing	R IH0 M AA1 R K	ɹɪˈmɑɹk
r/remark.txt	1	v	remark	to remarque remarc(s -ed -ing	R IY0 M AA1 R K	ɹiˈmɑɹk
r/remark.txt	2	f n	remark	remarc -s	R IH0 M AA1 R K	ɹɪˈmɑɹk
r/remark.txt	2	f n	remark	remarc -s	R IY0 M AA1 R K	ɹiˈmɑɹk
r/remark.txt	3	adj	remarkable	remarcable -y	R IH0 M AA1 R K AH0 B AH0 L	ɹɪˈmɑɹkəbəl
r/remark.txt	3	adj	remarkable	remarcable -y	R IY0 M AA1 R K AH0 B AH0 L	ɹiˈmɑɹkəbəl
r/remind.txt	1	v	remind	to remŷnde -s -d -ing	R IY0 M AY1 N D	ɹiˈmaɪnd
r/remind.txt	2	f n	reminder	remŷnder -s	R IY0 M AY1 N D ER0	ɹiˈmaɪndɚ
r/Reich.txt	1	m n	Reich	Reaic, Reaix	R AY1 K	ˈɹaɪk
r/Rhode-Island.txt	1	m n	Rhode Island	Rhode Îland	R OW1 D AY1 L AH0 N D	ˈɹoʊˈdaɪlənd
r/Rhode-Island.txt	2	adj, f n	Rhode Islander	rhodîlandor	R OW1 D AY1 L AH0 N D ER0	ˈɹoʊˈdaɪləndɚ
r/reappear.txt	1	v	reappear	to riappire -s -d -ing	R IY2 AH0 P IH1 R	ˌɹiəˈpɪɹ
r/reappear.txt	2	f n	reappearance	riappirence -s	R IY2 AH0 P IH1 R AH0 N S	ˌɹiəˈpɪɹəns
r/resolve.txt	1	v	resolve	to resolve -s -d -ing	R IY0 Z AA1 L V	ɹiˈzɑlv
r/resolve.txt	2	f n	resolve	resolve -s	R IY0 Z AA1 L V	ɹiˈzɑlv
r/resolve.txt	3	f n	resolution	resolúcion -s	R EH2 Z AH0 L UW1 SH AH0 N	ˌɹɛzəˈluʃən
r/resolve.txt	4	adj	resolute	resolut	R EH1 Z AH0 L UW2 T	ˈɹɛzəˌlut
r/renew.txt	1	v	renew	to renoue -s -d -ïng	R IH0 N UW1	ɹɪˈnu
r/renew.txt	2	adj, f n	renewable	renouable, renouabils	R IY0 N UW1 AH0 B AH0 L	ɹiˈnuəbəl
r/renew.txt	3	f n	renewal	renoual -s	R IH0 N UW1 AH0 L	ɹɪˈnuəl
r/restore.txt	1	v	restore	to restore -s -d -ing	R IH0 S T AO1 R	ɹɪˈstɔɹ
r/restore.txt	2	f n	restoration	restorâcion -s	R EH2 S T ER0 EY1 SH AH0 N	ˌɹɛstɚˈeɪʃən
r/restore.txt	3	adj, f n	restorative	restóratif -s -vly -ness	R AH0 S T AO1 R AH0 T IH0 V	ɹəˈstɔɹətɪv
r/readjust.txt	1	v	readjust	to riajoste -s -d -ing	R IY2 AH0 JH AH1 S T	ˌɹiəˈdʒʌst
r/readjust.txt	2	f n	readjustment	riajostement -s	R IY0 AH0 JH AH1 S T M AH0 N T	ɹiəˈdʒʌstmənt
r/reed.txt	1	m n	reed	rhide, rhíds	R IY1 D	ˈɹid
r/reed.txt	2	v	reed	to rhide -s -d -ing	R IY1 D	ˈɹid
r/ride.txt	1	irv	ride	to rîde -s rode ridan -ing	R AY1 D	ˈɹaɪd
r/ride.txt	2	m n	ride	rîde, rîds	R AY1 D	ˈɹaɪd
r/ride.txt	3	m n	rider	rîder -s	R AY1 D ER0	ˈɹaɪdɚ
r/ride.txt	4	adj	bedridden	bedridan	B EH1 D R IH2 D AH0 N	ˈbɛˌdɹɪdən
r/run.txt	1	irv	run	to rone -s ran ron -ing	R AH1 N	ˈɹʌn
r/run.txt	2	m n	run	rone, rons	R AH1 N	ˈɹʌn
r/run.txt	3	m n	runner	roner -s	R AH1 N ER0	ˈɹʌnɚ
r/racquet.txt	1	m n	racquet	raquete, raquets	R AE1 K IH0 T	ˈɹækɪt
r/receive.txt	1	v	receive	to receive -s -d -ing	R AH0 S IY1 V	ɹəˈsiv
r/receive.txt	1	v	receive	to receive -s -d -ing	R IH0 S IY1 V	ɹɪˈsiv
r/receive.txt	1	v	receive	to receive -s -d -ing	R IY0 S IY1 V	ɹiˈsiv
r/receive.txt	2	f n	receipt	receite, receits	R IH0 S IY1 T	ɹɪˈsit
r/receive.txt	2	f n	receipt	receite, receits	R IY0 S IY1 T	ɹiˈsit
r/receive.txt	3	adj, f n	receivable	receivable -y	R IH0 S IY1 V AH0 B AH0 L	ɹɪˈsivəbəl
r/receive.txt	4	adj, f n	recipient	recipient -s	R AH0 S IH1 P IY0 AH0 N T	ɹəˈsɪpiənt
r/receive.txt	4	adj, f n	recipient	recipient -s	R IH0 S IH1 P IY0 AH0 N T	ɹɪˈsɪpiənt
r/receive.txt	6	adj	receptive	receptif -vly	R IH0 S EH1 P T IH0 V	ɹɪˈsɛptɪv
r/receive.txt	6	adj	receptive	receptif -vly	R IY0 S EH1 P T IH0 V	ɹiˈsɛptɪv
r/receive.txt	8	f n	receptor [L]	receptre, receptors	R IY0 S EH1 P T ER0 EH1 L	ɹiˈsɛptɚˈɛl
r/reckon.txt	1	v	reckon	to rècane -s -d -ing	R EH1 K AH0 N	ˈɹɛkən
r/raze.txt	1	v	raze	to râse -s -d -ing	R EY1 Z	ˈɹeɪz
r/raze.txt	2	m n	razor	râsor -s	R EY1 Z ER0	ˈɹeɪzɚ
r/raze.txt	3	m n	rash	rasce -s	R AE1 SH	ˈɹæʃ
r/raze.txt	4	v	erase	to erâsse -s -d -ing	IH0 R EY1 S	ɪˈɹeɪs
r/raze.txt	4	v	erase	to erâsse -s -d -ing	IY0 R EY1 S	iˈɹeɪs
r/raze.txt	5	f n	erasure	erâsşure -s		
r/raze.txt	6	adj	erasable	erâssable	IH0 R EY1 S AH0 B AH0 L	ɪˈɹeɪsəbəl
r/raze.txt	6	adj	erasable	erâssable	IY1 R EY0 S AH0 B AH0 L	ˈiɹeɪsəbəl
r/relieve.txt	1	f n	relief	reliefe	R IH0 L IY1 F	ɹɪˈlif
r/relieve.txt	1	f n	relief	reliefe	R IY0 L IY1 F	ɹiˈlif
r/relieve.txt	2	v	relieve	to relieve -s -d -ing	R IH0 L IY1 V	ɹɪˈliv
r/relieve.txt	2	v	relieve	to relieve -s -d -ing	R IY0 L IY1 V	ɹiˈliv
r/raspberry.txt	1	m n	raspberry	rasberrie -is	R AE1 Z B EH2 R IY0	ˈɹæzˌbɛɹi
r/rejoice.txt	1	v	rejoice	to rejoice -s -d -ing	R IH0 JH OY1 S	ɹɪˈdʒɔɪs
r/resist.txt	1	v	resist	to resiste -s -d -ing	R IH0 Z IH1 S T	ɹɪˈzɪst
r/resist.txt	1	v	resist	to resiste -s -d -ing	R IY0 Z IH1 S T	ɹiˈzɪst
r/resist.txt	2	f n	resister	resisteur -s		
r/resist.txt	4	adj	resistant	resistent	R IH0 Z IH1 S T AH0 N T	ɹɪˈzɪstənt
r/resist.txt	4	adj	resistant	resistent	R IY0 Z IH1 S T AH0 N T	ɹiˈzɪstənt
r/resist.txt	5	adj	resistible	resïstable		
r/ranch.txt	1	m n	ranch	ranc̃e -s	R AE1 N CH	ˈɹæntʃ
r/ranch.txt	2	v	ranch	to ranc̃e -s -d -ing	R AE1 N CH	ˈɹæntʃ
r/ridicule.txt	1	m n	ridicule	rïdicule	R IH1 D AH0 K Y UW2 L	ˈɹɪdəˌkjul
r/ridicule.txt	2	v	ridicule	to rïdicule -s -d -ing	R IH1 D AH0 K Y UW2 L	ˈɹɪdəˌkjul
r/ridicule.txt	3	adj	ridiculous	ridiculus	R IH0 D IH1 K Y AH0 L AH0 S	ɹɪˈdɪkjələs
r/record.txt	2	v	record	to recorde -s -d -ing	R AH0 K AO1 R D	ɹəˈkɔɹd
r/record.txt	2	v	record	to recorde -s -d -ing	R EH1 K ER0 D	ˈɹɛkɚd
r/record.txt	2	v	record	to recorde -s -d -ing	R IH0 K AO1 R D	ɹɪˈkɔɹd
r/record.txt	3	f n	recordation	recordâcion -s		
r/record.txt	4	adj	recordable	recórdable	R IH0 K AO1 R D AH0 B AH0 L	ɹɪˈkɔɹdəbəl
r/rise.txt	1	irv	rise	to rîse -s rose risan -ing	R AY1 Z	ˈɹaɪz
r/rise.txt	2	m n	rise	rîse -s	R AY1 Z	ˈɹaɪz
r/rule.txt	1	m n	rule	reule, reuls	R UW1 L	ˈɹul
r/rule.txt	2	v	rule	to reule -s -d -ing	R UW1 L	ˈɹul
r/rule.txt	3	m n	ruler	reuler -s	R UW1 L ER0	ˈɹulɚ
r/recommit.txt	1	v	recommit	to ricomitte -s -d -ing	R IH0 K AA1 M IH0 T	ɹɪˈkɑmɪt
r/recommit.txt	1	v	recommit	to ricomitte -s -d -ing	R IY2 K AH0 M IH1 T	ˌɹikəˈmɪt
r/rest.txt	1	m n	rest	raiste	R EH1 S T	ˈɹɛst
r/rest.txt	2	v	rest	to raiste -s -d -ing	R EH1 S T	ˈɹɛst
r/rest.txt	3	m n	rest	reste	R EH1 S T	ˈɹɛst
r/rest.txt	4	v	rest	to reste -s -d -ing	R EH1 S T	ˈɹɛst
r/report.txt	1	v	report	to reporte -s -d -ing	R IY0 P AO1 R T	ɹiˈpɔɹt
r/report.txt	1	v	report	to reporte -s -d -ing	R IH0 P AO1 R T	ɹɪˈpɔɹt
r/report.txt	2	f n	report	reporte, repórts	R IY0 P AO1 R T	ɹiˈpɔɹt
r/report.txt	2	f n	report	reporte, repórts	R IH0 P AO1 R T	ɹɪˈpɔɹt
r/roan.txt	1	adj, m n	roan	roan(e	R OW1 N	ˈɹoʊn
r/refine.txt	1	v	refine	to refîne -s -d -ing	R AH0 F AY1 N	ɹəˈfaɪn
r/refine.txt	1	v	refine	to refîne -s -d -ing	R IH0 F AY1 N	ɹɪˈfaɪn
r/refine.txt	2	f n	refinement	refînement -s	R AH0 F AY1 N M AH0 N T	ɹəˈfaɪnmənt
r/repudiate.txt	1	v	repudiate	to repúdiait -s -ed -ing	R IY0 P Y UW1 D IY0 EY2 T	ɹiˈpjudiˌeɪt
r/repudiate.txt	2	f n	repudiation	repudiâcion -s	R IH0 P Y UW2 D IY0 EY1 SH AH0 N	ɹɪˌpjudiˈeɪʃən
r/repudiate.txt	3	adj	repudiatory	repúdiatory		
r/rebel.txt	1	adj, m n	rebel	reble, rebels	R EH1 B AH0 L	ˈɹɛbəl
r/rebel.txt	1	adj, m n	rebel	reble, rebels	R IH0 B EH1 L	ɹɪˈbɛl
r/rebel.txt	2	v	rebel	to rebelle -s -d -ing	R EH1 B AH0 L	ˈɹɛbəl
r/rebel.txt	2	v	rebel	to rebelle -s -d -ing	R IH0 B EH1 L	ɹɪˈbɛl
r/rebel.txt	4	adj	rebellious	rebellieus	R IH0 B EH1 L Y AH0 S	ɹɪˈbɛljəs
r/rebel.txt	4	adj	rebellious	rebellieus	R AH0 B EH1 L Y AH0 S	ɹəˈbɛljəs
r/repulse.txt	1	v	repulse	to repulse -s -d -ing	R IY0 P AH1 L S	ɹiˈpʌls
r/repulse.txt	3	adj	repulsive	repulsif	R IY0 P AH1 L S IH0 V	ɹiˈpʌlsɪv
r/rice.txt	1	m n	rice	rîce	R AY1 S	ˈɹaɪs
r/rapture.txt	2	v	rapture	to rapțure -s -d -ing	R AE1 P CH ER0	ˈɹæptʃɚ
r/rake.txt	1	v	rake	to raic -s raiched raiching	R EY1 K	ˈɹeɪk
r/rake.txt	2	m n	rake	raic, raix	R EY1 K	ˈɹeɪk
r/recess.txt	1	m n	recess	ricess -es	R IH0 S EH1 S	ɹɪˈsɛs
r/recess.txt	1	m n	recess	ricess -es	R IY1 S EH0 S	ˈɹisɛs
r/recess.txt	2	v	recess	to recesse -s -d -ing	R IH0 S EH1 S	ɹɪˈsɛs
r/recess.txt	2	v	recess	to recesse -s -d -ing	R IY1 S EH0 S	ˈɹisɛs
r/recess.txt	3	f n	recession	recession -s	R IH0 S EH1 SH AH0 N	ɹɪˈsɛʃən
r/recess.txt	3	f n	recession	recession -s	R IY2 S EH1 SH AH0 N	ˌɹiˈsɛʃən
r/recess.txt	4	adj	recessional	recessional -ly		
r/recess.txt	5	adj	recessive	recessif -vly	R AH0 S EH1 S IH0 V	ɹəˈsɛsɪv
r/recess.txt	6	v	recede	to recide -s -d -ing	R IH0 S IY1 D	ɹɪˈsid
r/replace.txt	1	v	replace	to replâce -s -d -ing	R IY2 P L EY1 S	ˌɹiˈpleɪs
r/replace.txt	1	v	replace	to replâce -s -d -ing	ER0 P L EY1 S	ɚˈpleɪs
r/replace.txt	2	adj	replaceable	replâçable	R IY2 P L EY1 S AH0 B AH0 L	ˌɹiˈpleɪsəbəl
r/replace.txt	3	f n	replaceable	replâçable, replâçabils	R IY2 P L EY1 S AH0 B AH0 L	ˌɹiˈpleɪsəbəl
r/replace.txt	4	adj, f n	irreplaceable	irreplâçable, irreplâçabils	IH2 R AH0 P L EY1 S AH0 B AH0 L	ˌɪɹəˈpleɪsəbəl
r/replace.txt	5	f n	replacement	replâcement -s	R IH0 P L EY1 S M AH0 N T	ɹɪˈpleɪsmənt
r/replace.txt	6	f n	replaceability	replâçabilitie -is		
r/restrict.txt	1	v	restrict	to restricte restrics -d -ing	R IY0 S T R IH1 K T	ɹiˈstɹɪkt
r/restrict.txt	2	adj	restrictive	restrictif -vly	R IY0 S T R IH1 K T IH0 V	ɹiˈstɹɪktɪv
r/roast.txt	1	v	roast	to róste -s -d -ing	R OW1 S T	ˈɹoʊst
r/roast.txt	2	m n	roast	róste, rósts	R OW1 S T	ˈɹoʊst
r/racket.txt	1	m n	racket	racate, racats	R AE1 K IH0 T	ˈɹækɪt
r/racket.txt	2	f n	racketeer	racatire, racatiers	R AE2 K IH0 T IH1 R	ˌɹækɪˈtɪɹ
r/road.txt	1	m n	road	rode, roads	R OW1 D	ˈɹoʊd
r/rash.txt	1	adj	rash	raș	R AE1 SH	ˈɹæʃ
r/repeat.txt	1	v	repeat	to repite -s -d -ing	R IH0 P IY1 T	ɹɪˈpit
r/repeat.txt	1	v	repeat	to repite -s -d -ing	R IY0 P IY1 T	ɹiˈpit
r/repeat.txt	2	f n	repeat	repite, repíts	R IH0 P IY1 T	ɹɪˈpit
r/repeat.txt	2	f n	repeat	repite, repíts	R IY0 P IY1 T	ɹiˈpit
r/repeat.txt	3	adj	repeat	repít	R IH0 P IY1 T	ɹɪˈpit
r/repeat.txt	3	adj	repeat	repít	R IY0 P IY1 T	ɹiˈpit
r/repeat.txt	4	f n	repeater	repiter -s	R IH0 P IY1 T ER0	ɹɪˈpitɚ
r/repeat.txt	5	adj	repetitive	repètitif -vly	R IH0 P EH1 T IH0 T IH0 V	ɹɪˈpɛtɪtɪv
r/repeat.txt	7	adj	repetitious	repeticeus -ly -ness	R EH2 P AH0 T IH1 SH AH0 S	ˌɹɛpəˈtɪʃəs
r/reject.txt	1	v	reject	to rejecte rejecs -d -ing	R IH0 JH EH1 K T	ɹɪˈdʒɛkt
r/reject.txt	1	v	reject	to rejecte rejecs -d -ing	R IY1 JH EH0 K T	ˈɹidʒɛkt
r/reject.txt	2	m n	reject	rigect, rigecs	R IH0 JH EH1 K T	ɹɪˈdʒɛkt
r/reject.txt	2	m n	reject	rigect, rigecs	R IY1 JH EH0 K T	ˈɹidʒɛkt
r/reject.txt	3	f n	rejection	rejeccion -s	R IH0 JH EH1 K SH AH0 N	ɹɪˈdʒɛkʃən
r/reject.txt	3	f n	rejection	rejeccion -s	R IY0 JH EH1 K SH AH0 N	ɹiˈdʒɛkʃən
r/reject.txt	4	f n	rejectee	rejectie, rejectis		
r/refrain.txt	1	v	refrain	to refreine -s -d -ing	R IH0 F R EY1 N	ɹɪˈfɹeɪn
r/recite.txt	1	v	recite	to recîte -s -d -ing	R AH0 S AY1 T	ɹəˈsaɪt
r/recite.txt	2	f n	recital	recîtal -s	R AH0 S AY1 T AH0 L	ɹəˈsaɪtəl
r/recite.txt	3	f n	recitation	recitâcion -s	R EH2 S AH0 T EY1 SH AH0 N	ˌɹɛsəˈteɪʃən
r/recite.txt	4	f n	recitative	recitative -s		
r/roof.txt	1	m n	roof	roufe, roufs	R UW1 F	ˈɹuf
r/roof.txt	1	m n	roof	roufe, roufs	R UH1 F	ˈɹʊf
r/roof.txt	2	v	roof	to roufe -s -d -ing	R UW1 F	ˈɹuf
r/roof.txt	2	v	roof	to roufe -s -d -ing	R UH1 F	ˈɹʊf
r/raise.txt	1	v	raise	to raise -s -d -ing	R EY1 Z	ˈɹeɪz
r/raise.txt	2	m n	raise	raise -s	R EY1 Z	ˈɹeɪz
r/replicate.txt	1	v	replicate	to replicait -s -ed -ing	R EH1 P L AH0 K EY2 T	ˈɹɛpləˌkeɪt
r/replicate.txt	2	adj	replicate	replicate	R EH1 P L AH0 K EY2 T	ˈɹɛpləˌkeɪt
r/replicate.txt	3	m n	replicate	replicate, replicats	R EH1 P L AH0 K EY2 T	ˈɹɛpləˌkeɪt
r/replicate.txt	4	f n	replication	replicâcion -s	R EH2 P L AH0 K EY1 SH AH0 N	ˌɹɛpləˈkeɪʃən
r/replicate.txt	5	adj	replicable	replicable		
r/retch.txt	1	v	retch	to raic̃e -s -d -ing		
r/rinse.txt	1	v	rinse	to rince -s -d -ing	R IH1 N S	ˈɹɪns
r/rinse.txt	2	m n	rinse	rince -s	R IH1 N S	ˈɹɪns
r/ratchet.txt	1	m n	ratchet	rac̃et -s	R AE1 CH AH0 T	ˈɹætʃət
r/ratchet.txt	1	m n	ratchet	rac̃et -s	R AE0 T CH AH0 T	ɹættʃət
r/ratchet.txt	2	v	ratchet	to rac̃et -s -ed -ing	R AE1 CH AH0 T	ˈɹætʃət
r/ratchet.txt	2	v	ratchet	to rac̃et -s -ed -ing	R AE0 T CH AH0 T	ɹættʃət
r/ratchet.txt	3	adj	wretched	rac̃it	R EH1 CH IH0 D	ˈɹɛtʃɪd
r/reason.txt	1	m n	reason	ríson -s	R IY1 Z AH0 N	ˈɹizən
r/reason.txt	2	v	reason	to rísone -s -d -ing	R IY1 Z AH0 N	ˈɹizən
r/reason.txt	3	adj	reasonable	rísonable -y	R IY1 Z AH0 N AH0 B AH0 L	ˈɹizənəbəl
r/reason.txt	3	adj	reasonable	rísonable -y	R IY1 Z N AH0 B AH0 L	ˈɹiznəbəl
r/recruit.txt	1	v	recruit	to recreute -s -d -ing	R AH0 K R UW1 T	ɹəˈkɹut
r/recruit.txt	1	v	recruit	to recreute -s -d -ing	R IH0 K R UW1 T	ɹɪˈkɹut
r/recruit.txt	1	v	recruit	to recreute -s -d -ing	R IY0 K R UW1 T	ɹiˈkɹut
r/recruit.txt	2	f n	recruit	recreute, recreuts	R AH0 K R UW1 T	ɹəˈkɹut
r/recruit.txt	2	f n	recruit	recreute, recreuts	R IH0 K R UW1 T	ɹɪˈkɹut
r/recruit.txt	2	f n	recruit	recreute, recreuts	R IY0 K R UW1 T	ɹiˈkɹut
r/rubble.txt	1	m n	rubble	roble	R AH1 B AH0 L	ˈɹʌbəl
r/rhyme.txt	1	m n	rhyme	rhyme, rhyms	R AY1 M	ˈɹaɪm
r/rhyme.txt	2	v	rhyme	to rhyme -s -d -ing	R AY1 M	ˈɹaɪm
r/relinquish.txt	1	v	relinquish	to relincoișe -s -d -ing	R IH0 L IH1 NG K W IH0 SH	ɹɪˈlɪŋkwɪʃ
r/relinquish.txt	1	v	relinquish	to relincoișe -s -d -ing	R IY0 L IH1 NG K W IH0 SH	ɹiˈlɪŋkwɪʃ
r/range.txt	1	m n, adv	range	rânge -s	R EY1 N JH	ˈɹeɪndʒ
r/range.txt	2	v	range	to rânge -s -d -ing	R EY1 N JH	ˈɹeɪndʒ
r/Romania.txt	1	f n	Romania	România	R OW0 M EY1 N IY0 AH0	ɹoʊˈmeɪniə
r/Romania.txt	2	f n	Romanian	Românian	R OW0 M EY1 N IY0 AH0 N	ɹoʊˈmeɪniən
r/Romania.txt	3	f n, adj	Romanian	românian	R OW0 M EY1 N IY0 AH0 N	ɹoʊˈmeɪniən
r/ring.txt	1	intr v	ring	to ringue ring(s râng rong ringuing	R IH1 NG	ˈɹɪŋ
r/ring.txt	2	m n	ring	ringue, rings	R IH1 NG	ˈɹɪŋ
r/ring.txt	4	v	ring	to ringue ring(s -d -ing	R IH1 NG	ˈɹɪŋ
r/revile.txt	1	v	revile	to revîle -s -d -ing	R IY0 V AY1 L	ɹiˈvaɪl
r/revile.txt	2	f n	revilement	revîlement -s		
r/rhythm.txt	1	m n	rhythm	rhyþom -s	R IH1 DH AH0 M	ˈɹɪðəm
r/rhythm.txt	2	adj, m n	rhythmic	rhyþmic -ly	R IH1 DH M IH0 K	ˈɹɪðmɪk
r/relax.txt	1	v	relax	to relaxe -s -d -ing	R IH0 L AE1 K S	ɹɪˈlæks
r/relax.txt	1	v	relax	to relaxe -s -d -ing	R IY0 L AE1 K S	ɹiˈlæks
r/relax.txt	2	adj, f n	relaxant	relàxant -s		
r/relax.txt	3	f n	relaxation	relaxâcion	R IY2 L AE0 K S EY1 SH AH0 N	ˌɹilækˈseɪʃən
r/rear.txt	1	m n	rear	riere, riers	R IH1 R	ˈɹɪɹ
r/rear.txt	2	v	rear	to riere -s -d -ing	R IH1 R	ˈɹɪɹ
r/rear.txt	3	v	rear	to riare -s -d -ing	R IH1 R	ˈɹɪɹ
r/retain.txt	1	v	retain	to reteine -s -d -ing	R IH0 T EY1 N	ɹɪˈteɪn
r/retain.txt	1	v	retain	to reteine -s -d -ing	R IY0 T EY1 N	ɹiˈteɪn
r/retain.txt	2	f n	retainer	reteineur, reteineor -s	R IH0 T EY1 N ER0	ɹɪˈteɪnɚ
r/retain.txt	2	f n	retainer	reteineur, reteineor -s	R IY0 T EY1 N ER0	ɹiˈteɪnɚ
r/retain.txt	3	f n	retention	retencion -s	R IY0 T EH1 N SH AH0 N	ɹiˈtɛnʃən
r/retain.txt	4	adj	retentive	retentif -vly		
r/retain.txt	5	m n	retinue	retinue, retinuis	R EH1 T AH0 N UW2	ˈɹɛtəˌnu
r/reply.txt	1	f n	reply	replîe, replîs	R IH0 P L AY1	ɹɪˈplaɪ
r/reply.txt	1	f n	reply	replîe, replîs	R IY0 P L AY1	ɹiˈplaɪ
r/reply.txt	2	v	reply	to replîe -s -d -yhing	R IH0 P L AY1	ɹɪˈplaɪ
r/reply.txt	2	v	reply	to replîe -s -d -yhing	R IY0 P L AY1	ɹiˈplaɪ
r/remember.txt	1	v	remember	to remember remembre(s remembred -ering	R IH0 M EH1 M B ER0	ɹɪˈmɛmbɚ
r/remember.txt	1	v	remember	to remember remembre(s remembred -ering	R IY0 M EH1 M B ER0	ɹiˈmɛmbɚ
r/recognize.txt	1	v	recognize	to recognyse -s -d -ing	R EH1 K AH0 G N AY2 Z	ˈɹɛkəɡˌnaɪz
r/recognize.txt	2	adj	recognizable	recognîsable	R EH2 K AH0 G N AY1 Z AH0 B AH0 L	ˌɹɛkəɡˈnaɪzəbəl
r/recognize.txt	3	f n	recognition	recognicion -s	R EH2 K AH0 G N IH1 SH AH0 N	ˌɹɛkəɡˈnɪʃən
r/recognize.txt	3	f n	recognition	recognicion -s	R EH2 K IH0 G N IH1 SH AH0 N	ˌɹɛkɪɡˈnɪʃən
r/recognize.txt	4	f n	recognizance	recognisance	R IH0 K AA1 N AH0 Z AH0 N S	ɹɪˈkɑnəzəns
r/recognize.txt	5	f n	reconnaissance	reconnessance	R IY0 K AA1 N AH0 S AH0 N S	ɹiˈkɑnəsəns
r/research.txt	1	v	research	to recirc̃e -s -d -ing	R IY0 S ER1 CH	ɹiˈsɝtʃ
r/research.txt	1	v	research	to recirc̃e -s -d -ing	R IY1 S ER0 CH	ˈɹisɚtʃ
r/research.txt	2	m n	research	ricirc̃e -s	R IY0 S ER1 CH	ɹiˈsɝtʃ
r/research.txt	2	m n	research	ricirc̃e -s	R IY1 S ER0 CH	ˈɹisɚtʃ
r/research.txt	3	m n	researcher	recirc̃er -s	R IY1 S ER0 CH ER0	ˈɹisɚtʃɚ
r/research.txt	4	adj	researchable	recerc̃able		
r/reinvent.txt	1	v	reinvent	to rienvente -s -d -ing	R IY2 IH0 N V EH1 N T	ˌɹiɪnˈvɛnt
r/reinvent.txt	2	f n	reinvention	rienvencion -s	R IY2 IH0 N V EH1 N SH AH0 N	ˌɹiɪnˈvɛnʃən
r/return.txt	1	v	return	to retourne -s -d -ing	R IH0 T ER1 N	ɹɪˈtɝn
r/return.txt	1	v	return	to retourne -s -d -ing	R IY0 T ER1 N	ɹiˈtɝn
r/return.txt	2	f n	return	retourne, retoûrns	R IH0 T ER1 N	ɹɪˈtɝn
r/return.txt	2	f n	return	retourne, retoûrns	R IY0 T ER1 N	ɹiˈtɝn
r/return.txt	3	adj	returnable	retoûrnable	R IY0 T ER1 N AH0 B AH0 L	ɹiˈtɝnəbəl
r/rack.txt	1	v	rack	to rac -s rached raching	R AE1 K	ˈɹæk
r/rack.txt	2	m n	rack	rac, rax	R AE1 K	ˈɹæk
r/rite.txt	2	m n, adj, adv	ritual	riţuale, riţuals; riţual, riţually	R IH1 CH UW0 AH0 L	ˈɹɪtʃuəl
r/ridge.txt	1	m n	ridge	ridge -s	R IH1 JH	ˈɹɪdʒ
r/race.txt	2	m n	racism	râcism -s	R EY1 S IH2 Z AH0 M	ˈɹeɪˌsɪzəm
r/race.txt	3	m n	racist	râcist -s	R EY1 S IH0 S T	ˈɹeɪsɪst
r/race.txt	4	adj	racial	râcial -ly	R EY1 SH AH0 L	ˈɹeɪʃəl
r/race.txt	5	m n	racialism	râcialism -s	R EY1 SH AH0 L IH2 Z AH0 M	ˈɹeɪʃəˌlɪzəm
r/race.txt	6	m n	race	raisse -s	R EY1 S	ˈɹeɪs
r/race.txt	7	v	race	to raisse -s -d -ing	R EY1 S	ˈɹeɪs
r/race.txt	8	m n	racehorse	raîss horse -s	R EY1 S HH AO2 R S	ˈɹeɪsˌhɔɹs
r/rook.txt	1	m n	rook	rhoc, rheox	R UH1 K	ˈɹʊk
r/rook.txt	2	v	rook	to rhoc -s rhoched rhoching	R UH1 K	ˈɹʊk
r/rook.txt	3	m n	rookie	rhochie, rhochis	R UH1 K IY0	ˈɹʊki
r/rook.txt	4	m n	rook	rôc, reox	R UH1 K	ˈɹʊk
r/room.txt	1	m n	room	roume, roums	R UW1 M	ˈɹum
r/room.txt	2	v	room	to roume -s -d -ing	R UW1 M	ˈɹum
r/route.txt	2	v	route	to route -s -d -ing	R UW1 T	ˈɹut
r/route.txt	2	v	route	to route -s -d -ing	R AW1 T	ˈɹaʊt
r/route.txt	3	adj, f n	routine	routine, routíns	R UW0 T IY1 N	ɹuˈtin
r/rain.txt	1	m n	rain	raine	R EY1 N	ˈɹeɪn
r/rain.txt	2	v	rain	to raine -s -d -ing	R EY1 N	ˈɹeɪn
r/rain.txt	3	m n	rainbow	raînbo -s	R EY1 N B OW2	ˈɹeɪnˌboʊ
r/roar.txt	1	v	roar	to raure -s -d -ing	R AO1 R	ˈɹɔɹ
r/roar.txt	2	m n	roar	raure, raurs	R AO1 R	ˈɹɔɹ
r/region.txt	1	m n	region	rígion -s	R IY1 JH AH0 N	ˈɹidʒən
r/region.txt	2	adj, m n	regional	rígional -ly -s	R IY1 JH AH0 N AH0 L	ˈɹidʒənəl
r/region.txt	3	m n	regionalism	rígionalism -s		
r/region.txt	4	adj, m n	regionalist	rígionalist -s		
r/region.txt	5	adj	regionalistic	rigionalistic -ly		
r/region.txt	6	v	regionalize	to rígionalyse -s -d -ing	R IY1 JH AH0 N AH0 L AY2 Z	ˈɹidʒənəˌlaɪz
r/region.txt	7	f n	regionalization	rigionalisâcion -s		
r/rich.txt	1	adj, m n	rich	ric̃e ric̃ar ric̃est	R IH1 CH	ˈɹɪtʃ
r/rich.txt	2	m n	riches	ric̃es	R IH1 CH AH0 Z	ˈɹɪtʃəz
r/rich.txt	2	m n	riches	ric̃es	R IH1 CH IH0 Z	ˈɹɪtʃɪz
r/rich.txt	3	adv	richly	ric̃ely	R IH1 CH L IY0	ˈɹɪtʃli
r/rich.txt	4	m n	richness	ric̃eness	R IH1 CH N AH0 S	ˈɹɪtʃnəs
r/re-enforce.txt	1	v	re-enforce	to rïenforce -s -d -ing	R EY1 EH0 N F AO1 R S	ˈɹeɪɛnˈfɔɹs
r/re-enforce.txt	2	f n	re-enforcement	rïenforcement -s	R EY1 EH0 N F AO1 R S M AH0 N T	ˈɹeɪɛnˈfɔɹsmənt
r/re-enforce.txt	3	adj	re-enforceable	rïenforçable	R EY1 EH0 N F AO1 R S AH0 B AH0 L	ˈɹeɪɛnˈfɔɹsəbəl
r/rush.txt	1	v	rush	to rosce -s -d -ing	R AH1 SH	ˈɹʌʃ
r/retire.txt	1	v	retire	to retîer retîre(s retîred retîering	R IH0 T AY1 R	ɹɪˈtaɪɹ
r/retire.txt	1	v	retire	to retîer retîre(s retîred retîering	R IY0 T AY1 R	ɹiˈtaɪɹ
r/retire.txt	1	v	retire	to retîer retîre(s retîred retîering	R IY2 T AY1 ER0	ˌɹiˈtaɪɚ
r/require.txt	1	v	require	to requîer requîre(s requîred requîering	R IY2 K W AY1 ER0	ˌɹiˈkwaɪɚ
r/require.txt	1	v	require	to requîer requîre(s requîred requîering	R IY0 K W AY1 R	ɹiˈkwaɪɹ
r/require.txt	1	v	require	to requîer requîre(s requîred requîering	R IH0 K W AY1 ER0	ɹɪˈkwaɪɚ
r/require.txt	2	f n	requirement	requîrement -s	R IH0 K W AY1 R M AH0 N T	ɹɪˈkwaɪɹmənt
r/require.txt	3	adj, m n	requisite	reqüisit	R EH1 K W AH0 Z AH0 T	ˈɹɛkwəzət
r/require.txt	4	f n	requisition	reqüisicion -s	R EH2 K W AH0 Z IH1 SH AH0 N	ˌɹɛkwəˈzɪʃən
r/require.txt	5	v	requisition	to reqüisicione -s -d -ing	R EH2 K W AH0 Z IH1 SH AH0 N	ˌɹɛkwəˈzɪʃən
r/row.txt	1	m n	row	reoe, reos	R OW1	ˈɹoʊ
r/row.txt	2	v	row	to reoe -s -d reouing	R OW1	ˈɹoʊ
r/row.txt	3	m n	rouse	rôe, rôus	R AW1 S	ˈɹaʊs
r/row.txt	3	m n	rouse	rôe, rôus	R AW1 Z	ˈɹaʊz
r/row.txt	3	m n	row	rôe, rôus	R OW1	ˈɹoʊ
r/repertoire.txt	1	f n	repertoire	repetuarre, repetuárs	R EH1 P ER0 T W AA2 R	ˈɹɛpɚˌtwɑɹ
r/repertoire.txt	2	m n	repertory	repetorie, repetoris	R EH1 P ER0 T AO2 R IY0	ˈɹɛpɚˌtɔɹi
r/rehearse.txt	1	v	rehearse	to reherse -s -d -ing	R IY0 HH ER1 S	ɹiˈhɝs
r/rehearse.txt	2	f n	rehearsal	rehersal -s	R IH0 HH ER1 S AH0 L	ɹɪˈhɝsəl
r/rehearse.txt	2	f n	rehearsal	rehersal -s	R IY0 HH ER1 S AH0 L	ɹiˈhɝsəl
r/read.txt	1	irv	read	to riede -s raid -ing	R EH1 D	ˈɹɛd
r/read.txt	1	irv	read	to riede -s raid -ing	R IY1 D	ˈɹid
r/read.txt	2	m n	read	riede, rieds	R EH1 D	ˈɹɛd
r/read.txt	2	m n	read	riede, rieds	R IY1 D	ˈɹid
r/read.txt	3	m n	reader	rieder -s	R IY1 D ER0	ˈɹidɚ
r/ready.txt	1	adj	ready	raidy	R EH1 D IY0	ˈɹɛdi
r/ready.txt	2	v	ready	to raidie -s -d raidying	R EH1 D IY0	ˈɹɛdi
r/ready.txt	3	adv	all ready	alraidy	AO1 L R EH1 D IY0	ˈɔlˈɹɛdi
r/ready.txt	3	adv	already	alraidy	AO0 L R EH1 D IY0	ɔlˈɹɛdi
r/ready.txt	3	adv	already	alraidy	AO0 R EH1 D IY0	ɔˈɹɛdi
r/relate.txt	1	v	relate	to relâte -s -d -ing	R IH0 L EY1 T	ɹɪˈleɪt
r/relate.txt	1	v	relate	to relâte -s -d -ing	R IY0 L EY1 T	ɹiˈleɪt
r/relate.txt	2	f n	relation	relâcion -s	R IY0 L EY1 SH AH0 N	ɹiˈleɪʃən
r/relate.txt	3	adj	relational	relâcional	R IY0 L EY1 SH AH0 N AH0 L	ɹiˈleɪʃənəl
r/relate.txt	4	adj	relative	relatif -vly	R EH1 L AH0 T IH0 V	ˈɹɛlətɪv
r/relate.txt	5	m n	relative	relatif -s	R EH1 L AH0 T IH0 V	ˈɹɛlətɪv
r/relate.txt	6	f n	relativity	relativitie -is	R EH2 L AH0 T IH1 V AH0 T IY0	ˌɹɛləˈtɪvəti
r/remand.txt	1	v	remand	to remande -s -d -ing	R IH0 M AE1 N D	ɹɪˈmænd
r/remand.txt	2	f n	remand	remande, remànds	R IH0 M AE1 N D	ɹɪˈmænd
r/rescue.txt	1	v	rescue	to rèscue -s -d -ing	R EH1 S K Y UW0	ˈɹɛskju
r/rescue.txt	2	m n	rescue	rèscue -s	R EH1 S K Y UW0	ˈɹɛskju
r/rape.txt	1	v	rape	to raipe -s -d -ing	R EY1 P	ˈɹeɪp
r/reek.txt	1	v	reek	to riec -s rieched rieching	R IY1 K	ˈɹik
r/reek.txt	2	m n	reek	riec, riex	R IY1 K	ˈɹik
r/romany.txt	1	adj, f n	Romany	romány, románie -is	R AA1 M AH0 N IY0	ˈɹɑməni
r/romany.txt	1	adj, f n	Romany	romány, románie -is	R OW1 M AH0 N IY0	ˈɹoʊməni
r/renovate.txt	1	v	renovate	to renovait -s -ed -ing	R EH1 N AH0 V EY2 T	ˈɹɛnəˌveɪt
r/renovate.txt	2	f n	renovation	renovâcion -s	R EH2 N AH0 V EY1 SH AH0 N	ˌɹɛnəˈveɪʃən
r/recommend.txt	1	v	recommend	to recomende -s -d -ing	R EH2 K AH0 M EH1 N D	ˌɹɛkəˈmɛnd
r/reward.txt	2	v	reward	to reüarde -s -d -ing	R IH0 W AO1 R D	ɹɪˈwɔɹd
r/reward.txt	2	v	reward	to reüarde -s -d -ing	R IY0 W AO1 R D	ɹiˈwɔɹd
r/roost.txt	1	m n	roost	rouste, rousts	R UW1 S T	ˈɹust
r/roost.txt	2	v	roost	to rouste -s -d -ing	R UW1 S T	ˈɹust
r/roost.txt	3	m n	rooster	rouster -s	R UW1 S T ER0	ˈɹustɚ
r/restrain.txt	1	v	restrain	to restraine -s -d -ing	R IY0 S T R EY1 N	ɹiˈstɹeɪn
r/restrain.txt	2	f n	restraint	restraînte, restraînts	R IH0 S T R EY1 N T	ɹɪˈstɹeɪnt
r/restrain.txt	2	f n	restraint	restraînte, restraînts	R IY0 S T R EY1 N T	ɹiˈstɹeɪnt
r/rumor.txt	2	v	rumor	to rúmore -s -d -ing	R UW1 M ER0	ˈɹumɚ
r/recuperate.txt	1	v	recuperate	to recouperait -s -ed -ing	R IH0 K UW1 P ER0 EY2 T	ɹɪˈkupɚˌeɪt
r/recuperate.txt	2	f n	recuperation	recouperâcion -s	R IH0 K UW2 P ER0 EY1 SH AH0 N	ɹɪˌkupɚˈeɪʃən
r/rural.txt	2	adj	rurban	rúban		
r/rural.txt	3	adj	rustic	rustic -ly	R AH1 S T IH0 K	ˈɹʌstɪk
r/repair.txt	1	v	repair	to repâre -s -d -ing	R IH0 P EH1 R	ɹɪˈpɛɹ
r/repair.txt	2	f n	repair	repâre, repârs	R IH0 P EH1 R	ɹɪˈpɛɹ
r/repair.txt	3	f n	reparation	reparâcion -s	R EH2 P ER0 EY1 SH AH0 N	ˌɹɛpɚˈeɪʃən
r/repair.txt	4	adj	repairable	repârable -y	R IH0 P EH1 R AH0 B AH0 L	ɹɪˈpɛɹəbəl
r/repair.txt	6	adj	reparative	repâratif -vly		
r/repair.txt	8	m n	repair	repaîre, repaîrs	R IH0 P EH1 R	ɹɪˈpɛɹ
r/radiate.txt	1	v	radiate	to râdiait -s -ed -ing	R EY1 D IY0 AH0 T	ˈɹeɪdiət
r/radiate.txt	1	v	radiate	to râdiait -s -ed -ing	R EY1 D IY0 EY2 T	ˈɹeɪdiˌeɪt
r/radiate.txt	2	adj	radiate	râdiate	R EY1 D IY0 AH0 T	ˈɹeɪdiət
r/radiate.txt	2	adj	radiate	râdiate	R EY1 D IY0 EY2 T	ˈɹeɪdiˌeɪt
r/radiate.txt	3	m n	radiator	râdiaitor -s	R EY1 D IY0 EY2 T ER0	ˈɹeɪdiˌeɪtɚ
r/radiate.txt	4	f n	radiation	radiâcion -s	R EY2 D IY0 EY1 SH AH0 N	ˌɹeɪdiˈeɪʃən
r/radiate.txt	5	adj	radiative	râdiatif -vly		
r/radiate.txt	6	adj, m n	radiant	râdiant	R EY1 D IY2 AH0 N T	ˈɹeɪˌdiənt
r/radiate.txt	6	adj, m n	radiant	râdiant	R EY1 D Y AH0 N T	ˈɹeɪdjənt
r/radiate.txt	7	m n	radiance	râdiance -s	R EY1 D IY2 AH0 N S	ˈɹeɪˌdiəns
r/radiate.txt	7	m n	radiance	râdiance -s	R EY1 D Y AH0 N S	ˈɹeɪdjəns
r/rehabilitate.txt	1	v	rehabilitate	to riabilitait -s -ed -ing	R IY2 HH AH0 B IH1 L AH0 T EY2 T	ˌɹihəˈbɪləˌteɪt
r/rehabilitate.txt	1	v	rehabilitate	to riabilitait -s -ed -ing	R IY2 AH0 B IH1 L AH0 T EY2 T	ˌɹiəˈbɪləˌteɪt
r/rehabilitate.txt	2	f n	rehabilitation	riabilitâction	R IY2 HH AH0 B IH2 L AH0 T EY1 SH AH0 N	ˌɹihəˌbɪləˈteɪʃən
r/rehabilitate.txt	2	f n	rehabilitation	riabilitâction	R IY2 AH0 B IH2 L AH0 T EY1 SH AH0 N	ˌɹiəˌbɪləˈteɪʃən
r/rehabilitate.txt	3	m n	rehab	rihab -s	R IY0 HH AE0 B	ɹihæb
r/roster.txt	1	m n	roster	rostre, rostars	R AA1 S T ER0	ˈɹɑstɚ
r/rout.txt	1	m n	rout	rôute, rôuts	R AW1 T	ˈɹaʊt
r/rout.txt	2	v	rout	to rôute -s -d -ing	R AW1 T	ˈɹaʊt
r/rank.txt	1	adj, m n	rank	rânque, râncs	R AE1 NG K	ˈɹæŋk
r/rank.txt	2	v	rank	to rânque rânc(s -d -ing	R AE1 NG K	ˈɹæŋk
r/red.txt	1	adj	red	red -ar -est	R EH1 D	ˈɹɛd
r/rump.txt	1	m n	rump	rompe, romps	R AH1 M P	ˈɹʌmp
r/ration.txt	2	v	ration	to racione -s -d -ing	R AE1 SH AH0 N	ˈɹæʃən
r/ration.txt	2	v	ration	to racione -s -d -ing	R EY1 SH AH0 N	ˈɹeɪʃən
r/ration.txt	3	adj	rational	racional	R AE1 SH AH0 N AH0 L	ˈɹæʃənəl
r/ration.txt	3	adj	rational	racional	R AE1 SH N AH0 L	ˈɹæʃnəl
r/ration.txt	4	f n	rationality	racionaletie -is	R AE2 SH AH0 N AE1 L IH0 T IY0	ˌɹæʃəˈnælɪti
r/respond.txt	1	v	respond	to responde -s -d -ing	R IH0 S P AA1 N D	ɹɪˈspɑnd
r/respond.txt	1	v	respond	to responde -s -d -ing	R IY0 S P AA1 N D	ɹiˈspɑnd
r/respond.txt	2	adj, f n	respondent	respondent -s	R IH0 S P AA1 N D AH0 N T	ɹɪˈspɑndənt
r/respond.txt	5	f n	responsibility	responsibilitie, responsibilitis	R IY0 S P AA2 N S AH0 B IH1 L AH0 T IY0	ɹiˌspɑnsəˈbɪləti
r/regard.txt	1	v	regard	to regarde -s -d -ing	R IH0 G AA1 R D	ɹɪˈɡɑɹd
r/regard.txt	3	prep	regard	regarding	R IH0 G AA1 R D	ɹɪˈɡɑɹd
r/rely.txt	1	v	rely	to relîe -s -d relyhing	R IH0 L AY1	ɹɪˈlaɪ
r/rely.txt	1	v	rely	to relîe -s -d relyhing	R IY0 L AY1	ɹiˈlaɪ
r/rely.txt	2	adj	reliable	relîable -y	R IH0 L AY1 AH0 B AH0 L	ɹɪˈlaɪəbəl
r/rely.txt	2	adj	reliable	relîable -y	R IY0 L AY1 AH0 B AH0 L	ɹiˈlaɪəbəl
r/rely.txt	3	f n	reliance	relîance	R IH0 L AY1 AH0 N S	ɹɪˈlaɪəns
r/rely.txt	3	f n	reliance	relîance	R IY0 L AY1 AH0 N S	ɹiˈlaɪəns
r/rely.txt	4	adj	reliant	relîant	R IH0 L AY1 AH0 N T	ɹɪˈlaɪənt
r/rely.txt	4	adj	reliant	relîant	R IY0 L AY1 AH0 N T	ɹiˈlaɪənt
r/release.txt	1	v	release	to reliesse -s -d -ing	R IY0 L IY1 S	ɹiˈlis
r/release.txt	2	f n	release	reliesse -s	R IY0 L IY1 S	ɹiˈlis
r/revenge.txt	1	v	revenge	to revenge -s -d -ing	R IY0 V EH1 N JH	ɹiˈvɛndʒ
r/review.txt	1	f n	review	revue, revús	R IY2 V Y UW1	ˌɹiˈvju
r/review.txt	1	f n	revewe	revue, revús		
r/review.txt	1	f n	reveue	revue, revús		
r/review.txt	2	v	review	to revue -s -d revuing	R IY2 V Y UW1	ˌɹiˈvju
r/real.txt	1	adj	real	rial	R IY1 L	ˈɹil
r/real.txt	2	adv	really	rilly	R IH1 L IY0	ˈɹɪli
r/real.txt	2	adv	really	rilly	R IY1 L IY0	ˈɹili
r/real.txt	3	v	realize	to rialyse -s -d -ing	R IY1 AH0 L AY2 Z	ˈɹiəˌlaɪz
r/real.txt	4	adj	realizable	rialîsable	R IY2 AH0 L AY1 Z AH0 B AH0 L	ˌɹiəˈlaɪzəbəl
r/real.txt	5	f n	realization	rialisâcion -s	R IY1 L AH0 Z EY1 SH AH0 N	ˈɹiləˈzeɪʃən
r/real.txt	6	f n	reality	rialetie, rialetis	R IY2 AE1 L AH0 T IY2	ˌɹiˈæləˌti
r/real.txt	7	m n	realist	rialist -s	R IY1 AH0 L IH0 S T	ˈɹiəlɪst
r/real.txt	8	adj	realistic	rialistic -ly	R IY2 AH0 L IH1 S T IH0 K	ˌɹiəˈlɪstɪk
r/real.txt	9	m n	realism	rialism	R IY1 AH0 L IH0 Z AH0 M	ˈɹiəlɪzəm
r/regress.txt	1	v	regress	to regresse -s -d -ing	R IY1 G R EH0 S	ˈɹiɡɹɛs
r/regress.txt	1	v	regress	to regresse -s -d -ing	R IH0 G R EH1 S	ɹɪˈɡɹɛs
r/regress.txt	2	f n	regress	regresse -s	R IY1 G R EH0 S	ˈɹiɡɹɛs
r/regress.txt	2	f n	regress	regresse -s	R IH0 G R EH1 S	ɹɪˈɡɹɛs
r/regress.txt	3	f n	regression	regression -s	R AH0 G R EH1 SH AH0 N	ɹəˈɡɹɛʃən
r/regress.txt	4	adj	regressive	regressif -vly	R AH0 G R EH1 S IH0 V	ɹəˈɡɹɛsɪv
r/repatriate.txt	1	v	repatriate	to repâtriait -s -ed -ing	R IY0 P EY1 T R IY0 EY2 T	ɹiˈpeɪtɹiˌeɪt
r/repatriate.txt	2	f n	repatriation	repatriâcion -s	R IY0 P EY2 T R IY0 EY1 SH AH0 N	ɹiˌpeɪtɹiˈeɪʃən
r/raven.txt	1	m n	raven	raiven -s	R EY1 V AH0 N	ˈɹeɪvən
r/raven.txt	2	v	raven	to raivene -s -d -ing	R EY1 V AH0 N	ˈɹeɪvən
z/zoo.txt	1	m n	Zoological Gardens	zoue, zous	Z UW2 L AA1 JH IH0 K AH0 L G AA1 R D AH0 N Z	ˌzuˈlɑdʒɪkəlˈɡɑɹdənz
z/zoo.txt	1	m n	zoo	zoue, zous	Z UW1	ˈzu
z/zoo.txt	2	f n	zoology	zouologie	Z OW0 AA1 L AH0 JH IY0	zoʊˈɑlədʒi
z/zoo.txt	3	adj	zoological	zouological	Z UW2 L AA1 JH IH0 K AH0 L	ˌzuˈlɑdʒɪkəl
z/zoo.txt	4	f n	zoologist	zouologist -s	Z OW0 AA1 L AH0 JH AH0 S T	zoʊˈɑlədʒəst
z/zephyr.txt	1	m n	Zephirus	zefre, zefirs		
z/zephyr.txt	1	m n	zephyr	zefre, zefirs	Z EH1 F ER0	ˈzɛfɚ
z/zucchini.txt	1	f n	zucchini	zucchinie, zucchinis	Z UW0 K IY1 N IY0	zuˈkini
z/zone.txt	1	m n	zone	zone, zoans	Z OW1 N	ˈzoʊn
z/zone.txt	2	v	zone	to zone -s -d -ing	Z OW1 N	ˈzoʊn
z/zeal.txt	1	m n	zeal	ziele	Z IY1 L	ˈzil
z/zeal.txt	2	m n	zealot	zelot -s	Z EH1 L AH0 T	ˈzɛlət
z/zeal.txt	2	m n	zealot	zelot -s	Z IY1 L AH0 T	ˈzilət
z/zeal.txt	3	m n	zealotry	zelotrie, zelotris	Z EH1 L AH0 T R IY0	ˈzɛlətɹi
z/zeal.txt	4	adj	zealous	zelus -ly	Z EH1 L AH0 S	ˈzɛləs
g/grease.txt	1	m n	grease	greiss -es	G R IY1 S	ˈɡɹis
g/grease.txt	2	v	grease	to greisse -s -d -ing	G R IY1 S	ˈɡɹis
g/grease.txt	3	adj	greasy	greissy	G R IY1 S IY0	ˈɡɹisi
g/ghoul.txt	1	m n	ghoul	goule, gouls	G UW1 L	ˈɡul
g/ghoul.txt	2	adj	ghoulish	goulisce	G UW1 L IH0 SH	ˈɡulɪʃ
g/geezer.txt	1	m n	geezer	guiseur		
g/goose.txt	1	m n	goose	gouss, guíss	G UW1 S	ˈɡus
g/goose.txt	1	m n	geese	gouss, guíss	G IY1 S	ˈɡis
g/goose.txt	2	v	goose	to gousse -s -d -ing	G UW1 S	ˈɡus
g/gala.txt	1	m n	gala	gála -s	G AE1 L AH0	ˈɡælə
g/gala.txt	1	m n	gala	gála -s	G EY1 L AH0	ˈɡeɪlə
g/gun.txt	1	m n	gun	gone, gons	G AH1 N	ˈɡʌn
g/gun.txt	2	v	gun	to gone -s -d -ing	G AH1 N	ˈɡʌn
g/gracile.txt	1	adj	gracile	gracil	G R AE1 S AH0 L	ˈɡɹæsəl
g/ghost.txt	1	m n	ghost	goaste, goasts	G OW1 S T	ˈɡoʊst
g/ghost.txt	2	v	ghost	to goaste -s -d -ing	G OW1 S T	ˈɡoʊst
g/go.txt	1	irv	go	to goe -s uaint gaon gouing	G OW1	ˈɡoʊ
g/grog.txt	1	m n	grog	graghe	G R AA1 G	ˈɡɹɑɡ
g/geography.txt	1	f n	geography	gïographie	JH IY0 AA1 G R AH0 F IY0	dʒiˈɑɡɹəfi
g/geography.txt	2	f n	geographer	gïographer -s	JH IY0 AA1 G R AH0 F ER0	dʒiˈɑɡɹəfɚ
g/geography.txt	3	adj	geographic	gïographic	JH IY2 AH0 G R AE1 F IH0 K	ˌdʒiəˈɡɹæfɪk
g/geology.txt	1	f n	geology	gïologie	JH IY0 AA1 L AH0 JH IY0	dʒiˈɑlədʒi
g/gallon.txt	1	m n	gallon	galon -s	G AE1 L AH0 N	ˈɡælən
g/gush.txt	1	v	gush	to gosce -s -d -ing	G AH1 SH	ˈɡʌʃ
g/gush.txt	2	m n	gush	gosce -s	G AH1 SH	ˈɡʌʃ
g/groom.txt	1	m n	groom	groume, groums	G R UW1 M	ˈɡɹum
g/groom.txt	2	v	groom	to groume -s -d -ing	G R UW1 M	ˈɡɹum
g/goo.txt	1	m n	goo	gou -s	G UW1	ˈɡu
g/goo.txt	2	adj	gooey	gouy	G UW1 IY0	ˈɡui
g/gather.txt	1	v	gather	to gaþer gaþre(s gaþred gaþering	G AE1 DH ER0	ˈɡæðɚ
g/gather.txt	2	m n	gather	gaþre, gaþars	G AE1 DH ER0	ˈɡæðɚ
g/germ.txt	1	m n	germ	gême, gêms	JH ER1 M	ˈdʒɝm
g/germ.txt	2	v	germinate	to gêminait -s -ed -ing	JH ER1 M AH0 N EY2 T	ˈdʒɝməˌneɪt
g/germ.txt	3	adj	germinal	gêminal		
g/germ.txt	4	f n	germination	germinâcion -s	JH ER2 M AH0 N EY1 SH AH0 N	ˌdʒɝməˈneɪʃən
g/gallop.txt	1	v	gallop	to gàlope -s -d -ing	G AE1 L AH0 P	ˈɡæləp
g/gallop.txt	2	m n	gallop	gàlope, gàlops	G AE1 L AH0 P	ˈɡæləp
g/Greece.txt	1	m n	Greece	Greice	G R IY1 S	ˈɡɹis
g/Greece.txt	2	adj, m n	Greek	greic -s	G R IY1 K	ˈɡɹik
g/Greece.txt	3	m n	Greek	Greic	G R IY1 K	ˈɡɹik
g/Greece.txt	4	prefix	Greco-	graico-	G R EH1 K OW0	ˈɡɹɛkoʊ
g/gravitate.txt	1	v	gravitate	to gravitait -s -ed -ing	G R AE1 V IH0 T EY2 T	ˈɡɹævɪˌteɪt
g/gravitate.txt	2	f n	gravitation	gravitâcion -s	G R AE2 V IH0 T EY1 SH AH0 N	ˌɡɹævɪˈteɪʃən
g/gravitate.txt	3	adj	gravitational	gravitâcional -ly	G R AE2 V IH0 T EY1 SH AH0 N AH0 L	ˌɡɹævɪˈteɪʃənəl
g/gravitate.txt	4	m n	gravity	gravetie -is	G R AE1 V AH0 T IY0	ˈɡɹævəti
g/gravitate.txt	4	m n	gravity	gravetie -is	G R AE1 V IH0 T IY0	ˈɡɹævɪti
g/glue.txt	1	m n	glue	glue, gluis	G L UW1	ˈɡlu
g/glue.txt	2	v	glue	to glue -s -d -ing	G L UW1	ˈɡlu
g/gurgle.txt	1	v	gurgle	to gurgle -s -d -ing	G ER1 G AH0 L	ˈɡɝɡəl
g/gurgle.txt	2	m n	gurgle	gurgle, gurguls	G ER1 G AH0 L	ˈɡɝɡəl
g/give.txt	1	irv	give	to guive -s gâve guivan -ing	G IH1 V	ˈɡɪv
g/give.txt	2	f n	give	guive -s	G IH1 V	ˈɡɪv
g/gondola.txt	1	m n	gondola	gondola -s	G AA1 N D AH0 L AH0	ˈɡɑndələ
g/gondola.txt	1	m n	gondola	gondola -s	G AA0 N D OW1 L AH0	ɡɑnˈdoʊlə
g/guess.txt	1	v	guess	to guesse -s -d -ing	G EH1 S	ˈɡɛs
g/guess.txt	2	m n	guess	guess -es	G EH1 S	ˈɡɛs
g/gladiator.txt	1	m n	gladiator	gladiaitor, gladiaitors	G L AE1 D IY0 EY2 T ER0	ˈɡlædiˌeɪtɚ
g/genie.txt	2	adj	ingenious	ingínieus -ly	IH2 N JH IY1 N Y AH0 S	ˌɪnˈdʒinjəs
g/genie.txt	3	m n	genie	gínie -is	JH IY1 N IY0	ˈdʒini
g/glad.txt	1	adj	glad	glad	G L AE1 D	ˈɡlæd
g/glad.txt	2	v	gladden	to gladene -s -d -ing	G L AE1 D AH0 N	ˈɡlædən
g/grimoire.txt	1	f n	grimoire	grimuare, grimuárs		
g/ghastly.txt	1	adj	ghastly	gastly	G AE1 S T L IY0	ˈɡæstli
g/ghastly.txt	2	adj	aghast	agàst	AH0 G AE1 S T	əˈɡæst
g/gutter.txt	1	m n	gutter	guttere, guttars	G AH1 T ER0	ˈɡʌtɚ
g/gutter.txt	2	v	gutter	to guttere -s -d guttering	G AH1 T ER0	ˈɡʌtɚ
g/grab.txt	1	v	grab	to grabe -s -d -ing	G R AE1 B	ˈɡɹæb
g/grab.txt	2	m n	grab	grabe, grabs	G R AE1 B	ˈɡɹæb
g/grate.txt	2	v	grate	to grâte -s -d -ing	G R EY1 T	ˈɡɹeɪt
g/grate.txt	3	m n	grater	grâtor -s	G R EY1 T ER0	ˈɡɹeɪtɚ
g/groat.txt	1	m n	groat	grote, groats	G R OW1 T	ˈɡɹoʊt
g/grizzle.txt	1	adj	grizzle	grisil	G R IH1 Z AH0 L	ˈɡɹɪzəl
g/grizzle.txt	2	adj	grizzly	grizly	G R IH1 Z L IY0	ˈɡɹɪzli
g/grizzle.txt	3	m n	grizzle	grisele, grisils	G R IH1 Z AH0 L	ˈɡɹɪzəl
g/grizzle.txt	4	v	grizzle	to grisele -s -d -ing	G R IH1 Z AH0 L	ˈɡɹɪzəl
g/grain.txt	1	m n	grain	graine, graîns	G R EY1 N	ˈɡɹeɪn
g/grain.txt	2	adj	granular	grañular	G R AE1 N Y AH0 L ER0	ˈɡɹænjəlɚ
g/grain.txt	4	f n	granularity	grañularetie -is		
g/grain.txt	5	m n	granary	grainerie -is		
g/guard.txt	1	v	guard	to garde -s -d -ing	G AA1 R D	ˈɡɑɹd
g/guard.txt	2	m n	guard	garde, gards	G AA1 R D	ˈɡɑɹd
g/guard.txt	3	m n	guardian	gardian -s	G AA1 R D IY0 AH0 N	ˈɡɑɹdiən
g/gander.txt	2	v	gander	to gander gandre(s gandred gandering	G AE1 N D ER0	ˈɡændɚ
g/gobble.txt	1	v	gobble	to goble -s -d -ing	G AA1 B AH0 L	ˈɡɑbəl
g/giant.txt	1	adj	giant	gîant	JH AY1 AH0 N T	ˈdʒaɪənt
g/giant.txt	2	m n	giant	gîante, gîants	JH AY1 AH0 N T	ˈdʒaɪənt
g/giant.txt	3	adj	gigantic	gîgantic	JH AY0 G AE1 N T IH0 K	dʒaɪˈɡæntɪk
g/giant.txt	3	adj	gigantic	gîgantic	JH AY0 G AE1 N IH0 K	dʒaɪˈɡænɪk
g/giant.txt	4	f n	gigantism	gîgantism		
g/grass.txt	1	m n	grass	grass -es	G R AE1 S	ˈɡɹæs
g/grass.txt	2	v	grass	to grasse -s -d -ing	G R AE1 S	ˈɡɹæs
g/greed.txt	1	m n	greed	griede	G R IY1 D	ˈɡɹid
g/greed.txt	2	adj	greedy	griedy -ily	G R IY1 D IY0	ˈɡɹidi
g/gentle.txt	1	adj	gentle	gentle	JH EH1 N T AH0 L	ˈdʒɛntəl
g/gentle.txt	1	adj	gentle	gentle	JH EH1 N AH0 L	ˈdʒɛnəl
g/gentle.txt	2	adj	genteel	gentiele	JH EH0 N T IY1 L	dʒɛnˈtil
g/gentle.txt	3	m n	gentile	gentîle, gentîals; gentoile, getoils	JH EH1 N T AY2 L	ˈdʒɛnˌtaɪl
g/gentle.txt	4	f n	gentility	gentilitie	JH EH0 N T IH1 L IH0 T IY0	dʒɛnˈtɪlɪti
g/gentle.txt	5	m n	gentry	gentrie, gentris	JH EH1 N T R IY0	ˈdʒɛntɹi
g/gentle.txt	6	m n	gentleman	gentleman, gentlemen	JH EH1 N T AH0 L M AH0 N	ˈdʒɛntəlmən
g/gentle.txt	6	m n	gentleman	gentleman, gentlemen	JH EH1 N AH0 L M AH0 N	ˈdʒɛnəlmən
g/game.txt	1	m n	game	gaime, gâms	G EY1 M	ˈɡeɪm
g/game.txt	2	v	game	to gaime -s -d gâming	G EY1 M	ˈɡeɪm
g/great.txt	1	adj	great	great, greatar, greatest	G R EY1 T	ˈɡɹeɪt
g/great.txt	2	adv	greatly	greatly	G R EY1 T L IY0	ˈɡɹeɪtli
g/great.txt	3	m n	great	greate, greats	G R EY1 T	ˈɡɹeɪt
g/great.txt	4	prefix, adj	great-	great-	G R EY1 T	ˈɡɹeɪt
g/great.txt	5	m n	greatness	greatness	G R EY1 T N AH0 S	ˈɡɹeɪtnəs
g/gopher.txt	1	m n	gopher	goafre, goafars	G OW1 F ER0	ˈɡoʊfɚ
g/glock.txt	1	m n	Glock	gloc, glox	G L AA1 K	ˈɡlɑk
g/giraffe.txt	1	f n	giraffe	girafe, giràfs	JH ER0 AE1 F	dʒɚˈæf
g/glimmer.txt	1	v	glimmer	to glimere -s -d glimering	G L IH1 M ER0	ˈɡlɪmɚ
g/glimmer.txt	2	m n	glimmer	glimere, glimars	G L IH1 M ER0	ˈɡlɪmɚ
g/greet.txt	1	v	greet	to griete -s -d -ing	G R IY1 T	ˈɡɹit
g/glisten.txt	1	v	glisten	to glissene -s -d -ing	G L IH1 S AH0 N	ˈɡlɪsən
g/geranium.txt	1	f n	geranium	gerâniom	JH ER0 EY1 N IY0 AH0 M	dʒɚˈeɪniəm
g/guerrilla.txt	1	f n	guerrilla	guerrilla -s	G ER0 IH1 L AH0	ɡɚˈɪlə
g/guerrilla.txt	2	adj	guerrilla	guerrilla	G ER0 IH1 L AH0	ɡɚˈɪlə
g/glaze.txt	1	v	glaze	to glâse -s -d -ing	G L EY1 Z	ˈɡleɪz
g/glaze.txt	2	m n	glaze	glâse -s	G L EY1 Z	ˈɡleɪz
g/giggle.txt	1	v	giggle	to guigle -s -d -ing	G IH1 G AH0 L	ˈɡɪɡəl
g/giggle.txt	2	m n	giggle	guigle, guiguls	G IH1 G AH0 L	ˈɡɪɡəl
g/gold.txt	1	m n	gold	goalde	G OW1 L D	ˈɡoʊld
g/gold.txt	2	adj	gold	goald	G OW1 L D	ˈɡoʊld
g/gold.txt	3	adj	golden	goalden	G OW1 L D AH0 N	ˈɡoʊldən
g/green.txt	1	adj, m n	green	grine grínar grinest, gríns	G R IY1 N	ˈɡɹin
g/green.txt	2	v	green	to grine -s -d -ing	G R IY1 N	ˈɡɹin
g/green.txt	3	m n	greenery	grinerie -is	G R IY1 N ER0 IY0	ˈɡɹinɚi
g/gown.txt	1	m n	gown	gône, gôns	G AW1 N	ˈɡaʊn
g/glitter.txt	1	v	glitter	to glitir glitre(s glitred glitiring	G L IH1 T ER0	ˈɡlɪtɚ
g/glitter.txt	2	m n	glitter	glitre, glitirs	G L IH1 T ER0	ˈɡlɪtɚ
g/guide.txt	1	v	guide	to guîde -s -d -ing	G AY1 D	ˈɡaɪd
g/guide.txt	3	m n	guidance	guîdance -s	G AY1 D AH0 N S	ˈɡaɪdəns
g/guide.txt	4	m n	guidebook	guîd bôc, guîd beox	G AY1 D B UH2 K	ˈɡaɪdˌbʊk
g/gorilla.txt	1	f n	gorilla	gorilla -s	G ER0 IH1 L AH0	ɡɚˈɪlə
g/guarantee.txt	1	f n	guarantee	gairantíe -ís	G EH2 R AH0 N T IY1	ˌɡɛɹənˈti
g/guarantee.txt	2	v	guarantee	to gairantíe -s -d gairantýing	G EH2 R AH0 N T IY1	ˌɡɛɹənˈti
g/guarantee.txt	3	m n	guaranty	gairantie -is	G EH2 R AH0 N T IY1	ˌɡɛɹənˈti
g/goblin.txt	1		goblin		G AA1 B L IH0 N	ˈɡɑblɪn
g/girth.txt	1	m n	girth	guirþ -s	G ER1 TH	ˈɡɝθ
g/girth.txt	2	v	girth	to guirþe -s -d -ing	G ER1 TH	ˈɡɝθ
g/goal.txt	1	m n	goal	gole, goals	G OW1 L	ˈɡoʊl
g/grovel.txt	1	v	grovel	to grovele -s -d -ing	G R AA1 V AH0 L	ˈɡɹɑvəl
g/gross.txt	1	adj	gross	gróss -ly	G R OW1 S	ˈɡɹoʊs
g/gross.txt	2	m n	gross	grósse	G R OW1 S	ˈɡɹoʊs
g/gross.txt	3	v	gross	to grósse -s -d -ing	G R OW1 S	ˈɡɹoʊs
g/gravel.txt	1	m n	gravel	gravele, gravels	G R AE1 V AH0 L	ˈɡɹævəl
g/gruesome.txt	1	adj	gruesome	gruesome	G R UW1 S AH0 M	ˈɡɹusəm
g/guy.txt	1	m n	guy	guy, guys	G AY1	ˈɡaɪ
g/glare.txt	1	v	glare	to glaire -s -d -ing	G L EH1 R	ˈɡlɛɹ
g/glare.txt	2	m n	glare	glaire, glairs	G L EH1 R	ˈɡlɛɹ
g/gaggle.txt	1	v	gaggle	to gagle -s -d -ing	G AE1 G AH0 L	ˈɡæɡəl
g/gaggle.txt	2	m n	gaggle	gagle, gaguls	G AE1 G AH0 L	ˈɡæɡəl
g/goggle.txt	1	v	goggle	to gogle -s -d gogling	G AA1 G AH0 L	ˈɡɑɡəl
g/goggle.txt	2	m n	goggles	goguls	G AA1 G AH0 L Z	ˈɡɑɡəlz
g/gray.txt	1	adj	gray	gray -ar -est	G R EY1	ˈɡɹeɪ
g/gray.txt	2	m n	gray	graie, grays	G R EY1	ˈɡɹeɪ
g/gray.txt	3	v	gray	to graie -s -d graying	G R EY1	ˈɡɹeɪ
g/gloat.txt	1	v	gloat	to glote -s -d -ing	G L OW1 T	ˈɡloʊt
g/gloat.txt	2	m n	gloat	glote, gloats	G L OW1 T	ˈɡloʊt
g/gore.txt	1	m n	gore	gore	G AO1 R	ˈɡɔɹ
g/gore.txt	2	v	gore	to gaure -s -d -ing	G AO1 R	ˈɡɔɹ
g/grapple.txt	1	m n	grapple	graple, grapuls	G R AE1 P AH0 L	ˈɡɹæpəl
g/grapple.txt	2	v	grapple	to graple -s -d -ing	G R AE1 P AH0 L	ˈɡɹæpəl
g/grocer.txt	1	m n	grocer	groçer -s	G R OW1 S ER0	ˈɡɹoʊsɚ
g/grocer.txt	2	adj, m n	grocery	groçery, groçeris	G R OW1 S ER0 IY0	ˈɡɹoʊsɚi
g/grocer.txt	2	adj, m n	grocery	groçery, groçeris	G R OW1 S R IY0	ˈɡɹoʊsɹi
g/guitar.txt	1	f n	guitar	guitare, guitárs	G IH0 T AA1 R	ɡɪˈtɑɹ
g/garnish.txt	1	v	garnish	to garnișe -s -d -ing	G AA1 R N IH0 SH	ˈɡɑɹnɪʃ
g/garnish.txt	2	m n	garnish	garnișe	G AA1 R N IH0 SH	ˈɡɑɹnɪʃ
g/garnish.txt	3	f n	garnishee	garnișíe, garnișís		
g/garnish.txt	4	m n	garnishment	garnișement -s	G AA1 R N IH0 SH M AH0 N T	ˈɡɑɹnɪʃmənt
g/Georgia.txt	1	m n	Georgia	Giorgia	JH AO1 R JH AH0	ˈdʒɔɹdʒə
g/Georgia.txt	2	adj, m n	Georgian	giorgian -s	JH AO1 R JH AH0 N	ˈdʒɔɹdʒən
g/gallery.txt	1	m n	gallery	galerie, galeris	G AE1 L ER0 IY0	ˈɡælɚi
g/gossip.txt	1	m n	gossip	gossippe	G AA1 S AH0 P	ˈɡɑsəp
g/gossip.txt	2	v	gossip	to gossippe -s -d -ing	G AA1 S AH0 P	ˈɡɑsəp
g/garage.txt	1	f n	garage	garage -s	G ER0 AA1 ZH	ɡɚˈɑʒ
g/garage.txt	2	v	garage	to garage -s -d -ing	G ER0 AA1 ZH	ɡɚˈɑʒ
g/generous.txt	1	adj	generous	generus -ly	JH EH1 N ER0 AH0 S	ˈdʒɛnɚəs
g/generous.txt	2	f n	generosity	generossetie, generossetis	JH EH2 N ER0 AA1 S AH0 T IY0	ˌdʒɛnɚˈɑsəti
g/gaze.txt	1	v	gaze	to gâse -s -d -ing	G EY1 Z	ˈɡeɪz
g/gaze.txt	2	m n	gaze	gâse -s	G EY1 Z	ˈɡeɪz
g/gird.txt	1	v	gird	to guirde -s -d -ing	G ER1 D	ˈɡɝd
g/gird.txt	2	m n	girder	guirdre, guirdars	G ER1 D ER0	ˈɡɝdɚ
g/gird.txt	3	m n	girdle	guirdle, guirdels	G ER1 D AH0 L	ˈɡɝdəl
g/gird.txt	4	v	girdle	to guirdle -s -d -ing	G ER1 D AH0 L	ˈɡɝdəl
g/guest.txt	1	m n	guest	gaiste, gaists	G EH1 S T	ˈɡɛst
g/guest.txt	2	v	guest	to gaiste -s -d -ing	G EH1 S T	ˈɡɛst
g/grip.txt	1	m n	grip	grippe, grips	G R IH1 P	ˈɡɹɪp
g/grip.txt	2	v	grip	to grippe grip(s -d -ing	G R IH1 P	ˈɡɹɪp
g/gym.txt	2	m n	gym	gyme, gyms	JH IH1 M	ˈdʒɪm
g/gym.txt	3	m n	gymnast	gymnast -s	JH IH1 M N AH0 S T	ˈdʒɪmnəst
g/gym.txt	4	adj	gymnastic	gymnastic	JH IH0 M N AE1 S T IH0 K	dʒɪmˈnæstɪk
g/gym.txt	5	f n	gymnastics	gymnastics	JH IH0 M N AE1 S T IH0 K S	dʒɪmˈnæstɪks
g/groan.txt	1	v	groan	to groane -s -d -ing	G R OW1 N	ˈɡɹoʊn
g/groan.txt	2	m n	groan	groane, groans	G R OW1 N	ˈɡɹoʊn
g/goat.txt	1	m n	goat	gote, goats	G OW1 T	ˈɡoʊt
g/growl.txt	1	v	growl	to grôle -s -d -ing	G R AW1 L	ˈɡɹaʊl
g/growl.txt	2	m n	growl	grôle, grôels	G R AW1 L	ˈɡɹaʊl
g/growl.txt	3	m n	growler	grôler -s		
g/gene.txt	1	m n	gene	gine, gíns	JH IY1 N	ˈdʒin
g/gawk.txt	1	v	gawk	to gauque gauc(s -d -ing	G AO1 K	ˈɡɔk
g/gear.txt	1	m n	gear	guire, guiars	G IH1 R	ˈɡɪɹ
g/gear.txt	2	v	gear	to guier guire(s guired guiering	G IH1 R	ˈɡɪɹ
g/grub.txt	1	v	grub	to grubbe grub(s -d -ing	G R AH1 B	ˈɡɹʌb
g/grub.txt	2	m n	grub	grubbe, grubs	G R AH1 B	ˈɡɹʌb
g/grub.txt	3	adj	grubby	grubby	G R AH1 B IY0	ˈɡɹʌbi
g/guilt.txt	1	m n	guilt	guilte	G IH1 L T	ˈɡɪlt
g/guilt.txt	2	v	guilt	to guilte -s -d -ing	G IH1 L T	ˈɡɪlt
g/graph.txt	1	m n	graph	graph -s	G R AE1 F	ˈɡɹæf
g/graph.txt	2	v	graph	to graphe -s -d -ing	G R AE1 F	ˈɡɹæf
g/graph.txt	3	adj	graphic	graphic	G R AE1 F IH0 K	ˈɡɹæfɪk
g/graph.txt	4	m n	graphic	graphic -s	G R AE1 F IH0 K	ˈɡɹæfɪk
g/grit.txt	1	m n	grit	gritte	G R IH1 T	ˈɡɹɪt
g/grit.txt	2	v	grit	to gritte grit(s -d -ing	G R IH1 T	ˈɡɹɪt
g/grit.txt	3	adj	gritty	gritty	G R IH1 T IY0	ˈɡɹɪti
g/gorgeous.txt	1	adj	gorgeous	gorgeus -ly -ness	G AO1 R JH AH0 S	ˈɡɔɹdʒəs
g/gorgeous.txt	3	v	gorge	to gorge -s -d -ing	G AO1 R JH	ˈɡɔɹdʒ
g/ground.txt	2	v	ground	to grônde -s -d -ing	G R AW1 N D	ˈɡɹaʊnd
g/gash.txt	1	m n	gash	gasce -s	G AE1 SH	ˈɡæʃ
g/gash.txt	2	v	gash	to gasce -s -d -ing	G AE1 SH	ˈɡæʃ
g/group.txt	1	m n	group	groupe, groups	G R UW1 P	ˈɡɹup
g/group.txt	2	v	group	to groupe -s -d -ing	G R UW1 P	ˈɡɹup
g/group.txt	3	m n	groupthink	groupþinc		
g/grotesque.txt	1	adj	grotesque	grotesque	G R OW0 T EH1 S K	ɡɹoʊˈtɛsk
g/grotesque.txt	2	f n	grotesque	grotesque, grotèscs	G R OW0 T EH1 S K	ɡɹoʊˈtɛsk
g/grouch.txt	1	m n	grouch	groac̃e -s	G R AW1 CH	ˈɡɹaʊtʃ
g/grouch.txt	2	v	grouch	to groac̃e -s -d -ing	G R AW1 CH	ˈɡɹaʊtʃ
g/glacier.txt	2	adj	glacial	glâcial	G L EY1 SH AH0 L	ˈɡleɪʃəl
g/gyp.txt	1	v	gyp	to gippe gip(s -d -ing	JH IH1 P	ˈdʒɪp
g/gyp.txt	2	m n	gyp	gippe, gips	JH IH1 P	ˈdʒɪp
g/gatch.txt	1	m n	gatch	gac̃he	G AE1 CH	ˈɡætʃ
g/gypsy.txt	1	m n	gipsy	gipsie -is		
g/gypsy.txt	1	m n	gypsy	gipsie -is	JH IH1 P S IY0	ˈdʒɪpsi
g/generate.txt	1	v	generate	to generait -s -ed -ing	JH EH1 N ER0 EY2 T	ˈdʒɛnɚˌeɪt
g/generate.txt	2	f n	generation	generâcion -s	JH EH2 N ER0 EY1 SH AH0 N	ˌdʒɛnɚˈeɪʃən
g/generate.txt	3	adj	generational	generâcional	JH EH2 N ER0 EY1 SH AH0 N AH0 L	ˌdʒɛnɚˈeɪʃənəl
g/generate.txt	4	adj	generative	generatif	JH EH1 N ER0 AH0 T IH0 V	ˈdʒɛnɚətɪv
g/generate.txt	5	m n	generator	generaitor -s	JH EH1 N ER0 EY2 T ER0	ˈdʒɛnɚˌeɪtɚ
g/glove.txt	1	m n	glove	glove -s	G L AH1 V	ˈɡlʌv
g/glove.txt	2	v	glove	to glove -s -d -ing	G L AH1 V	ˈɡlʌv
g/gin.txt	1	m n	gin	ginne, gins	JH IH1 N	ˈdʒɪn
g/guzzle.txt	1	v	guzzle	to gosele -s -d -ing	G AH1 Z AH0 L	ˈɡʌzəl
g/grave.txt	2	v	grave	to graive -s -d -ing	G R EY1 V	ˈɡɹeɪv
g/gallows.txt	1	m n	gallows	galaus	G AE1 L OW0 Z	ˈɡæloʊz
g/grind.txt	1	irv	grind	to grînde -s graund -ing	G R AY1 N D	ˈɡɹaɪnd
g/grind.txt	3	adj	ground	graund	G R AW1 N D	ˈɡɹaʊnd
g/grace.txt	2	v	grace	to grâce -s -d -ing	G R EY1 S	ˈɡɹeɪs
g/grace.txt	3	adj	graceful	grâceful -ly	G R EY1 S F AH0 L	ˈɡɹeɪsfəl
g/grace.txt	4	adj	graceless	grâceless -ly -ness	G R EY1 S L AH0 S	ˈɡɹeɪsləs
g/grace.txt	5	adj	gracious	grâceus -ly -ness	G R EY1 SH AH0 S	ˈɡɹeɪʃəs
g/grace.txt	6	v	disgrace	to disgrâce -s -d -ing	D IH0 S G R EY1 S	dɪsˈɡɹeɪs
g/grace.txt	8	adj	disgraceful	disgrâceful -ly -ness	D IH0 S G R EY1 S F AH0 L	dɪsˈɡɹeɪsfəl
g/grace.txt	9	adj	grateful	grâteful -ly	G R EY1 T F AH0 L	ˈɡɹeɪtfəl
g/grace.txt	10	m n	gratitude	gratitude	G R AE1 T AH0 T UW2 D	ˈɡɹætəˌtud
g/grace.txt	11	v	gratify	to gratifae -s -d gratifyhing	G R AE1 T AH0 F AY2	ˈɡɹætəˌfaɪ
g/grace.txt	13	m n	ingrate	ingrât -s		
g/grace.txt	14	adj	gratuitous	gratúitus -ly -ness	G R AH0 T UW1 AH0 T AH0 S	ɡɹəˈtuətəs
g/grace.txt	15	f n	gratuity	gratuetie -is	G R AH0 T UW1 IH0 T IY0	ɡɹəˈtuɪti
g/grin.txt	1	v	grin	to grinne grin(s -d -ing	G R IH1 N	ˈɡɹɪn
g/grin.txt	2	m n	grin	grinne, grins	G R IH1 N	ˈɡɹɪn
g/gantry.txt	1	m n	gantry	gantrie, gantris	G AE1 N T R IY0	ˈɡæntɹi
g/gas.txt	2	v	gas	to gasse -s -d -ing	G AE1 S	ˈɡæs
g/gas.txt	3	f n	gasoline	gassoline	G AE1 S AH0 L IY2 N	ˈɡæsəˌlin
g/grandparent.txt	1	m n	grandparent	grandpârent -s	G R AE1 N D P EH2 R AH0 N T	ˈɡɹændˌpɛɹənt
g/grandparent.txt	2	m n	grandmother	grandmaþor -s	G R AE1 N D M AH2 DH ER0	ˈɡɹændˌmʌðɚ
g/grandparent.txt	3	m n	grandfather	grandfaþor -s	G R AE1 N D F AA2 DH ER0	ˈɡɹændˌfɑðɚ
g/grandparent.txt	3	m n	grandfather	grandfaþor -s	G R AE1 N F AA2 DH ER0	ˈɡɹænˌfɑðɚ
g/grandparent.txt	4	v	grandfather	to grandfaþore -s -d -ing	G R AE1 N D F AA2 DH ER0	ˈɡɹændˌfɑðɚ
g/grandparent.txt	4	v	grandfather	to grandfaþore -s -d -ing	G R AE1 N F AA2 DH ER0	ˈɡɹænˌfɑðɚ
g/grandparent.txt	5	m n	grandma	gramma -s	G R AE1 N D M AA0	ˈɡɹændmɑ
g/grandparent.txt	6	m n	grandpa	grampa -s	G R AE1 N D P AA2	ˈɡɹændˌpɑ
g/glimpse.txt	1	v	glimpse	to glimpse -s -d -ing	G L IH1 M P S	ˈɡlɪmps
g/glimpse.txt	2	v	glimpse	glimpse -s -d -ing	G L IH1 M P S	ˈɡlɪmps
g/ginger.txt	1	m n	ginger	gingere, gingirs	JH IH1 N JH ER0	ˈdʒɪndʒɚ
g/ginger.txt	2	adv	gingerly	gingirly	JH IH1 N JH ER0 L IY0	ˈdʒɪndʒɚli
g/gesture.txt	1	m n	gesture	gesțure, gesțurs	JH EH1 S CH ER0	ˈdʒɛstʃɚ
g/gesture.txt	2	v	gesture	to gesțure -s -d -ing	JH EH1 S CH ER0	ˈdʒɛstʃɚ
g/gnome.txt	1	m n	gnome	gnóme, gnóms	N OW1 M	ˈnoʊm
g/gyrate.txt	1	v	gyrate	to gŷrait -s -ed -ing	JH AY1 R EY2 T	ˈdʒaɪˌɹeɪt
g/gyrate.txt	2	f n	gyration	gyrâcion -s	JH AY0 R EY1 SH AH0 N	dʒaɪˈɹeɪʃən
g/gyrate.txt	3	m n	gyre	gŷre, gŷars		
g/gyrate.txt	4	v	gyre	to gŷer gŷre(s gŷred gŷering		
g/gymkhana.txt	1	f n	gymkhana	gymcana -s		
g/gall.txt	1	m n	gall	gaole	G AO1 L	ˈɡɔl
g/gall.txt	2	v	gall	to gaole -s -d -ing	G AO1 L	ˈɡɔl
g/gall.txt	3	m n	gall	galle	G AO1 L	ˈɡɔl
g/grimace.txt	2	v	grimace	to grimace -s -d -ing	G R IH1 M AH0 S	ˈɡɹɪməs
g/granny.txt	1	m n	granny	grannie, grannis	G R AE1 N IY0	ˈɡɹæni
g/grandiloquent.txt	1	adj	grandiloquent	grandiloquent	G R AE0 N D IH1 L AH0 K W AH0 N T	ɡɹænˈdɪləkwənt
g/gnu.txt	1	m n	gnu	ñue, ñuis	N UW1	ˈnu
g/gourmet.txt	1		gourmet		G UH1 R M EY2	ˈɡʊɹˌmeɪ
g/gourmet.txt	2	adj	gourmet	gourméy	G UH1 R M EY2	ˈɡʊɹˌmeɪ
g/grammar.txt	1	m n	grammar	gramere, gramars	G R AE1 M ER0	ˈɡɹæmɚ
g/grammar.txt	2	adj	grammatical	gramatical	G R AH0 M AE1 T AH0 K AH0 L	ɡɹəˈmætəkəl
g/grammar.txt	2	adj	grammatical	gramatical	G R AH0 M AE1 T IH0 K AH0 L	ɡɹəˈmætɪkəl
g/grammar.txt	3	f n	grammarian	gramârian -s		
g/grammar.txt	4	m n	gram	grame, grams	G R AE1 M	ˈɡɹæm
g/gem.txt	1	m n	gem	geme, gems	JH EH1 M	ˈdʒɛm
g/gem.txt	2	m n	gemstone	gemstone, gemstoans	JH EH1 M S T OW2 N	ˈdʒɛmˌstoʊn
g/govern.txt	1	v	govern	to governe -s -d -ing	G AH1 V ER0 N	ˈɡʌvɚn
g/govern.txt	2	adj	governable	governable		
g/govern.txt	4	m n	government	goverment -s	G AH1 V ER0 M AH0 N T	ˈɡʌvɚmənt
g/govern.txt	4	m n	government	goverment -s	G AH1 V ER0 N M AH0 N T	ˈɡʌvɚnmənt
g/govern.txt	5	m n	governor	govenere, govenors	G AH1 V ER0 N ER0	ˈɡʌvɚnɚ
g/glum.txt	1	adj	glum	glome	G L AH1 M	ˈɡlʌm
g/grade.txt	1	m n	grade	grâde, grâds	G R EY1 D	ˈɡɹeɪd
g/grade.txt	2	v	grade	to grâde -s -d -ing	G R EY1 D	ˈɡɹeɪd
g/grade.txt	3	adj	gradual	grad̹ual	G R AE1 JH UW0 AH0 L	ˈɡɹædʒuəl
g/grade.txt	4	adv	gradually	grad̹ally	G R AE1 JH UW0 AH0 L IY0	ˈɡɹædʒuəli
g/grade.txt	4	adv	gradually	grad̹ally	G R AE1 JH UW0 L IY0	ˈɡɹædʒuli
g/grade.txt	5	adj, m n	gradient	grâdient -s	G R EY1 D IY0 AH0 N T	ˈɡɹeɪdiənt
g/gyroscope.txt	1	m n	gyroscope	gŷroscope, gŷroscops	JH AY1 R AH0 S K OW2 P	ˈdʒaɪɹəˌskoʊp
g/grow.txt	1	irv	grow	to groe -s greu greon grouing	G R OW1	ˈɡɹoʊ
g/grow.txt	2	m n	grower	grouer -s	G R OW1 ER0	ˈɡɹoʊɚ
g/grow.txt	3	m n	growth	groaþ -s	G R OW1 TH	ˈɡɹoʊθ
g/gallant.txt	1	adj	gallant	galant	G AE1 L AH0 N T	ˈɡælənt
g/gallant.txt	2	m n	gallantry	galantrie	G AE1 L AH0 N T R IY0	ˈɡæləntɹi
g/galaxy.txt	1	m n	galaxy	galaxie, galaxis	G AE1 L AH0 K S IY0	ˈɡæləksi
g/galaxy.txt	2	adj	galactic	galactic	G AH0 L AE1 K T IH0 K	ɡəˈlæktɪk
g/gag.txt	1	v	gag	to gague gag(s -d -ing	G AE1 G	ˈɡæɡ
g/gag.txt	2	m n	gag	gague, gags	G AE1 G	ˈɡæɡ
g/graffiti.txt	1	f n	graffiti	graffíti	G R AH0 F IY1 T IY0	ɡɹəˈfiti
g/gab.txt	1	v	gab	to gabe -s -d -ing	G AE1 B	ˈɡæb
g/gab.txt	2	m n	gab	gabe, gabs	G AE1 B	ˈɡæb
g/gab.txt	3	v	gabble	to gable -s -d -ing		
g/gab.txt	4	m n	gabble	gable, gabuls		
g/gab.txt	5	m n	gibberish	gibberisce	G IH1 B ER0 IH0 SH	ˈɡɪbɚɪʃ
g/garbage.txt	1	m n	garbage	garbage	G AA1 R B IH0 JH	ˈɡɑɹbɪdʒ
g/gain.txt	1	v	gain	to gaine -s -d -ing	G EY1 N	ˈɡeɪn
g/gate.txt	1	m n	gate	gâte, gâts	G EY1 T	ˈɡeɪt
g/gate.txt	2	v	gate	to gâte -s -d -ing	G EY1 T	ˈɡeɪt
g/guru.txt	1	m n	guru	gûrue, gûruis	G UW1 R UW2	ˈɡuˌɹu
g/guillotine.txt	2	v	guillotine	to guíotine -s -d -ing	G IH1 L AH0 T IY2 N	ˈɡɪləˌtin
g/guillotine.txt	2	v	guillotine	to guíotine -s -d -ing	G IY1 Y AH0 T IY2 N	ˈɡijəˌtin
g/gnash.txt	1	v	gnash	to gnasce -s -d -ing	N AE1 SH	ˈnæʃ
g/glucose.txt	1	m n	glucose	glúcose	G L UW1 K OW2 S	ˈɡluˌkoʊs
g/graduate.txt	1	v	graduate	to grad̦uait	G R AE1 JH AH0 W AH0 T	ˈɡɹædʒəwət
g/graduate.txt	1	v	graduate	to grad̦uait	G R AE1 JH AH0 W EY2 T	ˈɡɹædʒəˌweɪt
g/graduate.txt	1	v	graduate	to grad̦uait	G R AE1 JH UW0 W AH0 T	ˈɡɹædʒuwət
g/graduate.txt	1	v	graduate	to grad̦uait	G R AE1 JH UW0 EY2 T	ˈɡɹædʒuˌeɪt
g/graduate.txt	2	f n	graduation	grad̦uâcion -s	G R AE2 JH UW0 EY1 SH AH0 N	ˌɡɹædʒuˈeɪʃən
g/graduate.txt	2	f n	graduation	grad̦uâcion -s	G R AE2 JH AH0 W EY1 SH AH0 N	ˌɡɹædʒəˈweɪʃən
g/graduate.txt	3	m n	graduate	grad̦uate, grad̦uats	G R AE1 JH AH0 W AH0 T	ˈɡɹædʒəwət
g/graduate.txt	3	m n	graduate	grad̦uate, grad̦uats	G R AE1 JH AH0 W EY2 T	ˈɡɹædʒəˌweɪt
g/graduate.txt	3	m n	graduate	grad̦uate, grad̦uats	G R AE1 JH UW0 W AH0 T	ˈɡɹædʒuwət
g/graduate.txt	3	m n	graduate	grad̦uate, grad̦uats	G R AE1 JH UW0 EY2 T	ˈɡɹædʒuˌeɪt
g/garret.txt	1	m n	garret	gârete, gârets	G EH1 R IH0 T	ˈɡɛɹɪt
g/garret.txt	2	m n	garrison	gârisson -s	G AE1 R IH0 S AH0 N	ˈɡæɹɪsən
g/gristle.txt	1	m n	gristle	grissle	G R IH1 S AH0 L	ˈɡɹɪsəl
g/garden.txt	1	m n	garden	gardene, gardins	G AA1 R D AH0 N	ˈɡɑɹdən
g/garden.txt	2	v	garden	to gardene -s -d -ing	G AA1 R D AH0 N	ˈɡɑɹdən
g/garden.txt	3	m n	gardener	gardener -s	G AA1 R D AH0 N ER0	ˈɡɑɹdənɚ
g/gnaw.txt	1	v	gnaw	to gnahe -s -d -ing	N AO1	ˈnɔ
g/grieve.txt	1	m n	grief	griefe	G R IY1 F	ˈɡɹif
g/grieve.txt	2	v	grieve	to grieve -s -d -ing	G R IY1 V	ˈɡɹiv
g/gnat.txt	1	m n	gnat	gnate, gnats	N AE1 T	ˈnæt
g/glass.txt	1	m n	glass	glass -es	G L AE1 S	ˈɡlæs
g/grope.txt	1	v	grope	to groape -s -d -ing	G R OW1 P	ˈɡɹoʊp
g/grail.txt	1	m n	grail	graile, graîls	G R EY1 L	ˈɡɹeɪl
g/glow.txt	1	v	glow	to gloe -s -d glouing	G L OW1	ˈɡloʊ
g/glow.txt	2	m n	glow	gloe, glos	G L OW1	ˈɡloʊ
g/gut.txt	1	m n	gut	gutte, guts	G AH1 T	ˈɡʌt
g/gut.txt	2	v	gut	to gutte gut(s -d -ing	G AH1 T	ˈɡʌt
g/globe.txt	3	v	globalize	to glóbalyse -s -d -ing	G L OW1 B AH0 L AY2 Z	ˈɡloʊbəˌlaɪz
g/globe.txt	4	f n	globalization	globalisâcion -s	G L OW2 B AH0 L IH0 Z EY1 SH AH0 N	ˌɡloʊbəlɪˈzeɪʃən
g/groove.txt	1	m n	groove	grouve -s	G R UW1 V	ˈɡɹuv
g/groove.txt	2	v	groove	to grouve -s -d -ing	G R UW1 V	ˈɡɹuv
g/geometry.txt	1	f n	geometry	gïometrie, gïometris	JH IY0 AA1 M AH0 T R IY0	dʒiˈɑmətɹi
g/get.txt	1	irv	get	to gait gaits got gotan gaiting	G EH1 T	ˈɡɛt
g/get.txt	1	irv	get	to gait gaits got gotan gaiting	G IH1 T	ˈɡɪt
g/get.txt	2	m n	get	gait -s	G EH1 T	ˈɡɛt
g/get.txt	2	m n	get	gait -s	G IH1 T	ˈɡɪt
g/germane.txt	1	adj	germane	germâne	JH ER0 M EY1 N	dʒɚˈmeɪn
g/gull.txt	1	m n	gull	gulle, gulls	G AH1 L	ˈɡʌl
g/gauge.txt	1	v	gauge	to gaige -s -d -ing	G EY1 JH	ˈɡeɪdʒ
g/glean.txt	1	v	glean	to gliene -s -d -ing	G L IY1 N	ˈɡlin
g/good.txt	1	adj, adv	good	gûd, bettar, best	G UH1 D	ˈɡʊd
g/good.txt	1	adj, adv	good	gûd, bettar, best	G IH0 D	ɡɪd
g/good.txt	1	adj, adv	better	gûd, bettar, best	B EH1 T ER0	ˈbɛtɚ
g/good.txt	1	adj, adv	best	gûd, bettar, best	B EH1 S T	ˈbɛst
g/geyser.txt	1	m n	geyser	guysre, guysars	G AY1 Z ER0	ˈɡaɪzɚ
g/genuine.txt	1	adj	genuine	geñuin -ly	JH EH1 N Y AH0 W AH0 N	ˈdʒɛnjəwən
g/genuine.txt	1	adj	genuine	geñuin -ly	JH EH1 N Y UW1 W AY2 N	ˈdʒɛnˈjuˌwaɪn
g/glamor.txt	1	m n	glamor	glamere, glamars	G L AE1 M ER0	ˈɡlæmɚ
g/glamor.txt	2	adj	glamorous	glamereus	G L AE1 M ER0 AH0 S	ˈɡlæmɚəs
g/grudge.txt	1	v	begrudge	to begroge -s -d -ing	B IH0 G R AH1 JH	bɪˈɡɹʌdʒ
g/grudge.txt	2	v	grudge	to groge -s -d -ing	G R AH1 JH	ˈɡɹʌdʒ
g/grudge.txt	3	m n	grudge	groge -s	G R AH1 JH	ˈɡɹʌdʒ
g/gloom.txt	1	m n	gloom	gloume	G L UW1 M	ˈɡlum
g/gloom.txt	2	adj	gloomy	gloumy	G L UW1 M IY0	ˈɡlumi
g/gift.txt	1	m n	gift	guifte, guifts	G IH1 F T	ˈɡɪft
g/gift.txt	2	v	gift	to guifte -s -d -ing	G IH1 F T	ˈɡɪft
g/graze.txt	1	v	graze	to grâse -s -d -ing	G R EY1 Z	ˈɡɹeɪz
g/Germany.txt	1	m n	Germany	Gêmanie	JH ER1 M AH0 N IY0	ˈdʒɝməni
g/Germany.txt	2	m n	German	Gêman	JH ER1 M AH0 N	ˈdʒɝmən
g/Germany.txt	3	m n, adj	German	gêman -s	JH ER1 M AH0 N	ˈdʒɝmən
g/Germany.txt	4	adj	Germanic	gêmanic	JH ER0 M AE1 N IH0 K	dʒɚˈmænɪk
g/guinea-pig.txt	1	m n	guinea-pig	guini pighe, guini pigs	G IH1 N IY0 P IH1 G	ˈɡɪniˈpɪɡ
g/gazelle.txt	1	f n	gazelle	gazelle, gazèls	G AH0 Z EH1 L	ɡəˈzɛl
g/gorse.txt	1	m n	gorse	gorse		
g/gleam.txt	1	m n	gleam	glieme, gliems	G L IY1 M	ˈɡlim
g/gleam.txt	2	v	gleam	to glieme -s -d -ing	G L IY1 M	ˈɡlim
g/general.txt	2	m n	general	general -s	JH EH1 N ER0 AH0 L	ˈdʒɛnɚəl
g/general.txt	2	m n	general	general -s	JH EH1 N R AH0 L	ˈdʒɛnɹəl
g/general.txt	3	f n	generality	generaletie, generaletis	JH EH2 N ER0 AE1 L AH0 T IY0	ˌdʒɛnɚˈæləti
g/general.txt	4	v	generalize	to generalyse -s -d -ing	JH EH1 N ER0 AH0 L AY2 Z	ˈdʒɛnɚəˌlaɪz
g/general.txt	5	f n	generalization	generalisâcion -s	JH EH2 N ER0 AH0 L IH0 Z EY1 SH AH0 N	ˌdʒɛnɚəlɪˈzeɪʃən
g/general.txt	5	f n	generalization	generalisâcion -s	JH EH2 N R AH0 L IH0 Z EY1 SH AH0 N	ˌdʒɛnɹəlɪˈzeɪʃən
g/general.txt	6	m n	generalist	generalist -s	JH EH1 N ER0 AH0 L IH0 S T	ˈdʒɛnɚəlɪst
g/general.txt	7	adj	generable	generable		
g/giddy.txt	1	adj	giddy	guiddy	G IH1 D IY0	ˈɡɪdi
g/gloss.txt	1	m n	glossary	glosserie, glosseris	G L AO1 S ER0 IY0	ˈɡlɔsɚi
g/gloss.txt	2	m n	gloss	gloss -es	G L AO1 S	ˈɡlɔs
g/gloss.txt	3	v	gloss	to glosse -s -d -ing	G L AO1 S	ˈɡlɔs
f/felon.txt	1	m n	felon	felon -s	F EH1 L AH0 N	ˈfɛlən
f/felon.txt	2	m n	felony	felonie, felonis	F EH1 L AH0 N IY0	ˈfɛləni
f/felon.txt	3	adj	felonious	felónieus	F EH0 L OW1 N IY0 AH0 S	fɛˈloʊniəs
f/farm.txt	1	m n	farm	farme, farms	F AA1 R M	ˈfɑɹm
f/farm.txt	2	v	farm	to farme -s -d -ing	F AA1 R M	ˈfɑɹm
f/flap.txt	1	v	flap	to flape -s -d -ing	F L AE1 P	ˈflæp
f/flap.txt	2	m n	flap	flape, flaps	F L AE1 P	ˈflæp
f/flap.txt	3	m n	flapper	flaper -s	F L AE1 P ER0	ˈflæpɚ
f/fatuous.txt	1	m n	fatuous	fațueus	F AE1 CH AH0 W AH0 S	ˈfætʃəwəs
f/finite.txt	1	adj	finite	fînit	F AY1 N AY2 T	ˈfaɪˌnaɪt
f/fluctuate.txt	1	v	fluctuate	to flucțuait -s -ed -ing	F L AH1 K CH AH0 W EY2 T	ˈflʌktʃəˌweɪt
f/fluctuate.txt	2	f n	fluctuation	flucțuâcion -s	F L AH2 K CH UW0 EY1 SH AH0 N	ˌflʌktʃuˈeɪʃən
f/fluctuate.txt	3	m n	flux	flux -es	F L AH1 K S	ˈflʌks
f/fungus.txt	2	adj	fungal	fongal	F AH1 NG G AH0 L	ˈfʌŋɡəl
f/furnace.txt	1	m n	furnace	fornace -s	F ER1 N AH0 S	ˈfɝnəs
f/fowl.txt	1	m n	fowl	fôle, fôels	F AW1 L	ˈfaʊl
f/fowl.txt	2	v	fowl	to fôle -s -d -ing	F AW1 L	ˈfaʊl
f/furnish.txt	1	m n	furniture	forniţure -s	F ER1 N IH0 CH ER0	ˈfɝnɪtʃɚ
f/furnish.txt	2	v	furnish	to fornișe -s -d -ing	F ER1 N IH0 SH	ˈfɝnɪʃ
f/flog.txt	1	v	flog	to flaugue flaug(s -d -ing	F L AA1 G	ˈflɑɡ
f/fissure.txt	2	v	fissure	to fisșure -s -d -ing	F IH1 SH ER0	ˈfɪʃɚ
f/fissure.txt	3	adj	fissile	fissil	F IH1 S AH0 L	ˈfɪsəl
f/font.txt	1	m n	font	fonte, fonts	F AA1 N T	ˈfɑnt
f/flute.txt	1	m n	flute	floute, flouts	F L UW1 T	ˈflut
f/flute.txt	2	v	flute	to floute -s -d -ing	F L UW1 T	ˈflut
f/flagon.txt	1	m n	flagon	flágon -s		
f/fall.txt	1	irv	fall	to falle -s fell fallen -ing	F AO1 L	ˈfɔl
f/fall.txt	1	irv	fall	to falle -s fell fallen -ing	F AA1 L	ˈfɑl
f/fall.txt	2	m n	fall	falle, falls	F AO1 L	ˈfɔl
f/fall.txt	2	m n	fall	falle, falls	F AA1 L	ˈfɑl
f/fall.txt	3	adj	fallen	fallen	F AA1 L AH0 N	ˈfɑlən
f/fixate.txt	1	v	fixate	to fixait -s -ed -ing	F IH1 K S EY2 T	ˈfɪkˌseɪt
f/fixate.txt	2	f n	fixation	fixâcion -s	F IH0 K S EY1 SH AH0 N	fɪkˈseɪʃən
f/fortress.txt	1	m n	fortress	fortrace -s	F AO1 R T R AH0 S	ˈfɔɹtɹəs
f/foil.txt	1	v	foil	to fouile -s -d -ing	F OY1 L	ˈfɔɪl
f/foil.txt	2	m n	foil	fouile, foyels	F OY1 L	ˈfɔɪl
f/foil.txt	3	m n	foil	feuile, feuyels	F OY1 L	ˈfɔɪl
f/foil.txt	4	v	foil	to feuile -s -d -ing	F OY1 L	ˈfɔɪl
f/fact.txt	1	m n	fact	facte, facs	F AE1 K T	ˈfækt
f/fact.txt	2	adj	factual	facțual	F AE1 K CH UW0 AH0 L	ˈfæktʃuəl
f/fact.txt	3	adv	factually	facțally	F AE1 K CH UW0 AH0 L IY0	ˈfæktʃuəli
f/fact.txt	5	adj	factional	faccional -ly	F AE1 K SH AH0 N AH0 L	ˈfækʃənəl
f/fact.txt	6	adj	factious	facceus -ly		
f/fact.txt	7	m n	factionalism	faccionalism	F AE1 K SH AH0 N AH0 L IH2 Z AH0 M	ˈfækʃənəˌlɪzəm
f/foal.txt	1	m n	foal	fole, foals	F OW1 L	ˈfoʊl
f/foal.txt	2	v	foal	to fole -s -d -ing	F OW1 L	ˈfoʊl
f/foal.txt	3	m n	filly	fylie, fylis	F IH1 L IY0	ˈfɪli
f/find.txt	1	irv	find	to fînde -s faund -ing	F AY1 N D	ˈfaɪnd
f/find.txt	2	m n	find	fînde, fînds	F AY1 N D	ˈfaɪnd
f/folk.txt	1	m n	folk	foac, foax	F OW1 K	ˈfoʊk
f/folk.txt	2	m n	folklore	foac lore	F OW1 K L AO2 R	ˈfoʊˌklɔɹ
f/fuel.txt	1	m n	fuel	fuele, fuels	F Y UW1 AH0 L	ˈfjuəl
f/fuel.txt	1	m n	fuel	fuele, fuels	F Y UW1 L	ˈfjul
f/fuel.txt	2	v	fuel	to fuele -s -d -ing	F Y UW1 AH0 L	ˈfjuəl
f/fuel.txt	2	v	fuel	to fuele -s -d -ing	F Y UW1 L	ˈfjul
f/fatigue.txt	2	v	fatigue	to fatigue -s -d -ing	F AH0 T IY1 G	fəˈtiɡ
f/flock.txt	2	v	flock	to floc -s floched floching	F L AA1 K	ˈflɑk
f/flock.txt	3	m n	flock	floc -s	F L AA1 K	ˈflɑk
f/freight.txt	1	m n	freight	freihte, freihts	F R EY1 T	ˈfɹeɪt
f/freight.txt	2	v	freight	to freihte -s -d -ing	F R EY1 T	ˈfɹeɪt
f/fat.txt	3	v	fatten	to fatene -s -d -ing	F AE1 T AH0 N	ˈfætən
f/fat.txt	4	adj	fatty	fatty	F AE1 T IY0	ˈfæti
f/food.txt	1	m n	food	foude, fouds	F UW1 D	ˈfud
f/food.txt	2	m n	foodie	foudie, foudis	F UW1 D IY0	ˈfudi
f/fossil.txt	1	m n	fossil	fossle, fossils	F AA1 S AH0 L	ˈfɑsəl
f/fossil.txt	2	v	fossilize	to fossilyse -s -d -ing	F AA1 S AH0 L AY2 Z	ˈfɑsəˌlaɪz
f/fossil.txt	3	f n	fossilization	fossilisâcion -s		
f/fossil.txt	4	adj	fossiliferous	fossiliferus	F AA2 S AH0 L IH1 F ER0 AH0 S	ˌfɑsəˈlɪfɚəs
f/fax.txt	1	v	fax	to faxe -s -d -ing	F AE1 K S	ˈfæks
f/fax.txt	2	m n	facsimile	fax -es	F AE0 K S IH1 M AH0 L IY0	fækˈsɪməli
f/fax.txt	2	m n	fax	fax -es	F AE1 K S	ˈfæks
f/finish.txt	1	m n	finish	finișe -s	F IH1 N IH0 SH	ˈfɪnɪʃ
f/finish.txt	2	v	finish	to finișe -s -d -ing	F IH1 N IH0 SH	ˈfɪnɪʃ
f/frog.txt	1	m n	frog	frogue, frogs	F R AA1 G	ˈfɹɑɡ
f/fever.txt	2	v	fever	to fívre -s -d -ing	F IY1 V ER0	ˈfivɚ
f/fever.txt	4	adj	feverous	fívreus -sly		
f/famish.txt	1	v	famish	to famișe -s -d -ing		
f/final.txt	2	adv	finally	fînally	F AY1 N AH0 L IY0	ˈfaɪnəli
f/final.txt	3	f n	finality	finaletie -is	F AY0 N AE1 L AH0 T IY0	faɪˈnæləti
f/feast.txt	2	v	feast	to fieste -s -d -ing	F IY1 S T	ˈfist
f/fellow.txt	1	m n	fellow	felo -s	F EH1 L OW0	ˈfɛloʊ
f/feud.txt	1	m n	feud	fude, fúds	F Y UW1 D	ˈfjud
f/feud.txt	2	v	feud	to fude -s -d -ing	F Y UW1 D	ˈfjud
f/fake.txt	1	v	fake	to feac -s feached feaching	F EY1 K	ˈfeɪk
f/fake.txt	2	m n	fake	feac, feax	F EY1 K	ˈfeɪk
f/fake.txt	3	adj	fake	feac -ar -hest	F EY1 K	ˈfeɪk
f/flush.txt	1	v	flush	to flosce -s -d -ing	F L AH1 SH	ˈflʌʃ
f/flush.txt	2	adj	flush	flosce	F L AH1 SH	ˈflʌʃ
f/fine.txt	1	m n	fine	fîne, fîns	F AY1 N	ˈfaɪn
f/fine.txt	1	m n	fine	fîne, fîns	F IH1 N AH0	ˈfɪnə
f/fine.txt	2	v	fine	to fîne -s -d -ing	F AY1 N	ˈfaɪn
f/fine.txt	2	v	fine	to fîne -s -d -ing	F IH1 N AH0	ˈfɪnə
f/fine.txt	3	adj	fine	fîn -ar -est	F AY1 N	ˈfaɪn
f/fine.txt	3	adj	fine	fîn -ar -est	F IH1 N AH0	ˈfɪnə
f/fine.txt	4	adv	finely	fînely	F AY1 N L IY0	ˈfaɪnli
f/fear.txt	1	m n	fear	fiare, fiars	F IH1 R	ˈfɪɹ
f/fear.txt	2	v	fear	to fiare -s -d -ing	F IH1 R	ˈfɪɹ
f/fear.txt	3	adj	fearful	fiarful -ly	F IH1 R F AH0 L	ˈfɪɹfəl
f/fear.txt	4	adj	fearsome	fiarsome	F IH1 R S AH0 M	ˈfɪɹsəm
f/fear.txt	5	adj	fearless	fiarless -ly	F IH1 R L AH0 S	ˈfɪɹləs
f/fight.txt	1	irv	fight	to foihte -s fauht -ing	F AY1 T	ˈfaɪt
f/fast.txt	1	adj	fast	fast -ar -est	F AE1 S T	ˈfæst
f/fast.txt	3	v	fast	to faste -s -d -ing	F AE1 S T	ˈfæst
f/fast.txt	4	m n	fast	faste, fasts	F AE1 S T	ˈfæst
f/fascinate.txt	1	v	fascinate	to facinait -s -ed -ing	F AE1 S AH0 N EY2 T	ˈfæsəˌneɪt
f/fascinate.txt	2	f n	fascination	facinâcion -s	F AE2 S AH0 N EY1 SH AH0 N	ˌfæsəˈneɪʃən
f/fare.txt	2	v	fare	to fâre -s -d -ing	F EH1 R	ˈfɛɹ
f/faculty.txt	1	m n	faculty	facultie, facultis	F AE1 K AH0 L T IY0	ˈfækəlti
f/foreward.txt	1	m n	foreword	foreuord -s	F AO1 R W ER2 D	ˈfɔɹˌwɝd
f/fan.txt	1	m n	fan	fane, fans	F AE1 N	ˈfæn
f/fan.txt	2	v	fan	to fane -s -d -ing	F AE1 N	ˈfæn
f/fan.txt	3	m n	fan	fane, fans	F AE1 N	ˈfæn
f/feather.txt	1	m n	feather	feþre, feþers	F EH1 DH ER0	ˈfɛðɚ
f/flat.txt	1	adj	flat	flat -ar -est	F L AE1 T	ˈflæt
f/flat.txt	2	m n	flat	flate, flats	F L AE1 T	ˈflæt
f/flat.txt	3	v	flatten	to flatene -s -d -ing	F L AE1 T AH0 N	ˈflætən
f/flat.txt	4	m n	flat	flate, flats	F L AE1 T	ˈflæt
f/finger.txt	1	m n	finger	fingre, fingors	F IH1 NG G ER0	ˈfɪŋɡɚ
f/finger.txt	2	v	finger	to finguere -s -d -ing	F IH1 NG G ER0	ˈfɪŋɡɚ
f/frieze.txt	1	m n	frieze	frise -s	F R IY1 Z	ˈfɹiz
f/forbid.txt	1	irv	forbid	to forbidde forbid(s forbâde forbidan -ing	F ER0 B IH1 D	fɚˈbɪd
f/forbid.txt	1	irv	forbid	to forbidde forbid(s forbâde forbidan -ing	F AO0 B IH1 D	fɔˈbɪd
f/forget.txt	1	irv	forget	to forgait -s forgot forgotan -ing	F ER0 G EH1 T	fɚˈɡɛt
f/forget.txt	1	irv	forget	to forgait -s forgot forgotan -ing	F AO0 R G EH1 T	fɔɹˈɡɛt
f/fiction.txt	1	m n	fiction	ficcion -s -al	F IH1 K SH AH0 N	ˈfɪkʃən
f/fiction.txt	2	adj	fictitious	ficticeus -ly	F IH0 K T IH1 SH AH0 S	fɪkˈtɪʃəs
f/fiction.txt	3	v	fictionalize	to ficcionalyse -s -d -ing	F IH1 K SH AH0 N AH0 L AY2 Z	ˈfɪkʃənəˌlaɪz
f/fiction.txt	4	f n	fictionalization	ficcionalisâcion -s		
f/frequent.txt	1	adj	frequent	friqüent	F R IY1 K W AH0 N T	ˈfɹikwənt
f/frequent.txt	1	adj	frequent	friqüent	F R IY1 K W EH2 N T	ˈfɹiˌkwɛnt
f/frequent.txt	2	v	frequent	to friqüente -s -d -ing	F R IY1 K W AH0 N T	ˈfɹikwənt
f/frequent.txt	2	v	frequent	to friqüente -s -d -ing	F R IY1 K W EH2 N T	ˈfɹiˌkwɛnt
f/frequent.txt	3	m n	frequency	friqüencie, friqüencis	F R IY1 K W AH0 N S IY0	ˈfɹikwənsi
f/fog.txt	1	adj	foggy	foghy	F AA1 G IY0	ˈfɑɡi
f/fog.txt	2	m n	fog	fogue, fogs	F AA1 G	ˈfɑɡ
f/fog.txt	2	m n	fog	fogue, fogs	F AO1 G	ˈfɔɡ
f/fog.txt	3	v	fog	to fogue fog(s -d -ing	F AA1 G	ˈfɑɡ
f/fog.txt	3	v	fog	to fogue fog(s -d -ing	F AO1 G	ˈfɔɡ
f/fence.txt	1	m n	fence	fence -s	F EH1 N S	ˈfɛns
f/fence.txt	2	v	fence	to fence -s -d -ing	F EH1 N S	ˈfɛns
f/follow.txt	1	v	follow	to folaue -s -d folauing	F AA1 L OW0	ˈfɑloʊ
f/follow.txt	2	m n	follow	follo, follos	F AA1 L OW0	ˈfɑloʊ
f/follow.txt	3	m n	follower	folauer -s	F AA1 L OW0 ER0	ˈfɑloʊɚ
f/follow.txt	4	prep	follow	folauing	F AA1 L OW0	ˈfɑloʊ
f/follow.txt	4	prep	following	folauing	F AA1 L OW0 IH0 NG	ˈfɑloʊɪŋ
f/flavor.txt	2	v	flavor	to flâvore -s -d -ing	F L EY1 V ER0	ˈfleɪvɚ
f/fish.txt	2	v	fish	to fisce -s -d -ing	F IH1 SH	ˈfɪʃ
f/Finland.txt	1	m n	Finland	Finland	F IH1 N L AE2 N D	ˈfɪnˌlænd
f/Finland.txt	1	m n	Finland	Finland	F IH1 N L AH0 N D	ˈfɪnlənd
f/Finland.txt	2	adj, m n	Finnish	finisce	F IH1 N IH0 SH	ˈfɪnɪʃ
f/Finland.txt	3	m n	Finnish	Finisce	F IH1 N IH0 SH	ˈfɪnɪʃ
f/Finland.txt	4	m n	Finn	finne, fins	F IH1 N	ˈfɪn
f/fund.txt	1	m n	fund	fonde, fonds	F AH1 N D	ˈfʌnd
f/fund.txt	2	v	fund	to fonde -s -d -ing	F AH1 N D	ˈfʌnd
f/fund.txt	3	adj, f n	fundamental	fondamental -s	F AH2 N D AH0 M EH1 N T AH0 L	ˌfʌndəˈmɛntəl
f/fund.txt	3	adj, f n	fundamental	fondamental -s	F AH2 N D AH0 M EH1 N AH0 L	ˌfʌndəˈmɛnəl
f/fund.txt	4	m n	fundraiser	fondraiser -s	F AH1 N D R EY2 Z ER0	ˈfʌnˌdɹeɪzɚ
f/foliage.txt	1	m n	foliage	foilage	F OW1 L IH0 JH	ˈfoʊlɪdʒ
f/foliage.txt	1	m n	foliage	foilage	F OW1 L IY0 IH0 JH	ˈfoʊliɪdʒ
f/flirt.txt	1	m n	flirt	flirte, flirts	F L ER1 T	ˈflɝt
f/flirt.txt	2	v	flirt	to flirte -s -d -ing	F L ER1 T	ˈflɝt
f/flirt.txt	3	adj	flirty	flirty		
f/fresh.txt	1	adj	fresh	fresce -ly	F R EH1 SH	ˈfɹɛʃ
f/female.txt	1	m n	female	fimelle, fimels	F IY1 M EY2 L	ˈfiˌmeɪl
f/feudal.txt	1	adj	feudal	feudal	F Y UW1 D AH0 L	ˈfjudəl
f/feudal.txt	2	m n	feudalism	feudalism	F Y UW1 D AH0 L IH2 Z AH0 M	ˈfjudəˌlɪzəm
f/France.txt	2	m n	French	Frenc̃	F R EH1 N CH	ˈfɹɛntʃ
f/France.txt	3	adj	French	frenc̃	F R EH1 N CH	ˈfɹɛntʃ
f/favor.txt	3	v	favor	to fâvore -s -d -ing	F EY1 V ER0	ˈfeɪvɚ
f/favor.txt	4	adj, m n	favorite	fâvrit -s	F EY1 V ER0 IH0 T	ˈfeɪvɚɪt
f/favor.txt	4	adj, m n	favorite	fâvrit -s	F EY1 V R AH0 T	ˈfeɪvɹət
f/found.txt	1	v	found	to fônde -s -d -ing	F AW1 N D	ˈfaʊnd
f/found.txt	2	v	found	to fônde -s -d -ing	F AW1 N D	ˈfaʊnd
f/found.txt	3	f n	foundation	fondâcion -s	F AW0 N D EY1 SH AH0 N	faʊnˈdeɪʃən
f/found.txt	4	adj	foundational	fondâcional -ly	F AW0 N D EY1 SH AH0 N AH0 L	faʊnˈdeɪʃənəl
f/flourish.txt	1	v	flourish	to flourișe -s -d -ing	F L ER1 IH0 SH	ˈflɝɪʃ
f/flourish.txt	2	m n	flourish	flourișe -s	F L ER1 IH0 SH	ˈflɝɪʃ
f/fission.txt	1	m n	fission	fission -s	F IH1 SH AH0 N	ˈfɪʃən
f/fission.txt	2	v	fission	to fissione -s -d -ing	F IH1 SH AH0 N	ˈfɪʃən
f/feminine.txt	1	adj	feminine	feminin	F EH1 M AH0 N AH0 N	ˈfɛmənən
f/feminine.txt	2	f n	femininity	femininitie -is	F EH2 M AH0 N IH1 N AH0 T IY0	ˌfɛməˈnɪnəti
f/fix.txt	1	v	fix	to fixe -s -d -ing	F IH1 K S	ˈfɪks
f/fix.txt	2	m n	fix	fix -es	F IH1 K S	ˈfɪks
f/fix.txt	3	m n	fixture	fixțure, fixțurs	F IH1 K S CH ER0	ˈfɪkstʃɚ
f/fix.txt	4	adj	fixable	fixable	F IH1 K S AH0 B AH0 L	ˈfɪksəbəl
f/fix.txt	5	m n	fixity	fixitie, fixitis		
f/feed.txt	1	irv	feed	to fiede -s fed -ing	F IY1 D	ˈfid
f/feed.txt	2	m n	feed	fiede	F IY1 D	ˈfid
f/frank.txt	1	adj, m n	frank	frânc -ly, -s	F R AE1 NG K	ˈfɹæŋk
f/frank.txt	2	v	frank	to frânque frânc(s -d -ing	F R AE1 NG K	ˈfɹæŋk
f/fuck.txt	1	v	fuck	to fuc -s fuched fuching	F AH1 K	ˈfʌk
f/fuck.txt	2	m n	fuck	fuc, fux	F AH1 K	ˈfʌk
f/flannel.txt	1	m n	flannel	flanele, flanels	F L AE1 N AH0 L	ˈflænəl
f/fluke.txt	1	m n	fluke	flouque, floucs	F L UW1 K	ˈfluk
f/fertile.txt	1	adj	fertile	fertil	F ER1 T AH0 L	ˈfɝtəl
f/fertile.txt	1	adj	fertile	fertil	F ER0 T AY1 L	fɚˈtaɪl
f/fertile.txt	2	f n	fertility	fertilitie	F ER0 T IH1 L AH0 T IY0	fɚˈtɪləti
f/fertile.txt	2	f n	fertility	fertilitie	F ER0 T IH1 L IH0 T IY0	fɚˈtɪlɪti
f/fertile.txt	3	v	fertilize	to fertilyse -s -d -ing	F ER1 T AH0 L AY2 Z	ˈfɝtəˌlaɪz
f/familiar.txt	1	adj, f n	familiar	familiar -ly	F AH0 M IH1 L Y ER0	fəˈmɪljɚ
f/familiar.txt	2	f n	familiarity	familiaretie -is	F AH0 M IH2 L Y EH1 R AH0 T IY0	fəˌmɪlˈjɛɹəti
f/familiar.txt	3	v	familiarize	to familiaryse -s -d -ing	F AH0 M IH1 L Y ER0 AY2 Z	fəˈmɪljɚˌaɪz
f/familiar.txt	4	f n	familiarization	familiarisâcion -s		
f/familiar.txt	5	adj	family	famely	F AE1 M AH0 L IY0	ˈfæməli
f/familiar.txt	5	adj	family	famely	F AE1 M L IY0	ˈfæmli
f/familiar.txt	6	m n	family	famelie, famelis	F AE1 M AH0 L IY0	ˈfæməli
f/familiar.txt	6	m n	family	famelie, famelis	F AE1 M L IY0	ˈfæmli
f/February.txt	1	m n	February	Febuarie	F EH1 B Y AH0 W EH2 R IY0	ˈfɛbjəˌwɛɹi
f/February.txt	1	m n	February	Febuarie	F EH1 B R UW0 EH2 R IY0	ˈfɛbɹuˌɛɹi
f/fabric.txt	1	m n	fabric	fabric -s	F AE1 B R IH0 K	ˈfæbɹɪk
f/fabric.txt	2	v	fabricate	to fabricait -s -d -ing	F AE1 B R AH0 K EY2 T	ˈfæbɹəˌkeɪt
f/fabric.txt	3	f n	fabrication	fabricâcion -s	F AE2 B R IH0 K EY1 SH AH0 N	ˌfæbɹɪˈkeɪʃən
f/fate.txt	3	adj	fateful	fâteful -ly -ness	F EY1 T F AH0 L	ˈfeɪtfəl
f/fate.txt	5	f n	fatality	fâtaletie -is	F AH0 T AE1 L IH0 T IY0	fəˈtælɪti
f/flower.txt	1	m n	flower	flôure, flôuirs	F L AW1 ER0	ˈflaʊɚ
f/flower.txt	2	v	flower	to flôuir flôure(s flôured flôuiring	F L AW1 ER0	ˈflaʊɚ
f/fleece.txt	1	m n	fleece	fliesse -s	F L IY1 S	ˈflis
f/fleece.txt	2	v	fleece	to fliesse -s -d -ing	F L IY1 S	ˈflis
f/function.txt	1	m n	function	fonccion -s -less	F AH1 NG K SH AH0 N	ˈfʌŋkʃən
f/function.txt	2	v	function	to fonccione -s -d -ing	F AH1 NG K SH AH0 N	ˈfʌŋkʃən
f/function.txt	3	adj	functional	fonccional -ly -ety -ism -ist	F AH1 NG K SH AH0 N AH0 L	ˈfʌŋkʃənəl
f/function.txt	4	m n	functionary	fonccionarie -is	F AH1 NG K SH AH0 N EH2 R IY0	ˈfʌŋkʃəˌnɛɹi
f/fling.txt	1	irv	fling	to flingue fling(s flong -ing	F L IH1 NG	ˈflɪŋ
f/fling.txt	2	m n	fling	flingue, flings	F L IH1 NG	ˈflɪŋ
f/fierce.txt	1	adj	fierce	fierce fierçar fiercest	F IH1 R S	ˈfɪɹs
f/fierce.txt	2	adj	ferocious	feroceus -sly	F ER0 OW1 SH AH0 S	fɚˈoʊʃəs
f/fierce.txt	3	f n	ferocity	ferocitie -is	F ER0 AA1 S AH0 T IY0	fɚˈɑsəti
f/fudge.txt	1	v	fadge	to foge -s -d -ing		
f/fudge.txt	1	v	fudge	to foge -s -d -ing	F AH1 JH	ˈfʌdʒ
f/fudge.txt	2	m n	fudge	foge	F AH1 JH	ˈfʌdʒ
f/floor.txt	1	m n	floor	floure, flours	F L AO1 R	ˈflɔɹ
f/floor.txt	2	v	floor	to floure -s -d -ing	F L AO1 R	ˈflɔɹ
f/fleet.txt	1	m n	fleet	fliete, fliets	F L IY1 T	ˈflit
f/fleet.txt	2	v	fleet	to fliete -s -d -ing	F L IY1 T	ˈflit
f/furrow.txt	1	m n	furrow	furho, furhos	F ER1 OW0	ˈfɝoʊ
f/furrow.txt	2	v	furrow	to furaue -s -d -ing	F ER1 OW0	ˈfɝoʊ
f/fantasy.txt	1	adj	fantasy	fantasy	F AE1 N T AH0 S IY0	ˈfæntəsi
f/fantasy.txt	1	adj	fantasy	fantasy	F AE1 N AH0 S IY0	ˈfænəsi
f/fantasy.txt	2	m n	fantasy	fantasie, fantasis	F AE1 N T AH0 S IY0	ˈfæntəsi
f/fantasy.txt	2	m n	fantasy	fantasie, fantasis	F AE1 N AH0 S IY0	ˈfænəsi
f/fantasy.txt	3	v	fantasise	to fantasyse -s -d -ing		
f/fantasy.txt	3	v	fantasize	to fantasyse -s -d -ing	F AE1 N T AH0 S AY2 Z	ˈfæntəˌsaɪz
f/fantasy.txt	3	v	fantasize	to fantasyse -s -d -ing	F AE1 N AH0 S AY2 Z	ˈfænəˌsaɪz
f/fantasy.txt	5	adj	fantastic	fantastic -ly	F AE0 N T AE1 S T IH0 K	fænˈtæstɪk
f/fantasy.txt	6	adj	fantastic	fantastical	F AE0 N T AE1 S T IH0 K	fænˈtæstɪk
f/fantasy.txt	7	adj	fantabulous	fantàbulus -ly		
f/fortune.txt	2	v	fortune	to forţone -s -d -ing	F AO1 R CH AH0 N	ˈfɔɹtʃən
f/fortune.txt	2	v	fortune	to forţone -s -d -ing	F AO1 R CH UW0 N	ˈfɔɹtʃun
f/fortune.txt	3	adj	fortunate	forţonate -ly	F AO1 R CH AH0 N AH0 T	ˈfɔɹtʃənət
f/fortune.txt	3	adj	fortunate	forţonate -ly	F AO1 R CH UW0 N AH0 T	ˈfɔɹtʃunət
f/fair.txt	3	m n	fair	feire, feirs	F EH1 R	ˈfɛɹ
f/flamingo.txt	1	f n	flamingo	flamingo -s	F L AH0 M IH1 NG G OW0	fləˈmɪŋɡoʊ
f/fickle.txt	1	adj	fickle	fichel	F IH1 K AH0 L	ˈfɪkəl
f/fry.txt	1	v	fry	to frîe -s -d fryhing	F R AY1	ˈfɹaɪ
f/fry.txt	2	m n	fry	frîe, frîs	F R AY1	ˈfɹaɪ
f/fry.txt	3	adj	fried	frîed	F R AY1 D	ˈfɹaɪd
f/fry.txt	3	adj	fried	frîed	F R IY1 D	ˈfɹid
f/fry.txt	4	m n	fry	frae, fráis	F R AY1	ˈfɹaɪ
f/forest.txt	1	m n	forest	foreste, forests	F AO1 R AH0 S T	ˈfɔɹəst
f/forest.txt	1	m n	forest	foreste, forests	F AO1 R IH0 S T	ˈfɔɹɪst
f/forest.txt	2	m n	forestry	forestrie, forestris	F AO1 R AH0 S T R IY0	ˈfɔɹəstɹi
f/forest.txt	3	m n	forester	forestor -s	F AO1 R AH0 S T ER0	ˈfɔɹəstɚ
f/floss.txt	1	m n	floss	floss	F L AA1 S	ˈflɑs
f/floss.txt	2	v	floss	to flosse -s -d -ing	F L AA1 S	ˈflɑs
f/fetch.txt	1	v	fetch	to faic̃e -s -d -ing	F EH1 CH	ˈfɛtʃ
f/far.txt	1	adj	far	far, farþar, farþest	F AA1 R	ˈfɑɹ
f/factor.txt	3	adj	factorial	factórial -ly		
f/factor.txt	4	m n	factory	factorie, factoris	F AE1 K T ER0 IY0	ˈfæktɚi
f/fable.txt	2	adj	fabulous	fabulus -ly	F AE1 B Y AH0 L AH0 S	ˈfæbjələs
f/fragrant.txt	1	adj	fragrant	frâgrant	F R EY1 G R AH0 N T	ˈfɹeɪɡɹənt
f/fragrant.txt	2	m n	fragrance	frâgrance -s	F R EY1 G R AH0 N S	ˈfɹeɪɡɹəns
f/fairy.txt	1	m n	fairy	fairie -is	F EH1 R IY0	ˈfɛɹi
f/fairy.txt	2	adj, m n	fay	feie, féis	F EY1	ˈfeɪ
f/feisty.txt	1	adj	feisty	fŷsty	F AY1 S T IY0	ˈfaɪsti
f/flutter.txt	1	v	flutter	to flotir flotre(s flotred flotiring	F L AH1 T ER0	ˈflʌtɚ
f/fraught.txt	1	adj	fraught	fraht	F R AO1 T	ˈfɹɔt
f/flay.txt	1	v	flay	to flaie -s -d flaying	F L EY1	ˈfleɪ
f/fret.txt	1	v	fret	to frete -s -d -ing	F R EH1 T	ˈfɹɛt
f/fret.txt	2	m n	fret	frete, frets	F R EH1 T	ˈfɹɛt
f/fret.txt	3	adj	fretful	fretful	F R EH1 T F AH0 L	ˈfɹɛtfəl
f/fret.txt	4	m n	fret	frète, frèts	F R EH1 T	ˈfɹɛt
f/fret.txt	5	m n	fret	frète, frèts	F R EH1 T	ˈfɹɛt
f/fame.txt	2	adj	famous	fâmus	F EY1 M AH0 S	ˈfeɪməs
f/fade.txt	1	v	fade	to fâde -s -d -ing	F EY1 D	ˈfeɪd
f/force.txt	2	v	force	to force -s -d -ing	F AO1 R S	ˈfɔɹs
f/fluent.txt	1	adj	fluent	fluent	F L UW1 AH0 N T	ˈfluənt
f/fluent.txt	2	m n	fluency	fluencie, fluencis	F L UW1 AH0 N S IY0	ˈfluənsi
f/fiend.txt	1	m n	fiend	fiende, fiends	F IY1 N D	ˈfind
f/flit.txt	1	irv	flit	to flitte flit(s flit flitting	F L IH1 T	ˈflɪt
f/flit.txt	2	v	flitter	to flitir flitre(s flitred flitiring		
f/firm.txt	1	adj	firm	firm -ly	F ER1 M	ˈfɝm
f/firm.txt	2	m n	firm	firme, firms	F ER1 M	ˈfɝm
f/firm.txt	3	v	firm	to firme -s -d -ing	F ER1 M	ˈfɝm
f/frost.txt	2	v	frost	to froste -s -d -ing	F R AO1 S T	ˈfɹɔst
f/frost.txt	3	adj	frosty	frosty	F R AO1 S T IY0	ˈfɹɔsti
f/fiscal.txt	1	adj	fiscal	fiscal	F IH1 S K AH0 L	ˈfɪskəl
f/flaw.txt	1	m n	flaw	flahe, flaus	F L AO1	ˈflɔ
f/flaw.txt	2	v	flaw	to flahe -s -d -ing	F L AO1	ˈflɔ
f/flash.txt	1	v	flash	to flasce -s -d -ing	F L AE1 SH	ˈflæʃ
f/flash.txt	2	m n	flash	flasce -s	F L AE1 SH	ˈflæʃ
f/formula.txt	1	m n	formula	formula -s	F AO1 R M Y AH0 L AH0	ˈfɔɹmjələ
f/formula.txt	2	v	formulate	to formulait -s -ed -ing	F AO1 R M Y AH0 L EY2 T	ˈfɔɹmjəˌleɪt
f/formula.txt	3	f n	formulation	formulâcion -s	F AO2 R M Y AH0 L EY1 SH AH0 N	ˌfɔɹmjəˈleɪʃən
f/formula.txt	3	f n	formulation	formulâcion -s	F AO2 R M Y UW0 L EY1 SH AH0 N	ˌfɔɹmjuˈleɪʃən
f/formula.txt	4	adj	formal	formal	F AO1 R M AH0 L	ˈfɔɹməl
f/fad.txt	1	m n	fad	fade, fads	F AE1 D	ˈfæd
f/flip.txt	1	m n	flip	flippe, flips	F L IH1 P	ˈflɪp
f/flip.txt	2	v	flip	to flippe flip(s -d -ing	F L IH1 P	ˈflɪp
f/flip.txt	3	m n	flipper	flipper -s	F L IH1 P ER0	ˈflɪpɚ
f/flip.txt	4	adj	flip	flippant	F L IH1 P	ˈflɪp
f/flip.txt	5	m n	flippancy	flippancie, flippancis		
f/foot.txt	1	m n	foot	fûte, fyte	F UH1 T	ˈfʊt
f/foot.txt	1	m n	feet	fûte, fyte	F IY1 T	ˈfit
f/foot.txt	2	v	foot	to fûte -s -d -ing	F UH1 T	ˈfʊt
f/foot.txt	3	m n	footage	fûtage -s	F UH1 T IH0 JH	ˈfʊtɪdʒ
f/frigate.txt	1	m n	frigate	frigate, frigats	F R IH1 G AH0 T	ˈfɹɪɡət
f/flora.txt	1	m n	flora	flora	F L AO1 R AH0	ˈflɔɹə
f/flora.txt	2	m n	florist	florist	F L AA1 R IH0 S T	ˈflɑɹɪst
f/flora.txt	2	m n	florist	florist	F L AO1 R IH0 S T	ˈflɔɹɪst
f/flora.txt	3	adj	floral	floral	F L AO1 R AH0 L	ˈflɔɹəl
f/few.txt	1	adj, m n	few	feu(e -ar -est	F Y UW1	ˈfju
f/forward.txt	1	adj, adv, m n	forward	foruard -s -ly	F AO1 R W ER0 D	ˈfɔɹwɚd
f/forward.txt	2	v	forward	to foruarde -s -d -ing	F AO1 R W ER0 D	ˈfɔɹwɚd
f/Florida.txt	1	m n	Florida	Floreda	F L AO1 R AH0 D AH0	ˈflɔɹədə
f/Florida.txt	1	m n	Florida	Floreda	F L AO1 R IH0 D AH0	ˈflɔɹɪdə
f/Florida.txt	1	m n	Florida	Floreda	F L AA1 R AH0 D AH0	ˈflɑɹədə
f/Florida.txt	1	m n	Florida	Floreda	F L AA1 R IH0 D AH0	ˈflɑɹɪdə
f/Florida.txt	2	adj, f n	Floridian	florïdian -s	F L AO0 R IH1 D IY0 AH0 N	flɔˈɹɪdiən
f/forge.txt	2	v	forge	to forge -s -d -ing	F AO1 R JH	ˈfɔɹdʒ
f/frown.txt	1	v	frown	to frône -s -d -ing	F R AW1 N	ˈfɹaʊn
f/frown.txt	2	m n	frown	frône, frôns	F R AW1 N	ˈfɹaʊn
f/flask.txt	1	m n	flask	flasc -s	F L AE1 S K	ˈflæsk
f/facetious.txt	1	adj	facetious	faciceus -ly -ness	F AH0 S IY1 SH AH0 S	fəˈsiʃəs
f/fin.txt	1	m n	fin	phine, phins	F IH1 N	ˈfɪn
f/forage.txt	1	m n	forage	forage -s	F AO1 R IH0 JH	ˈfɔɹɪdʒ
f/forage.txt	2	v	forage	to forage -s -d -ing	F AO1 R IH0 JH	ˈfɔɹɪdʒ
f/forage.txt	3	m n	forager	foragior -s		
f/feat.txt	1	m n	feat	feite, feits	F IY1 T	ˈfit
f/feat.txt	2	m n	feature	feiţure, feiţurs	F IY1 CH ER0	ˈfitʃɚ
f/feat.txt	3	v	feature	to feiţure -s -d -ing	F IY1 CH ER0	ˈfitʃɚ
f/forsake.txt	1	irv	forsake	to forsâc -s forsôc forsâcan forsâching	F AO0 R S EY1 K	fɔɹˈseɪk
f/father.txt	1	m n	father	faþre, faþors	F AA1 DH ER0	ˈfɑðɚ
f/father.txt	2	v	father	to faþore -s -d -ing	F AA1 DH ER0	ˈfɑðɚ
f/flame.txt	1	v	flame	to flaime -s -d flâming	F L EY1 M	ˈfleɪm
f/flame.txt	2	m n	flame	flaime, flâms	F L EY1 M	ˈfleɪm
f/focus.txt	1	m n	focus	focus	F OW1 K AH0 S	ˈfoʊkəs
f/focus.txt	1	m n	focus	focus	F OW1 K IH0 S	ˈfoʊkɪs
f/focus.txt	2	v	focus	to fócusse -s -d -ing	F OW1 K AH0 S	ˈfoʊkəs
f/focus.txt	2	v	focus	to fócusse -s -d -ing	F OW1 K IH0 S	ˈfoʊkɪs
f/feeble.txt	1	adj	feeble	fieble	F IY1 B AH0 L	ˈfibəl
f/feeble.txt	2	m n	feebleness	fiebleness		
f/feeble.txt	3	m n	foible	foible, foibils	F OY1 B AH0 L	ˈfɔɪbəl
f/file.txt	1	v	file	to fîle -s -d fîeling	F AY1 L	ˈfaɪl
f/file.txt	4	v	file	to fîle -s -d fîaling	F AY1 L	ˈfaɪl
f/fancy.txt	1	adj	fancy	fancy fanciar fanciest	F AE1 N S IY0	ˈfænsi
f/fancy.txt	2	v	fancy	to fancie -s -d fancying	F AE1 N S IY0	ˈfænsi
f/fawn.txt	1	m n	fawn	faone, faons	F AO1 N	ˈfɔn
f/fawn.txt	2	v	fawn	to faugne -s -d -ing	F AO1 N	ˈfɔn
f/fore.txt	1	prefix	fore	fore	F AO1 R	ˈfɔɹ
f/fore.txt	2	adj, adv	foremost	foremoast	F AO1 R M OW2 S T	ˈfɔɹˌmoʊst
f/foreign.txt	1	adj	foreign	foren	F AO1 R AH0 N	ˈfɔɹən
f/foreign.txt	1	adj	foreign	foren	F AA1 R AH0 N	ˈfɑɹən
f/foreign.txt	2	m n	foreigner	forenor -s	F AO1 R AH0 N ER0	ˈfɔɹənɚ
f/foreign.txt	2	m n	foreigner	forenor -s	F AA1 R AH0 N ER0	ˈfɑɹənɚ
f/foreign.txt	2	m n	foreigner	forenor -s	F AO1 R N ER0	ˈfɔɹnɚ
f/foreign.txt	2	m n	foreigner	forenor -s	F AA1 R N ER0	ˈfɑɹnɚ
f/future.txt	1	adj, m n	future	fúțur(e, fúțurs	F Y UW1 CH ER0	ˈfjutʃɚ
f/flex.txt	1	v	flex	to flexe -s -d -ing	F L EH1 K S	ˈflɛks
f/flex.txt	2	m n	flex	flex	F L EH1 K S	ˈflɛks
f/flex.txt	3	adj	flexible	flexible	F L EH1 K S AH0 B AH0 L	ˈflɛksəbəl
f/flex.txt	4	m n	flexion	flexion -s	F L EH1 K SH AH0 N	ˈflɛkʃən
f/flair.txt	1	m n	flair	flaire, flairs	F L EH1 R	ˈflɛɹ
f/foam.txt	1	m n	foam	foame, foams	F OW1 M	ˈfoʊm
f/foam.txt	2	v	foam	to foame -s -d -ing	F OW1 M	ˈfoʊm
f/foam.txt	3	adj	foamy	foamy	F OW1 M IY0	ˈfoʊmi
f/face.txt	2	adj	faceless	fâceless	F EY1 S L AH0 S	ˈfeɪsləs
f/face.txt	3	v	face	to fâce -s -d -ing	F EY1 S	ˈfeɪs
f/face.txt	5	m n	facelift	fâcelift -s	F EY1 S L IH2 F T	ˈfeɪˌslɪft
f/face.txt	6	m n	faceoff	fâce-off -s		
f/face.txt	7	m n	facet	facet -s	F AE1 S AH0 T	ˈfæsət
f/frontier.txt	1	v	frontier	to frontier frontire(s frontired frontiering	F R AH0 N T IH1 R	fɹənˈtɪɹ
f/frontier.txt	2	f n	frontier	frontire, frontiers	F R AH0 N T IH1 R	fɹənˈtɪɹ
f/finance.txt	1	m n	finance	fînance -s	F AH0 N AE1 N S	fəˈnæns
f/finance.txt	1	m n	finance	fînance -s	F IH0 N AE1 N S	fɪˈnæns
f/finance.txt	1	m n	finance	fînance -s	F AY1 N AE2 N S	ˈfaɪˌnæns
f/finance.txt	2	v	finance	to fînance -s -d -ing	F AH0 N AE1 N S	fəˈnæns
f/finance.txt	2	v	finance	to fînance -s -d -ing	F IH0 N AE1 N S	fɪˈnæns
f/finance.txt	2	v	finance	to fînance -s -d -ing	F AY1 N AE2 N S	ˈfaɪˌnæns
f/finance.txt	3	adj	financial	financial	F AH0 N AE1 N SH AH0 L	fəˈnænʃəl
f/finance.txt	3	adj	financial	financial	F IH0 N AE1 N SH AH0 L	fɪˈnænʃəl
f/finance.txt	3	adj	financial	financial	F AY2 N AE1 N SH AH0 L	ˌfaɪˈnænʃəl
f/finance.txt	4	f n	financier	financire, financiers	F IH2 N AH0 N S IH1 R	ˌfɪnənˈsɪɹ
f/finance.txt	4	f n	financier	financire, financiers	F AY2 N AE0 N S IH1 R	ˌfaɪnænˈsɪɹ
f/faze.txt	1	v	faze	to feise -s -d -ing	F EY1 Z	ˈfeɪz
f/foul.txt	1	m n	foul	fôule, fôuels	F AW1 L	ˈfaʊl
f/foul.txt	2	v	foul	to fôule -s -d -ing	F AW1 L	ˈfaʊl
f/foul.txt	3	adj	foul	fôul	F AW1 L	ˈfaʊl
f/floe.txt	1	m n	floe	floe, flós	F L OW1	ˈfloʊ
f/fern.txt	1	m n	fern	firne, firns	F ER1 N	ˈfɝn
f/fuse.txt	2	v	fuse	to fuse -s -d -ing	F Y UW1 Z	ˈfjuz
f/fuse.txt	3	m n	fuse	fuse -s	F Y UW1 Z	ˈfjuz
f/fuse.txt	4	m n	fuselage	fuselage -s	F Y UW1 S AH0 L AA2 JH	ˈfjusəˌlɑdʒ
f/fuse.txt	4	m n	fuselage	fuselage -s	F Y UW1 S AH0 L IH0 JH	ˈfjusəlɪdʒ
f/friend.txt	1	m n	friend	frende, frends	F R EH1 N D	ˈfɹɛnd
f/friend.txt	2	v	friend	to frende -s -d -ing	F R EH1 N D	ˈfɹɛnd
f/frugal.txt	1	adj	frugal	frúgal	F R UW1 G AH0 L	ˈfɹuɡəl
f/frugal.txt	2	f n	frugality	frugaletie, frugaletis	F R UW0 G AE1 L AH0 T IY0	fɹuˈɡæləti
f/fashion.txt	1	m n	fashion	facion -s	F AE1 SH AH0 N	ˈfæʃən
f/fashion.txt	2	v	fashion	to facione -s -d -ing	F AE1 SH AH0 N	ˈfæʃən
f/fashion.txt	3	adj	fashionable	facionable -ly	F AE1 SH AH0 N AH0 B AH0 L	ˈfæʃənəbəl
f/fashion.txt	3	adj	fashionable	facionable -ly	F AE1 SH N AH0 B AH0 L	ˈfæʃnəbəl
f/fashion.txt	4	f n	fashionista	facionísta -s		
f/feasible.txt	1	adj	feasible	feisible	F IY1 Z AH0 B AH0 L	ˈfizəbəl
f/frigid.txt	1	adj	frigid	frigid	F R IH1 JH AH0 D	ˈfɹɪdʒəd
f/frigid.txt	2	f n	frigidity	frigiditie		
f/field.txt	1	m n	field	fielde, fields	F IY1 L D	ˈfild
f/field.txt	2	v	field	to fielde -s -d -ing	F IY1 L D	ˈfild
f/fascist.txt	1	adj, m n	fascist	fascist -s	F AE1 SH IH0 S T	ˈfæʃɪst
f/fascist.txt	2	m n	fascism	fascism	F AE1 SH IH2 Z AH0 M	ˈfæˌʃɪzəm
f/fascist.txt	3	m n	faggot	fagot -s	F AE1 G AH0 T	ˈfæɡət
f/fascist.txt	4	m n	faggot	fague, fags	F AE1 G AH0 T	ˈfæɡət
f/fluid.txt	1	m n	fluid	fluide, fluids	F L UW1 AH0 D	ˈfluəd
f/fluid.txt	1	m n	fluid	fluide, fluids	F L UW1 IH0 D	ˈfluɪd
f/fluid.txt	2	f n	fluidity	fluiditie, fluiditis	F L UW0 IH1 D AH0 T IY0	fluˈɪdəti
f/freak.txt	1	m n	freak	friec, friex	F R IY1 K	ˈfɹik
f/freak.txt	2	v	freak	to frieche friec(s -d -ing	F R IY1 K	ˈfɹik
f/freak.txt	3	adj	freaky	friechy	F R IY1 K IY0	ˈfɹiki
f/fit.txt	1	intr v	fit	to fitte fit(s fit -ing	F IH1 T	ˈfɪt
f/fit.txt	2	tr v	fit	to fitte fit(s -d -ing	F IH1 T	ˈfɪt
f/fit.txt	3	adj	fit	fitt -ar -est	F IH1 T	ˈfɪt
f/fit.txt	4	m n	fit	fitte, fits	F IH1 T	ˈfɪt
f/fledge.txt	1	v	fledge	to flege -s -d -ing	F L EH1 JH	ˈflɛdʒ
f/fledge.txt	2	m n	fledgling	flegeling -s	F L EH1 JH L IH0 NG	ˈflɛdʒlɪŋ
f/flake.txt	1	m n	flake	flaic, flaix	F L EY1 K	ˈfleɪk
f/flake.txt	2	v	flake	to flaic -s -hed -hing	F L EY1 K	ˈfleɪk
f/flake.txt	3	adj	flaky	flaichy	F L EY1 K IY0	ˈfleɪki
f/faux-pas.txt	1	m n	faux pas	faux pas	F AO1 K S P AA1 Z	ˈfɔkˈspɑz
f/forgive.txt	1	irv	forgive	to forguive -s forgâve forguivan -ing	F ER0 G IH1 V	fɚˈɡɪv
f/forgive.txt	1	irv	forgive	to forguive -s forgâve forguivan -ing	F AO0 R G IH1 V	fɔɹˈɡɪv
f/fail.txt	1	v	fail	to faile -s -d -ing	F EY1 L	ˈfeɪl
f/fail.txt	2	m n	fail	faile, fails	F EY1 L	ˈfeɪl
f/fail.txt	3	m n	failure	faillure -s	F EY1 L Y ER0	ˈfeɪljɚ
f/fun.txt	1	adj	fun	fon	F AH1 N	ˈfʌn
f/fun.txt	2	adj	funny	fonny	F AH1 N IY0	ˈfʌni
f/fun.txt	3	adv	funnily	fonnily		
f/flour.txt	1	m n	flour	flôar	F L AW1 ER0	ˈflaʊɚ
f/flour.txt	1	m n	flour	flôar	F L AW1 R	ˈflaʊɹ
f/flour.txt	2	v	flour	to flôare -s -d -ing	F L AW1 ER0	ˈflaʊɚ
f/flour.txt	2	v	flour	to flôare -s -d -ing	F L AW1 R	ˈflaʊɹ
f/feign.txt	1	v	feign	to feine -s -d -ing	F EY1 N	ˈfeɪn
f/feign.txt	2	m n	feint	feinte	F EY1 N T	ˈfeɪnt
f/feign.txt	3	v	feint	to feinte -s -d -ing	F EY1 N T	ˈfeɪnt
f/frill.txt	1	m n	frill	frille, frills	F R IH1 L	ˈfɹɪl
f/frill.txt	2	v	frill	to frille -s -d -ing	F R IH1 L	ˈfɹɪl
f/frill.txt	3	adj	frilly	frilly frilliar frilliest	F R IH1 L IY0	ˈfɹɪli
f/fault.txt	2	v	fault	to faulte -s -d -ing	F AO1 L T	ˈfɔlt
f/fiddle.txt	1	m n	fiddle	fidle, fiduls	F IH1 D AH0 L	ˈfɪdəl
f/fiddle.txt	2	v	fiddle	to fidle -s -d -ing	F IH1 D AH0 L	ˈfɪdəl
f/fiddle.txt	3	m n	fiddler	fidler -s	F IH1 D AH0 L ER0	ˈfɪdəlɚ
f/fiddle.txt	3	m n	fiddler	fidler -s	F IH1 D L ER0	ˈfɪdlɚ
f/fiddle.txt	4	adj	fiddly	fidly		
f/flicker.txt	1	v	flicker	to flichir flicre(s flicred flichiring	F L IH1 K ER0	ˈflɪkɚ
f/flicker.txt	2	m n	flicker	flicre, flichirs	F L IH1 K ER0	ˈflɪkɚ
f/form.txt	1	m n	form	forme, forms	F AO1 R M	ˈfɔɹm
f/form.txt	2	v	form	to forme -s -d -ing	F AO1 R M	ˈfɔɹm
f/freeze.txt	1	irv	freeze	to friese -s frose frosen -ing	F R IY1 Z	ˈfɹiz
f/freeze.txt	2	m n	freeze	friese -s	F R IY1 Z	ˈfɹiz
f/fool.txt	1	m n	fool	foule, fouls	F UW1 L	ˈful
f/fool.txt	2	v	fool	to foule -s -d -ing	F UW1 L	ˈful
f/frustrate.txt	1	v	frustrate	to frustrait -s -ed -ing	F R AH1 S T R EY2 T	ˈfɹʌˌstɹeɪt
f/frustrate.txt	2	f n	frustration	frustrâcion -s	F R AH0 S T R EY1 SH AH0 N	fɹəˈstɹeɪʃən
f/fir.txt	1	m n	fir	firre, firs	F ER1	ˈfɝ
f/fir.txt	2	m n	fir-tree	firhtruie, firhtruis	F ER1 T R IY1	ˈfɝˈtɹi
f/flesh.txt	1	m n	flesh	flesce	F L EH1 SH	ˈflɛʃ
f/flesh.txt	2	v	flesh	to flesce -s -d -ing	F L EH1 SH	ˈflɛʃ
f/flesh.txt	3	adj	fleshy	flescy	F L EH1 SH IY0	ˈflɛʃi
f/fruit.txt	2	adj	fruitful	fruteful -ness	F R UW1 T F AH0 L	ˈfɹutfəl
f/fruit.txt	3	adj	fruitless	fruteless -ness	F R UW1 T L AH0 S	ˈfɹutləs
f/fruit.txt	4	adj	fruity	frúty -iar -iest -iness	F R UW1 T IY0	ˈfɹuti
f/fruit.txt	6	adj	frumentaceous	frumentâceus -ly		
f/float.txt	1	v	float	to flote -s -d -ing	F L OW1 T	ˈfloʊt
f/float.txt	2	m n	float	flote, floats	F L OW1 T	ˈfloʊt
f/float.txt	3	adv, adj	afloat	aflót	AH0 F L OW1 T	əˈfloʊt
f/fuchsia.txt	1	m n, adj	Leonhard Fuchs + ia	fúcia -s		
f/fuchsia.txt	1	m n, adj	fuchsia	fúcia -s		
f/flounder.txt	1	v	flounder	to flônder flôndre(s flôndred flôndering	F L AW1 N D ER0	ˈflaʊndɚ
f/flounder.txt	2	m n	flounder	flôndre, flôndars	F L AW1 N D ER0	ˈflaʊndɚ
f/fey.txt	1	adj	fey	fâ	F EY1	ˈfeɪ
f/further.txt	1	adj	further	forþar	F ER1 DH ER0	ˈfɝðɚ
f/fold.txt	1	v	fold	to foalde -s -d -ing	F OW1 L D	ˈfoʊld
f/fold.txt	2	m n	fold	foalde, foalds	F OW1 L D	ˈfoʊld
f/fold.txt	3	m n	fold	foalde, foalds	F OW1 L D	ˈfoʊld
f/fold.txt	4	m n	folder	foalder -s	F OW1 L D ER0	ˈfoʊldɚ
f/free.txt	2	v	free	to frihe -s -d -ing	F R IY1	ˈfɹi
f/fray.txt	1	m n	fray	fraie, frays	F R EY1	ˈfɹeɪ
f/fray.txt	2	v	fray	to fraie -s -d fraying	F R EY1	ˈfɹeɪ
f/fray.txt	3	m n	fray	fraie, frays	F R EY1	ˈfɹeɪ
f/fire.txt	1	m n, interj	fire	fŷre, fŷars	F AY1 ER0	ˈfaɪɚ
f/fire.txt	1	m n, interj	fire	fŷre, fŷars	F AY1 R	ˈfaɪɹ
f/fire.txt	2	v	fire	to fŷer fŷre(s fŷred fŷering	F AY1 ER0	ˈfaɪɚ
f/fire.txt	2	v	fire	to fŷer fŷre(s fŷred fŷering	F AY1 R	ˈfaɪɹ
f/fire.txt	3	adj	fiery	fîery	F AY1 ER0 IY0	ˈfaɪɚi
f/federal.txt	1	adj	federal	fèderal	F EH1 D ER0 AH0 L	ˈfɛdɚəl
f/federal.txt	1	adj	federal	fèderal	F EH1 D R AH0 L	ˈfɛdɹəl
f/federal.txt	2	f n	federation	federâcion -s	F EH2 D ER0 EY1 SH AH0 N	ˌfɛdɚˈeɪʃən
f/federal.txt	3	m n	federalism	fèderalism	F EH1 D ER0 AH0 L IH2 Z AH0 M	ˈfɛdɚəˌlɪzəm
f/federal.txt	3	m n	federalism	fèderalism	F EH1 D R AH0 L IH2 Z AH0 M	ˈfɛdɹəˌlɪzəm
f/fluff.txt	1	m n	floow	fleufe		
f/fluff.txt	1	m n	fluff	fleufe	F L AH1 F	ˈflʌf
f/fluff.txt	2	v	fluff	to fleufe -s -d -ing	F L AH1 F	ˈflʌf
f/fluff.txt	3	adj	floow	fleufy		
f/fluff.txt	3	adj	fluff	fleufy	F L AH1 F	ˈflʌf
f/fluff.txt	3	adj	fluffy	fleufy	F L AH1 F IY0	ˈflʌfi
f/Friday.txt	1	m n	Friday	Frigdaie, Frigdays	F R AY1 D IY0	ˈfɹaɪdi
f/Friday.txt	1	m n	Friday	Frigdaie, Frigdays	F R AY1 D EY2	ˈfɹaɪˌdeɪ
f/falter.txt	1	v	falter	to falter faltre(s faltred faltering	F AO1 L T ER0	ˈfɔltɚ
f/falter.txt	2	m n	falter	faltre, faltars	F AO1 L T ER0	ˈfɔltɚ
f/fly.txt	1	irv	fly	to floihe -s fleu fleon -ing	F L AY1	ˈflaɪ
f/fly.txt	2	m n	fly	flyhe, flyhs	F L AY1	ˈflaɪ
f/fly.txt	5	v	flight	to flyhte -s -d -ing	F L AY1 T	ˈflaɪt
f/flatter.txt	1	v	flatter	to flater flatre(s flatred flatering	F L AE1 T ER0	ˈflætɚ
f/flop.txt	1	v	flop	to floppe flop(s flopped flopping	F L AA1 P	ˈflɑp
f/flop.txt	2	m n	flop	floppe, flops	F L AA1 P	ˈflɑp
f/flop.txt	3	adj	floppy	floppy	F L AA1 P IY0	ˈflɑpi
f/front.txt	2	v	front	to fronte -s -d -ing	F R AH1 N T	ˈfɹʌnt
f/front.txt	3	adj	front	front	F R AH1 N T	ˈfɹʌnt
f/flood.txt	1	m n	flood	flode, flods	F L AH1 D	ˈflʌd
f/flood.txt	2	v	flood	to flode -s -d -ing	F L AH1 D	ˈflʌd
f/fond.txt	1	adj	fond	fonned	F AA1 N D	ˈfɑnd
f/flare.txt	1	v	flare	to fleare -s -d -ing	F L EH1 R	ˈflɛɹ
f/flare.txt	2	m n	flare	fleare, flears	F L EH1 R	ˈflɛɹ
f/flack.txt	1	m n	flack	flac, flacs	F L AE1 K	ˈflæk
f/flee.txt	1	irv	flee	to flihe -s fled -ing	F L IY1	ˈfli
f/flee.txt	2	m n	fleer	fliher -s	F L IH1 R	ˈflɪɹ
f/from.txt	2	adv	fro	fro	F R OW1	ˈfɹoʊ
f/funnel.txt	1	m n	funnel	fonele, fonils	F AH1 N AH0 L	ˈfʌnəl
f/funnel.txt	2	v	funnel	to fonele -s -d -ing	F AH1 N AH0 L	ˈfʌnəl
f/faith.txt	1	m n	faith	feiþ -s	F EY1 TH	ˈfeɪθ
f/faith.txt	2	adj	faithful	feiþful -ly -ness	F EY1 TH F AH0 L	ˈfeɪθfəl
f/faith.txt	3	adj	faithless	feiþless -ly -ness		
f/fill.txt	1	v	fill	to fylle -s -d -ing	F IH1 L	ˈfɪl
f/fill.txt	2	m n	fill	fylle, fylls	F IH1 L	ˈfɪl
f/fill.txt	3	m n	filler	fyller -s	F IH1 L ER0	ˈfɪlɚ
f/Fahrenheit.txt	1	m n	Fahrenheit	fârenheit	F EH1 R AH0 N HH AY2 T	ˈfɛɹənˌhaɪt
f/forecastle.txt	1	m n	forecastle	focsle, focsels		
f/ferry.txt	1	v	ferry	to fârie -s -d fârying	F EH1 R IY0	ˈfɛɹi
f/ferry.txt	2	m n	ferry	fârie, fâris	F EH1 R IY0	ˈfɛɹi
f/ferry.txt	3	m n	ferrier	fârier -s	F EH1 R IY0 ER0	ˈfɛɹiɚ
f/foe.txt	1	m n	foe	foe, foas	F OW1	ˈfoʊ
f/flank.txt	1	v	flank	to flânque flânc(s -d -ing	F L AE1 NG K	ˈflæŋk
f/feel.txt	1	irv	feel	to fiele -s felt -ing	F IY1 L	ˈfil
f/feel.txt	2	m n	feel	fiele, fiels	F IY1 L	ˈfil
f/facile.txt	1	adj	facile	facil	F AE1 S AH0 L	ˈfæsəl
f/facile.txt	2	v	facilitate	to facilitait -s -ed -ing	F AH0 S IH1 L AH0 T EY2 T	fəˈsɪləˌteɪt
f/facile.txt	3	f n	facilitator	facilitaitor -s	F AH0 S IH1 L AH0 T EY2 T ER0	fəˈsɪləˌteɪtɚ
f/facile.txt	4	f n	facilitation	facilitâcion -s	F AH0 S IH2 L AH0 T EY1 SH AH0 N	fəˌsɪləˈteɪʃən
f/fur.txt	1	m n	fur	foure, fours	F ER1	ˈfɝ
f/fur.txt	2	v	fur	to foure -s -d -ing	F ER1	ˈfɝ
f/fur.txt	3	adj	furry	foury fouriar fouriest	F ER1 IY0	ˈfɝi
f/fracture.txt	2	v	fracture	to fracțure -s -d -ing	F R AE1 K CH ER0	ˈfɹæktʃɚ
f/fracture.txt	2	v	fracture	to fracțure -s -d -ing	F R AE1 K SH ER0	ˈfɹækʃɚ
f/flow.txt	1	v	flow	to floe -s -d flouing	F L OW1	ˈfloʊ
f/flow.txt	2	m n	flow	floe, floas	F L OW1	ˈfloʊ
f/fiber.txt	1	m n	fiber	fîbre, fîbars	F AY1 B ER0	ˈfaɪbɚ
f/fiber.txt	2	adj	fibrous	fîbreus	F AY1 B R AH0 S	ˈfaɪbɹəs
f/fiber.txt	3	m n	fibril	fîbrile, fîbrils		
f/fiber.txt	4	f n	fibrillation	fibrilâcion -s	F IH2 B R IH0 L EY1 SH AH0 N	ˌfɪbɹɪˈleɪʃən
f/film.txt	1	m n	film	filme, films	F IH1 L M	ˈfɪlm
f/film.txt	2	v	film	to filme -s -d -ing	F IH1 L M	ˈfɪlm
f/fountain.txt	1	m n	fountain	fôntain -s	F AW1 N T AH0 N	ˈfaʊntən
f/forfeit.txt	1	m n	forfeit	forfait -s	F AO1 R F IH0 T	ˈfɔɹfɪt
f/forfeit.txt	2	v	forfeit	to forfait -s -ed -ing	F AO1 R F IH0 T	ˈfɔɹfɪt
f/forfeit.txt	3	m n	forfeiture	forfaițure, forfaițurs	F AO1 R F AH0 CH ER0	ˈfɔɹfətʃɚ
x/xylophone.txt	1	m n	xylophone	xŷlophone, xŷlophons	Z AY1 L AH0 F OW2 N	ˈzaɪləˌfoʊn
l/lie.txt	1	irv	lie	to láie -s lay laîn láying	L AY1	ˈlaɪ
l/lie.txt	1	irv	lay	to láie -s lay laîn láying	L EY1	ˈleɪ
l/lie.txt	2	m n	lie	láie, láis	L AY1	ˈlaɪ
l/lie.txt	3	v	lie	to lîe -s -d lyhing	L AY1	ˈlaɪ
l/lie.txt	5	m n	liar	lîer -s	L AY1 ER0	ˈlaɪɚ
l/lawn.txt	1	m n	lawn	laone, laons	L AO1 N	ˈlɔn
l/lawn.txt	2	m n	lawn	laone, laons	L AO1 N	ˈlɔn
l/lay.txt	1	v	lay	to laie -s -d laying	L EY1	ˈleɪ
l/lay.txt	2	m n	lay	laie, lays	L EY1	ˈleɪ
l/lay.txt	3	m n	layover	layovre, layovirs	L EY1 OW2 V ER0	ˈleɪˌoʊvɚ
l/lay.txt	4	m n	layaway	layauaie, layauays	L EY1 AH0 W EY2	ˈleɪəˌweɪ
l/laze.txt	1	adj	lazy	lâsy -iar -iest -ily -iness	L EY1 Z IY0	ˈleɪzi
l/laze.txt	2	v	laze	to lâse -s -d -ing		
l/leash.txt	1	m n	leash	liesce -s	L IY1 SH	ˈliʃ
l/leash.txt	2	v	leash	to liesce -s -d -ing	L IY1 SH	ˈliʃ
l/light.txt	1	irv	light	to loihte -s liht -ing	L AY1 T	ˈlaɪt
l/light.txt	3	v	lighten	to loihtene -s -d -ing	L AY1 T AH0 N	ˈlaɪtən
l/light.txt	4	m n	lightning	loihtning	L AY1 T N IH0 NG	ˈlaɪtnɪŋ
l/light.txt	6	m n	lighter	loihter -s	L AY1 T ER0	ˈlaɪtɚ
l/lack.txt	1	m n	lack	lac	L AE1 K	ˈlæk
l/lack.txt	2	v	lack	to lac -s lached laching	L AE1 K	ˈlæk
l/lace.txt	1	m n	lace	lâce -s	L EY1 S	ˈleɪs
l/lace.txt	2	v	lace	to lâce -s -d -ing	L EY1 S	ˈleɪs
l/lace.txt	3	m n	lasso	laço -s	L AE1 S OW0	ˈlæsoʊ
l/lace.txt	4	v	lasso	to laçoe -s -d -uing	L AE1 S OW0	ˈlæsoʊ
l/long.txt	2	v	long	to longue lòng(s -d -ing	L AO1 NG	ˈlɔŋ
l/long.txt	4	v	belong	to belongue belòng(s -d -ing	B IH0 L AO1 NG	bɪˈlɔŋ
l/laugh.txt	1	m n	laugh	lafhe, lafhs	L AE1 F	ˈlæf
l/laugh.txt	2	v	laugh	to lafhe -s -d -ing	L AE1 F	ˈlæf
l/like.txt	1	v	like	to lîc -s lîched lîching	L AY1 K	ˈlaɪk
l/like.txt	2	m n	like	lîc -s	L AY1 K	ˈlaɪk
l/like.txt	3	v	dislike	to dislîc -s dislîched dislîching	D IH0 S L AY1 K	dɪˈslaɪk
l/like.txt	4	v	mislike	to mislîc -s mislîched mislîching		
l/like.txt	5	adj	likeable	lîcable	L AY1 K AH0 B AH0 L	ˈlaɪkəbəl
l/like.txt	6	adj	like	lîc	L AY1 K	ˈlaɪk
l/like.txt	7	adv	like	lîc	L AY1 K	ˈlaɪk
l/like.txt	8	conj	like	lîc	L AY1 K	ˈlaɪk
l/like.txt	9	prep	like	lîc	L AY1 K	ˈlaɪk
l/like.txt	10	adj	unlike	unlîc	AH0 N L AY1 K	ənˈlaɪk
l/like.txt	11	adj	alike	alîc	AH0 L AY1 K	əˈlaɪk
l/like.txt	12	m n	likeness	lîchness -es	L AY1 K N AH0 S	ˈlaɪknəs
l/like.txt	13	v	liken	to lîcane -s -d -ing	L AY1 K AH0 N	ˈlaɪkən
l/like.txt	14	adj, adv	likely	lîchly	L AY1 K L IY0	ˈlaɪkli
l/like.txt	15	adj, adv	unlikely	unlîchly	AH0 N L AY1 K L IY0	ənˈlaɪkli
l/like.txt	16	adv	likewise	lîcoîs	L AY1 K W AY2 Z	ˈlaɪˌkwaɪz
l/like.txt	17	m n	likelihood	lîclihud -s	L AY1 K L IY0 HH UH2 D	ˈlaɪkliˌhʊd
l/like.txt	18	m n	lich	lic̃e -s	L IH1 CH	ˈlɪtʃ
l/line.txt	1	m n	line	ligne, ligns	L AY1 N	ˈlaɪn
l/line.txt	2	v	line	to ligne -s -d -ing	L AY1 N	ˈlaɪn
l/line.txt	3	m n	lineage	liniage -s	L IH1 N IY0 AH0 JH	ˈlɪniədʒ
l/large.txt	3	v	enlarge	to enlarge -s -d -ing	EH2 N L AA1 R JH	ˌɛnˈlɑɹdʒ
l/large.txt	3	v	enlarge	to enlarge -s -d -ing	IH0 N L AA1 R JH	ɪnˈlɑɹdʒ
l/large.txt	4	f n	enlargement	enlargement	IH0 N L AA1 R JH M AH0 N T	ɪnˈlɑɹdʒmənt
l/ladle.txt	1	m n	ladle	lâdle, lâduls	L EY1 D AH0 L	ˈleɪdəl
l/ladle.txt	2	v	ladle	to lâdle -s -d -ing	L EY1 D AH0 L	ˈleɪdəl
l/label.txt	1	m n	label	lâble, lâbuls	L EY1 B AH0 L	ˈleɪbəl
l/lake.txt	1	m n	lake	lâc -s	L EY1 K	ˈleɪk
l/lake.txt	2	f n	lagoon	lagoune, lagouns	L AH0 G UW1 N	ləˈɡun
l/lake.txt	3	m n	lacquer	lacre, lacars	L AE1 K ER0	ˈlækɚ
l/lake.txt	4	v	lacquer	to laquer lacre(s lacred laquering	L AE1 K ER0	ˈlækɚ
l/lake.txt	5	m n	lac	laque, lacs	L AE1 K	ˈlæk
l/lake.txt	6	m n	lake	lâque, laix	L EY1 K	ˈleɪk
l/lake.txt	7	v	lake	to lâque lâc(s lâqued lâquing	L EY1 K	ˈleɪk
l/lettuce.txt	1	m n	lettuce	laitace	L EH1 T AH0 S	ˈlɛtəs
l/lush.txt	1	adj, m n	lush	losce -s	L AH1 SH	ˈlʌʃ
l/lush.txt	2	v	lush	to losce -s -d -ing	L AH1 SH	ˈlʌʃ
l/lick.txt	1	v	lick	to lic -s liched liching	L IH1 K	ˈlɪk
l/lick.txt	2	m n	lick	lic, lix	L IH1 K	ˈlɪk
l/lecture.txt	1	m n	lecture	lecțure, lecțurs	L EH1 K CH ER0	ˈlɛktʃɚ
l/lecture.txt	2	v	lecture	to lecțure -s -d -ing	L EH1 K CH ER0	ˈlɛktʃɚ
l/leave.txt	1	irv	leave	to lievfe -s laift -ing	L IY1 V	ˈliv
l/leave.txt	2	m n	leave	lievfe, lievfs	L IY1 V	ˈliv
l/link.txt	1	m n	link	linc -s	L IH1 NG K	ˈlɪŋk
l/link.txt	2	v	link	to linque linc(s -d -ing	L IH1 NG K	ˈlɪŋk
l/leisure.txt	1	m n	leisure	liz̦ure, liz̦urs	L EH1 ZH ER0	ˈlɛʒɚ
l/leisure.txt	1	m n	leisure	liz̦ure, liz̦urs	L IY1 ZH ER0	ˈliʒɚ
l/launch.txt	1	v	launch	to launc̃e -s -d -ing	L AO1 N CH	ˈlɔntʃ
l/launch.txt	2	m n	launch	launc̃e -s	L AO1 N CH	ˈlɔntʃ
l/loose.txt	1	adj	loose	louss -ar -est	L UW1 S	ˈlus
l/loose.txt	2	v	loosen	to loussene -s -d -ing	L UW1 S AH0 N	ˈlusən
l/lesson.txt	1	m n	lesson	leçon -s	L EH1 S AH0 N	ˈlɛsən
l/lynch.txt	1	v	Lynch law	to lync̃e -s -d -ing	L IH1 N CH L AO1	ˈlɪntʃˈlɔ
l/listen.txt	1	v	listen	to lissene -s -d -ing	L IH1 S AH0 N	ˈlɪsən
l/listen.txt	2	m n	listen	lissene	L IH1 S AH0 N	ˈlɪsən
l/listen.txt	3	m n	listener	lissenor -s	L IH1 S AH0 N ER0	ˈlɪsənɚ
l/listen.txt	3	m n	listener	lissenor -s	L IH1 S N ER0	ˈlɪsnɚ
l/liter.txt	1	m n	litre	lítre, lítars		
l/liter.txt	1	m n	liter	lítre, lítars	L IY1 T ER0	ˈlitɚ
l/load.txt	1	m n	load	lode, loads	L OW1 D	ˈloʊd
l/load.txt	2	v	load	to lode -s -d -ing	L OW1 D	ˈloʊd
l/Latvia.txt	1	m n	Latvia	Latvia	L AE1 T V IY0 AH0	ˈlætviə
l/Latvia.txt	2	adj, m n	Latvian	latvian	L AE1 T V IY0 AH0 N	ˈlætviən
l/Latvia.txt	3	m n	Latvian	Latvian	L AE1 T V IY0 AH0 N	ˈlætviən
l/loaf.txt	1	m n	loaf	lofe, loafs	L OW1 F	ˈloʊf
l/loaf.txt	2	v	loaf	to lofe -s -d -ing	L OW1 F	ˈloʊf
l/Lebanon.txt	1	m n	Lebanon	Lebanon	L EH1 B AH0 N AH0 N	ˈlɛbənən
l/Lebanon.txt	2	adj	Lebanese	lebanise	L EH1 B AH0 N IY2 Z	ˈlɛbəˌniz
l/liver.txt	1	m n	liver	livere, livars	L IH1 V ER0	ˈlɪvɚ
l/leech.txt	1	m n	leech	loic̃e -s	L IY1 CH	ˈlitʃ
l/libration.txt	1	f n	libration	librâcion -s	L AY2 B R EY1 SH AH0 N	ˌlaɪˈbɹeɪʃən
l/libration.txt	2	adj	librational	librâcional -ly -ness		
l/libration.txt	3	adj	libratory	lîbratory		
l/lodge.txt	1	m n	lodge	láge -s	L AA1 JH	ˈlɑdʒ
l/lodge.txt	2	v	lodge	to láge -s -d -ing	L AA1 JH	ˈlɑdʒ
l/lodge.txt	3	m n	lodger	láger -s		
l/leather.txt	1	m n	leather	leþre, leþers	L EH1 DH ER0	ˈlɛðɚ
l/leather.txt	2	adj	leathery	leþery	L EH1 DH ER0 IY0	ˈlɛðɚi
l/library.txt	1	m n	library	lîbrarie -is	L AY1 B R EH0 R IY2	ˈlaɪbɹɛˌɹi
l/library.txt	2	f n	librarian	librârian -s	L AY0 B R EH1 R IY2 AH0 N	laɪˈbɹɛˌɹiən
l/lemon.txt	1	m n	lemon	lemon -s	L EH1 M AH0 N	ˈlɛmən
l/lemon.txt	2	f n	lemonade	lemonâde, lemonâds	L EH1 M AH0 N EY1 D	ˈlɛməˈneɪd
l/leak.txt	1	v	leak	to leic -s leiched leiching	L IY1 K	ˈlik
l/leak.txt	2	m n	leak	leic, leix	L IY1 K	ˈlik
l/leak.txt	3	adj	leaky	leichy	L IY1 K IY0	ˈliki
l/learn.txt	1	v	learn	to lêne -s -d -ing	L ER1 N	ˈlɝn
l/lock.txt	1	m n	lock	loc, lox	L AA1 K	ˈlɑk
l/lock.txt	2	v	lock	to loc -s loched loching	L AA1 K	ˈlɑk
l/lock.txt	3	m n	lock	loc, lox	L AA1 K	ˈlɑk
l/lease.txt	1	v	lease	to liesse -s -d -ing	L IY1 S	ˈlis
l/lease.txt	2	m n	lease	liess  -es	L IY1 S	ˈlis
l/lease.txt	3	v	re-lease	to riliesse -s -d -ing	R EY1 L IY1 S	ˈɹeɪˈlis
l/leopard.txt	1	m n	leopard	lepard -s	L EH1 P ER0 D	ˈlɛpɚd
l/lift.txt	1	v	lift	to lifte -s -d -ing	L IH1 F T	ˈlɪft
l/Louisiana.txt	1	f n	Louisiana	Louisiàna	L UW0 IY2 Z IY0 AE1 N AH0	luˌiziˈænə
l/Louisiana.txt	2	adj, f n	Louisianan	louisiànan -s		
l/lash.txt	1	v	lash	to lasce -s -d -ing	L AE1 SH	ˈlæʃ
l/loin.txt	1	m n	loin	loine, loins	L OY1 N	ˈlɔɪn
l/loin.txt	2	m n	loin-cloth	loin-claoþ -s	L OY1 N K L AO1 TH	ˈlɔɪnˈklɔθ
l/lend.txt	1	irv	lend	to lende -s laint -ing	L EH1 N D	ˈlɛnd
l/litter.txt	1	m n	litter	litture, litturs	L IH1 T ER0	ˈlɪtɚ
l/litter.txt	2	v	litter	to litture -s -d -ing	L IH1 T ER0	ˈlɪtɚ
l/luminate.txt	1	v	luminate	to lúminait -s -ed -ing		
l/luminate.txt	2	adj	luminous	lúminus	L UW1 M AH0 N AH0 S	ˈlumənəs
l/luminate.txt	3	f n	luminosity	luminossetie		
l/luminate.txt	4	m n	luminance	lúminance	L UW1 M AH0 N AH0 N S	ˈlumənəns
l/liquid.txt	1	adj, m n	liquid	liqüid	L IH1 K W AH0 D	ˈlɪkwəd
l/liquid.txt	1	adj, m n	liquid	liqüid	L IH1 K W IH0 D	ˈlɪkwɪd
l/liquid.txt	2	f n	liquidity	liqüiditie, liqüiditis	L IH0 K W IH1 D AH0 T IY0	lɪˈkwɪdəti
l/liquid.txt	2	f n	liquidity	liqüiditie, liqüiditis	L IH0 K W IH1 D IH0 T IY0	lɪˈkwɪdɪti
l/liquid.txt	3	v	liquidate	to liqüidait -s -ed -ing	L IH1 K W IH0 D EY2 T	ˈlɪkwɪˌdeɪt
l/liquid.txt	4	f n	liquidation	liqüidâcion -s	L IH2 K W IH0 D EY1 SH AH0 N	ˌlɪkwɪˈdeɪʃən
l/legal.txt	1	adj, m n	legal	lígal	L IY1 G AH0 L	ˈliɡəl
l/legal.txt	2	f n	legality	ligaletie -is	L IY0 G AE1 L AH0 T IY0	liˈɡæləti
l/legal.txt	3	f n	legalese	ligalise	L EH1 G AH0 L IY2 S	ˈlɛɡəˌlis
l/lever.txt	1	m n	lever	levre, levars	L EH1 V ER0	ˈlɛvɚ
l/lever.txt	1	m n	lever	levre, levars	L IY1 V ER0	ˈlivɚ
l/lever.txt	2	m n	leverage	levrage -s	L EH1 V ER0 IH0 JH	ˈlɛvɚɪdʒ
l/lever.txt	2	m n	leverage	levrage -s	L EH1 V R AH0 JH	ˈlɛvɹədʒ
l/lever.txt	2	m n	leverage	levrage -s	L IY1 V ER0 IH0 JH	ˈlivɚɪdʒ
l/lever.txt	3	v	leverage	to levrage -s -d -ing	L EH1 V ER0 IH0 JH	ˈlɛvɚɪdʒ
l/lever.txt	3	v	leverage	to levrage -s -d -ing	L EH1 V R AH0 JH	ˈlɛvɹədʒ
l/lever.txt	3	v	leverage	to levrage -s -d -ing	L IY1 V ER0 IH0 JH	ˈlivɚɪdʒ
l/lair.txt	1	m n	lair	laire, lairs	L EH1 R	ˈlɛɹ
l/lump.txt	1	m n	lump	lompe, lomps	L AH1 M P	ˈlʌmp
l/lump.txt	2	v	lump	to lompe -s -d -ing	L AH1 M P	ˈlʌmp
l/length.txt	2	adj	lengthy	lengþy -ier -iest	L EH1 NG TH IY0	ˈlɛŋθi
l/let.txt	1	irv	let	to lete -s lait -ing	L EH1 T	ˈlɛt
l/let.txt	2	m n	letdown	laitdogn -s	L EH1 T D AW2 N	ˈlɛtˌdaʊn
l/lunch.txt	1	v	lunch	to lonc̃e -s -ed -ing	L AH1 N CH	ˈlʌntʃ
l/lunch.txt	2	m n	luncheon	lonc̃e -s	L AH1 N CH AH0 N	ˈlʌntʃən
l/lunch.txt	2	m n	lunch	lonc̃e -s	L AH1 N CH	ˈlʌntʃ
l/level.txt	1	m n	level	levele, levels	L EH1 V AH0 L	ˈlɛvəl
l/level.txt	2	v	level	to levele -s -d -ing	L EH1 V AH0 L	ˈlɛvəl
l/level.txt	3	adj	level	level	L EH1 V AH0 L	ˈlɛvəl
l/letter.txt	1	m n	letter	lettre, lettars	L EH1 T ER0	ˈlɛtɚ
l/letter.txt	2	v	letter	to letter lettre(s lettred lettering	L EH1 T ER0	ˈlɛtɚ
l/luscious.txt	1	adj	luscious	lusceus	L AH1 SH IH0 S	ˈlʌʃɪs
l/leer.txt	1	v	leer	to liore -s -d -ing		
l/leer.txt	2	m n	leer	lior -s		
l/leer.txt	3	adj	leery	liory -iar -iest	L IH1 R IY0	ˈlɪɹi
l/league.txt	1	m n	league	ligue, lígs	L IY1 G	ˈliɡ
l/lame.txt	2	v	lame	to laime -s -d lâming	L EY1 M	ˈleɪm
l/labor.txt	2	v	labor	to lâbore -s -d -ing	L EY1 B ER0	ˈleɪbɚ
l/labor.txt	3	m n	laborer	lâboror -s	L EY1 B ER0 ER0	ˈleɪbɚɚ
l/labor.txt	4	adj	laborious	laborieus -ly	L AH0 B AO1 R IY0 AH0 S	ləˈbɔɹiəs
l/labor.txt	5	m n	laboratory	labratorie -is	L AE1 B R AH0 T AO2 R IY0	ˈlæbɹəˌtɔɹi
l/leach.txt	1	v	leach	to leic̃e -s -d -ing	L IY1 CH	ˈlitʃ
l/live.txt	1	v	live	to livfe -s -d -ing	L AY1 V	ˈlaɪv
l/live.txt	1	v	live	to livfe -s -d -ing	L IH1 V	ˈlɪv
l/live.txt	2	adj	live	lîve	L AY1 V	ˈlaɪv
l/live.txt	2	adj	live	lîve	L IH1 V	ˈlɪv
l/live.txt	3	adj, adv	lively	lîvely -iar -iest	L AY1 V L IY0	ˈlaɪvli
l/live.txt	4	adj	alive	alîve	AH0 L AY1 V	əˈlaɪv
l/live.txt	5	m n	life	lîfe, lîfs	L AY1 F	ˈlaɪf
l/lavish.txt	1	adj	lavish	lavisce	L AE1 V IH0 SH	ˈlævɪʃ
l/lavish.txt	2	v	lavish	to lavișe -s -d -ing	L AE1 V IH0 SH	ˈlævɪʃ
l/lane.txt	1	m n	lane	lâne, lâns	L EY1 N	ˈleɪn
l/lung.txt	1	m n	lung	longhe, longs	L AH1 NG	ˈlʌŋ
l/liquor.txt	1	m n	liquor	licor -s	L IH1 K ER0	ˈlɪkɚ
l/liquor.txt	2	v	liquor	to licore -s -d -ing	L IH1 K ER0	ˈlɪkɚ
l/liquor.txt	3	m n	liquorice	licoriș		
l/liquor.txt	3	m n	licorice	licoriș	L IH1 K ER0 IH0 SH	ˈlɪkɚɪʃ
l/literature.txt	1	m n	literature	litterațure	L IH1 T ER0 AH0 CH ER0	ˈlɪtɚətʃɚ
l/literature.txt	2	f n	literation	litterâcion		
l/literature.txt	3	adj	literate	litterate	L IH1 T ER0 AH0 T	ˈlɪtɚət
l/literature.txt	4	adj	illiterate	illitterate	IH2 L IH1 T ER0 AH0 T	ˌɪˈlɪtɚət
l/literature.txt	5	m n	literacy	litteracie	L IH1 T ER0 AH0 S IY0	ˈlɪtɚəsi
l/literature.txt	6	adj	literacy	litteracy	L IH1 T ER0 AH0 S IY0	ˈlɪtɚəsi
l/literature.txt	7	f n	illiteracy	illitteracie	IH2 L IH1 T ER0 AH0 S IY0	ˌɪˈlɪtɚəsi
l/literature.txt	8	adj	illiteracy	illitteracy	IH2 L IH1 T ER0 AH0 S IY0	ˌɪˈlɪtɚəsi
l/literature.txt	9	f n	literati	litterati	L IH2 T ER0 AA1 T IY0	ˌlɪtɚˈɑti
l/laurel.txt	1	m n	laurel	laurele, laurels	L AO1 R AH0 L	ˈlɔɹəl
l/lean.txt	1	v	lean	to hline -s -d -ing	L IY1 N	ˈlin
l/lean.txt	2	adj	lean	hlien hlienar hlienest	L IY1 N	ˈlin
l/law.txt	1	m n	law	lahe, laus -s	L AO1	ˈlɔ
l/law.txt	1	m n	law	lahe, laus -s	L AA1	ˈlɑ
l/law.txt	2	m n	lawyer	lauier -s	L AO1 Y ER0	ˈlɔjɚ
l/law.txt	2	m n	lawyer	lauier -s	L OY1 ER0	ˈlɔɪɚ
l/latch.txt	1	v	latch	to lac̃e -s -d -ing	L AE1 CH	ˈlætʃ
l/latch.txt	2	m n	latch	lac̃e -s	L AE1 CH	ˈlætʃ
l/leaf.txt	1	m n	leaf	liefe, liefs	L IY1 F	ˈlif
l/leaf.txt	2	v	leaf	to liefe -s -d -ing	L IY1 F	ˈlif
l/liberate.txt	1	v	liberate	to liberait -s -ed -ing	L IH1 B ER2 EY2 T	ˈlɪˌbɝˌeɪt
l/liberate.txt	2	f n	liberation	liberâcion -s	L IH2 B ER2 EY1 SH AH0 N	ˌlɪˌbɝˈeɪʃən
l/liberate.txt	3	adj	liberational	liberâcional -ly		
l/liberate.txt	5	m n	liberty	libertie -is	L IH1 B ER0 T IY2	ˈlɪbɚˌti
l/liberate.txt	6	adj	liberatory	libratory -ily		
l/liberate.txt	8	v	liberalize	to libralyse -s -d -ing	L IH1 B ER2 AH0 L AY2 Z	ˈlɪˌbɝəˌlaɪz
l/liberate.txt	9	f n	liberalization	libralisâcion -s	L IH2 B ER2 AH0 L IH0 Z EY1 SH AH0 N	ˌlɪˌbɝəlɪˈzeɪʃən
l/liberate.txt	10	m n	liberalism	libralism -s	L IH1 B ER2 AH0 L IH2 Z AH0 M	ˈlɪˌbɝəˌlɪzəm
l/liberate.txt	11	f n	liberality	libraletie -is	L IH2 B ER2 AE1 L AH0 T IY2	ˌlɪˌbɝˈæləˌti
l/luck.txt	1	m n	luck	hluc	L AH1 K	ˈlʌk
l/luck.txt	2	v	luck	to hluc -s hluched hluching	L AH1 K	ˈlʌk
l/luck.txt	3	adj, adv	lucky	hluchy -ily	L AH1 K IY0	ˈlʌki
l/lore.txt	1	m n	lore	lore, lors	L AO1 R	ˈlɔɹ
l/lead.txt	1	irv	lead	to lide -s laid -ing	L EH1 D	ˈlɛd
l/lead.txt	1	irv	lead	to lide -s laid -ing	L IY1 D	ˈlid
l/lead.txt	2	m n	lead	lide, líds	L EH1 D	ˈlɛd
l/lead.txt	2	m n	lead	lide, líds	L IY1 D	ˈlid
l/lead.txt	5	v	lead	to leade -s lead -ing	L EH1 D	ˈlɛd
l/lead.txt	5	v	lead	to leade -s lead -ing	L IY1 D	ˈlid
l/loan.txt	1	m n	loan	loane, loans	L OW1 N	ˈloʊn
l/loan.txt	2	v	loan	to loane -s -d -ing	L OW1 N	ˈloʊn
l/ledge.txt	1	m n	ledge	ledge -s	L EH1 JH	ˈlɛdʒ
l/ledge.txt	2	m n	ledger	legere, legiars	L EH1 JH ER0	ˈlɛdʒɚ
l/lite.txt	2	v	lighten	to lîhtene -s -d -ing	L AY1 T AH0 N	ˈlaɪtən
l/locomotion.txt	1	f n	locomotion	locomocion -s	L OW2 K AH0 M OW1 SH AH0 N	ˌloʊkəˈmoʊʃən
l/locomotion.txt	2	adj, f n	locomotive	locomótif -s	L OW2 K AH0 M OW1 T IH0 V	ˌloʊkəˈmoʊtɪv
l/lox.txt	1	m n	lox	láx	L AA1 K S	ˈlɑks
l/lox.txt	1	m n	lox	láx	L AH1 K S	ˈlʌks
l/lei.txt	1	m n	lei	leie, leis	L EY1	ˈleɪ
l/language.txt	1	m n	language	lânguage -s	L AE1 NG G W AH0 JH	ˈlæŋɡwədʒ
l/language.txt	1	m n	language	lânguage -s	L AE1 NG G W IH0 JH	ˈlæŋɡwɪdʒ
l/luxury.txt	1	adj	luxury	lux̦ury	L AH1 G ZH ER0 IY0	ˈlʌɡʒɚi
l/luxury.txt	2	m n	luxury	lux̦urie, lux̦uris	L AH1 G ZH ER0 IY0	ˈlʌɡʒɚi
l/luxury.txt	3	adj	luxurious	lux̦urieus -ly	L AH0 G ZH ER1 IY0 AH0 S	ləɡˈʒɝiəs
l/lime.txt	1	m n	lime	lîme, lîms	L AY1 M	ˈlaɪm
l/lunge.txt	1	m n	lunge	longe -s	L AH1 N JH	ˈlʌndʒ
l/lunge.txt	2	v	lunge	to longe -s -d -ing	L AH1 N JH	ˈlʌndʒ
l/lotion.txt	1	m n	lotion	locion -s	L OW1 SH AH0 N	ˈloʊʃən
l/lotion.txt	2	v	lotion	to locione -s -d -ing	L OW1 SH AH0 N	ˈloʊʃən
l/lounge.txt	1	m n	lounge	lônge -s	L AW1 N JH	ˈlaʊndʒ
l/lounge.txt	2	v	lounge	to lônge -s -d -ing	L AW1 N JH	ˈlaʊndʒ
l/ladder.txt	1	m n	ladder	ladre, ladirs	L AE1 D ER0	ˈlædɚ
l/Lithuania.txt	1	f n	Lithuania	Liþuânia	L IH2 TH AH0 W EY1 N IY0 AH0	ˌlɪθəˈweɪniə
l/Lithuania.txt	2	adj, f n	Lithuanian	liþuânian	L IH2 TH AH0 W EY1 N IY0 AH0 N	ˌlɪθəˈweɪniən
l/Lithuania.txt	3	f n	Lithuanian	Liþuânian	L IH2 TH AH0 W EY1 N IY0 AH0 N	ˌlɪθəˈweɪniən
l/log.txt	1	m n	log	logue, logs	L AO1 G	ˈlɔɡ
l/log.txt	2	v	log	to logue log(s -d -ing	L AO1 G	ˈlɔɡ
l/liquify.txt	1	v	liquefy	to liqüefae -s -d -yhing	L IH1 K W AH0 F AY2	ˈlɪkwəˌfaɪ
l/liquify.txt	2	f n	liquefaction	liqüefaccion -s	L IH2 K W AH0 F AE1 K SH AH0 N	ˌlɪkwəˈfækʃən
l/look.txt	1	v	look	to lôc -s lôched lôching	L UH1 K	ˈlʊk
l/look.txt	2	m n	look	lôc, leox	L UH1 K	ˈlʊk
l/look.txt	3	m n	lookout	lôcaut -s	L UH1 K AW2 T	ˈlʊˌkaʊt
l/limit.txt	1	v	limit	to limit -s -ed -ing	L IH1 M AH0 T	ˈlɪmət
l/limit.txt	2	m n	limit	limit -s	L IH1 M AH0 T	ˈlɪmət
l/limit.txt	3	f n	limitation	limitâcion -s	L IH2 M IH0 T EY1 SH AH0 N	ˌlɪmɪˈteɪʃən
l/lose.txt	1	irv	lose	to louse -s lost -ing	L UW1 Z	ˈluz
l/lose.txt	2	m n	loser	louser -s	L UW1 Z ER0	ˈluzɚ
l/lose.txt	3	m n	loss	loss -es	L AO1 S	ˈlɔs
l/lose.txt	4	adj	lost	lost	L AO1 S T	ˈlɔst
l/low.txt	1	adj, adv	low	loe lóar lóest	L OW1	ˈloʊ
l/low.txt	2	m n	low	loe, loas	L OW1	ˈloʊ
l/low.txt	3	adj	lowly	loaly	L OW1 L IY0	ˈloʊli
l/low.txt	4	adj	lowercase	lóarcaiss		
l/low.txt	5	v	lowercase	to lóarcaisse -s -d -ing		
l/low.txt	6	v	lower	to lóare -s -d -ing	L OW1 ER0	ˈloʊɚ
l/low.txt	7	v	low	to hloe -s -d hlouing	L OW1	ˈloʊ
l/low.txt	8	m n	low	hloe, hloas	L OW1	ˈloʊ
l/lye.txt	1	m n	lye	laihe	L AY1	ˈlaɪ
l/love.txt	2	v	love	to love -s -d -ing	L AH1 V	ˈlʌv
l/love.txt	3	adj	lovely	lovely	L AH1 V L IY0	ˈlʌvli
l/leg.txt	1	m n	leg	legue, legs	L EH1 G	ˈlɛɡ
l/louse.txt	1	m n	louse	lause, lîce	L AW1 S	ˈlaʊs
l/louse.txt	1	m n	lice	lause, lîce	L AY1 S	ˈlaɪs
l/louse.txt	2	adj	lousy	lausy	L AW1 Z IY0	ˈlaʊzi
l/locate.txt	2	f n	locality	localetie -is	L OW0 K AE1 L AH0 T IY0	loʊˈkæləti
l/locate.txt	3	v	locate	to locait -s -ed -ing	L OW1 K EY2 T	ˈloʊˌkeɪt
l/locate.txt	5	f n	location	locâcion -s -al	L OW0 K EY1 SH AH0 N	loʊˈkeɪʃən
l/locate.txt	6	v	localize	to localyse -s -d -ing	L OW1 K AH0 L AY2 Z	ˈloʊkəˌlaɪz
l/locate.txt	7	f n	localization	localisâcion -s	L OW2 K AH0 L AH0 Z EY1 SH AH0 N	ˌloʊkələˈzeɪʃən
l/locate.txt	8	m n	localist	localist -s		
l/locate.txt	9	m n	localism	localism		
o/ox.txt	1	m n	ox	ox, oxen	AA1 K S	ˈɑks
o/ox.txt	1	m n	oxen	ox, oxen	AA1 K S AH0 N	ˈɑksən
o/obey.txt	1	v	obey	to obeie -s -d -eying	OW0 B EY1	oʊˈbeɪ
o/obey.txt	4	f n	obeisance	obéissance -s	OW0 B EY1 S AH0 N S	oʊˈbeɪsəns
o/obey.txt	5	adj	obeisant	obéissant -ly		
o/odor.txt	2	adj	odorous	ódorus	OW1 D ER0 AH0 S	ˈoʊdɚəs
o/owl.txt	1	m n	owl	ôle, ôels	AW1 L	ˈaʊl
o/or.txt	1	conj	or	or	AO1 R	ˈɔɹ
o/or.txt	1	conj	or	or	ER0	ɚ
o/ocean.txt	1	m n	ocean	oceane, oceans	OW1 SH AH0 N	ˈoʊʃən
o/ocean.txt	2	adj	oceanic	oçianic	OW2 SH IY0 AE1 N IH0 K	ˌoʊʃiˈænɪk
o/ocean.txt	3	f n	oceanography	oceanographie -is	OW2 SH AH0 N AA1 G R AH0 F IY0	ˌoʊʃəˈnɑɡɹəfi
o/ocean.txt	4	f n	oceanographer	oceanographor -s	OW2 SH AH0 N AA1 G R AH0 F ER0	ˌoʊʃəˈnɑɡɹəfɚ
o/ore.txt	1	m n	ore	ore, ors	AO1 R	ˈɔɹ
o/oat.txt	1	m n	oat	oate, oats	OW1 T	ˈoʊt
o/oat.txt	2	m n	oatmeal	oatmiele	OW1 T M IY2 L	ˈoʊtˌmil
o/oat.txt	3	adj	oatmeal	oatmiel	OW1 T M IY2 L	ˈoʊtˌmil
o/on.txt	1	prep	on	on	AA1 N	ˈɑn
o/on.txt	1	prep	on	on	AO1 N	ˈɔn
o/oast.txt	1	m n	oast	oaste, oasts		
o/oligarchy.txt	1	m n	oligarchy	oligarchie -is	AA1 L AH0 G AA2 R K IY0	ˈɑləˌɡɑɹki
o/oligarchy.txt	2	m n	oligarch	oligarc, oligarx	OW1 L IH0 G AA2 R K	ˈoʊlɪˌɡɑɹk
o/oligarchy.txt	3	adj	oligarchic	oligarchic -ly		
o/oligarchy.txt	4	adj	oligarchic	oligarchical		
o/oak.txt	1	m n, adj	oak	oac, oax	OW1 K	ˈoʊk
o/ordinate.txt	1	v	ordinate	to ordinait -s -ed -ing		
o/ordinate.txt	2	adj	ordinate	ordinate		
o/ordinate.txt	3	m n	ordinate	ordinate, ordinats		
o/ordinate.txt	4	f n	ordination	ordinâcion -s	AO2 R D AH0 N EY1 SH AH0 N	ˌɔɹdəˈneɪʃən
o/ordinate.txt	5	adj, m n	ordinal	ordenal		
o/ordinate.txt	6	m n	ordinance	ordenance	AO1 R D AH0 N AH0 N S	ˈɔɹdənəns
o/ordinate.txt	7	m n	ordinance	ordnance -s	AO1 R D AH0 N AH0 N S	ˈɔɹdənəns
o/ordinate.txt	7	m n	ordnance	ordnance -s	AO1 R D N AH0 N S	ˈɔɹdnəns
o/occupy.txt	1	v	occupy	to occupae -s -d -yhing	AA1 K Y AH0 P AY2	ˈɑkjəˌpaɪ
o/occupy.txt	2	m n	occupier	occupaior -s	AA1 K Y AH0 P AY2 ER0	ˈɑkjəˌpaɪɚ
o/occupy.txt	4	m n	occupancy	occupancie -is	AA1 K Y AH0 P AH0 N S IY0	ˈɑkjəpənsi
o/occupy.txt	5	f n	occupation	occupâcion -s	AA2 K Y AH0 P EY1 SH AH0 N	ˌɑkjəˈpeɪʃən
o/occupy.txt	6	adj, f n	occupational	occupâcional -s	AA0 K Y AH0 P EY1 SH AH0 N AH0 L	ɑkjəˈpeɪʃənəl
o/overthrow.txt	1	irv	overthrow	to overþroe -s overþreu overþreon overþrouing	OW1 V ER0 TH R OW2	ˈoʊvɚˌθɹoʊ
o/overthrow.txt	2	f n	overthrow	overþro, overþros	OW1 V ER0 TH R OW2	ˈoʊvɚˌθɹoʊ
o/object.txt	2	v	object	to objecte objecs -d -ing	AA1 B JH EH0 K T	ˈɑbdʒɛkt
o/object.txt	2	v	object	to objecte objecs -d -ing	AH0 B JH EH1 K T	əbˈdʒɛkt
o/object.txt	3	adj	objectionable	objeccionable	AH0 B JH EH1 K SH AH0 N AH0 B AH0 L	əbˈdʒɛkʃənəbəl
o/object.txt	4	v	objectify	to objectifae -s -d objectifyhing		
o/object.txt	5	f n	objectification	objectificâcion -s		
o/object.txt	6	adj	objective	objectif	AH0 B JH EH1 K T IH0 V	əbˈdʒɛktɪv
o/object.txt	7	f n	objective	objectif -s	AH0 B JH EH1 K T IH0 V	əbˈdʒɛktɪv
o/object.txt	8	f n	objection	objeccion -s	AH0 B JH EH1 K SH AH0 N	əbˈdʒɛkʃən
o/object.txt	9	f n	objectivity	objectivitie -is	AA2 B JH EH0 K T IH1 V IH0 T IY0	ˌɑbdʒɛkˈtɪvɪti
o/object.txt	10	f n	objectivism	objectivism		
o/object.txt	11	v	objectivize	to objectivyse -s -d -ing		
o/offer.txt	1	v	offer	to offir offre(s offred offiring	AO1 F ER0	ˈɔfɚ
o/offer.txt	2	m n	offer	offre, offirs	AO1 F ER0	ˈɔfɚ
o/offer.txt	3	m n	offertory	offertorie, offertoris		
o/order.txt	1	m n	order	ordre, ordirs	AO1 R D ER0	ˈɔɹdɚ
o/order.txt	2	v	order	to ordir ordre(s ordred ordiring	AO1 R D ER0	ˈɔɹdɚ
o/order.txt	3	adv, adj	orderly	ordirly	AO1 R D ER0 L IY0	ˈɔɹdɚli
o/oven.txt	1	m n	oven	oven -s	AH1 V AH0 N	ˈʌvən
o/onion.txt	1	m n	onion	oñone, oñons	AH1 N Y AH0 N	ˈʌnjən
o/one.txt	1	adj, pron, m n	one	uan	W AH1 N	ˈwʌn
o/one.txt	2	adv	once	uance	W AH1 N S	ˈwʌns
o/orc.txt	1	m n	orc	orc, orx		
o/opine.txt	1	v	opine	to opîne -s -d -ing	OW0 P AY1 N	oʊˈpaɪn
o/operate.txt	1	v	operate	to operait -s -ed -ing	AA1 P ER0 EY2 T	ˈɑpɚˌeɪt
o/operate.txt	1	v	operate	to operait -s -ed -ing	AO1 P ER0 EY2 T	ˈɔpɚˌeɪt
o/operate.txt	2	f n	operation	operâcion -s -al	AA2 P ER0 EY1 SH AH0 N	ˌɑpɚˈeɪʃən
o/operate.txt	4	adj	operative	operaitif -vly	AA1 P ER0 AH0 T IH0 V	ˈɑpɚətɪv
o/operate.txt	5	m n	operative	operatif -s	AA1 P ER0 AH0 T IH0 V	ˈɑpɚətɪv
o/open.txt	1	v	open	to opene -s -d -ing	OW1 P AH0 N	ˈoʊpən
o/outside.txt	1	prep	outside	autsîde	AW1 T S AY1 D	ˈaʊtˈsaɪd
o/oppose.txt	1	v	oppose	to oppose -s -d -ing	AH0 P OW1 Z	əˈpoʊz
o/oppose.txt	2	adj	opposable	oppósable		
o/oppose.txt	3	adj, f n	opponent	opponent -s	AH0 P OW1 N AH0 N T	əˈpoʊnənt
o/oppose.txt	5	f n	opposition	opposicion -s -al	AA2 P AH0 Z IH1 SH AH0 N	ˌɑpəˈzɪʃən
o/oppose.txt	6	adj	opposition	opposicional	AA2 P AH0 Z IH1 SH AH0 N	ˌɑpəˈzɪʃən
o/owe.txt	1	v	owe	to oaue -s -d oauing	OW1	ˈoʊ
o/ordinary.txt	1	adj, m n	ordinary	ordinairy, ordinârily; ordinarie	AO1 R D AH0 N EH2 R IY0	ˈɔɹdəˌnɛɹi
o/occasion.txt	1	f n	occasion	occâsion -s	AH0 K EY1 ZH AH0 N	əˈkeɪʒən
o/occasion.txt	2	v	occasion	to occâsione -s -d -ing	AH0 K EY1 ZH AH0 N	əˈkeɪʒən
o/occasion.txt	3	adj	occasional	occâsional -ly	AH0 K EY1 ZH AH0 N AH0 L	əˈkeɪʒənəl
o/occur.txt	1	v	occur	to occoure -s -d -ing	AH0 K ER1	əˈkɝ
o/offend.txt	1	v	offend	to offende -s -d -ing	AH0 F EH1 N D	əˈfɛnd
o/offend.txt	2	f n	offender	offender -s	AH0 F EH1 N D ER0	əˈfɛndɚ
o/offend.txt	3	f n	offense	offense -s	AH0 F EH1 N S	əˈfɛns
o/offend.txt	4	m n	offense	offense -s	AH0 F EH1 N S	əˈfɛns
o/offend.txt	5	adj	offensive	offensif	AH0 F EH1 N S IH0 V	əˈfɛnsɪv
o/offend.txt	6	f n	offensive	offensif -s	AH0 F EH1 N S IH0 V	əˈfɛnsɪv
o/observe.txt	1	v	observe	to obsêve -s -d -ing	AH0 B Z ER1 V	əbˈzɝv
o/observe.txt	2	f n	observation	observâcion -s	AA2 B Z ER0 V EY1 SH AH0 N	ˌɑbzɚˈveɪʃən
o/observe.txt	5	f n, adj	observable	obsêvable -abils	AH0 B Z ER1 V AH0 B AH0 L	əbˈzɝvəbəl
o/observe.txt	6	adj	observative	obsêvatif		
o/ouroboros.txt	1	f n	ouroboros	ourobóros		
o/oil.txt	1	m n	oil	euile, euyels	OY1 L	ˈɔɪl
o/oil.txt	2	v	oil	to euile -s -d -ing	OY1 L	ˈɔɪl
o/ordain.txt	1	v	ordain	to ordeine -s -d -ing	AO0 R D EY1 N	ɔɹˈdeɪn
o/ordain.txt	2	f n	ordainment	ordéinment -s		
o/oneiric.txt	1	adj	oneiric	onîric		
o/oar.txt	1	m n	oar	oare, oars	AO1 R	ˈɔɹ
o/oar.txt	2	v	oar	to oare -s -d -ing	AO1 R	ˈɔɹ
o/Oregon.txt	1	m n	Oregon	Orgon	AO1 R AH0 G AH0 N	ˈɔɹəɡən
o/Oregon.txt	1	m n	Oregon	Orgon	AO1 R AH0 G AA2 N	ˈɔɹəˌɡɑn
o/Oregon.txt	2	adj, f n	Oregonian	orgónian	AO2 R AH0 G OW1 N IY0 AH0 N	ˌɔɹəˈɡoʊniən
o/off.txt	1	prep	off	off	AO1 F	ˈɔf
o/oath.txt	1	m n	oath	oaþ -s	OW1 TH	ˈoʊθ
o/onto.txt	1	prep	onto	onto	AA1 N T UW0	ˈɑntu
o/onto.txt	1	prep	onto	onto	AO1 N T UW0	ˈɔntu
o/Ohio.txt	1	f n	Ohio	Ohîo	OW0 HH AY1 OW0	oʊˈhaɪoʊ
o/Ohio.txt	2	adj, f n	Ohioan	ohîoan -s	OW2 HH AY1 OW2 AH0 N	ˌoʊˈhaɪˌoʊən
o/omniscent.txt	1	adj	omniscent	omnisçent		
o/omniscent.txt	2	f n	omniscience	omnisçence		
o/oyster.txt	1	m n	oyster	oistre, oistars	OY1 S T ER0	ˈɔɪstɚ
o/office.txt	1	m n	office	office -s	AO1 F IH0 S	ˈɔfɪs
o/office.txt	2	m n	officer	officer -s	AO1 F AH0 S ER0	ˈɔfəsɚ
o/office.txt	2	m n	officer	officer -s	AO1 F IH0 S ER0	ˈɔfɪsɚ
o/office.txt	3	m n	officeship	officescip -s		
o/office.txt	4	adj, f n	official	official -s -ly	AH0 F IH1 SH AH0 L	əˈfɪʃəl
o/office.txt	5	f n	officialdom	officialdom	AH0 F IH1 SH AH0 L D AH0 M	əˈfɪʃəldəm
o/office.txt	6	f n	officialese	officialise		
o/office.txt	7	f n	officiant	offiçiant -s		
o/office.txt	8	v	officiate	to offiçiait -s -ed -ing	AH0 F IH1 SH IY0 EY2 T	əˈfɪʃiˌeɪt
o/office.txt	9	f n	officiation	offiçiâcion -s		
o/office.txt	11	adj	officious	officeus -ly		
o/Oklahoma.txt	1	f n	Oklahoma	Oclahóma	OW2 K L AH0 HH OW1 M AH0	ˌoʊkləˈhoʊmə
o/Oklahoma.txt	2	adj, f n, m n	oklahoman	oclahóman, óchie	OW2 K L AH0 HH OW1 M AH0 N	ˌoʊkləˈhoʊmən
o/Oklahoma.txt	2	adj, f n, m n	okie	oclahóman, óchie	OW1 K IY0	ˈoʊki
o/oink.txt	1	m n	oink	to oinque oinc(s -d -ing		
o/oink.txt	2	m n	oink	oinc -s		
o/organ.txt	1	m n	organ	organ -s	AO1 R G AH0 N	ˈɔɹɡən
o/organ.txt	2	adj	organic	organic -ly	AO0 R G AE1 N IH0 K	ɔɹˈɡænɪk
o/organ.txt	3	m n	organism	organism -s	AO1 R G AH0 N IH2 Z AH0 M	ˈɔɹɡəˌnɪzəm
o/organ.txt	4	v	organize	to organyse -s -d -ing	AO1 R G AH0 N AY2 Z	ˈɔɹɡəˌnaɪz
o/organ.txt	5	f n	organization	organisâcion -s	AO2 R G AH0 N AH0 Z EY1 SH AH0 N	ˌɔɹɡənəˈzeɪʃən
o/other.txt	2	adv, adj	otherwise	oþreuîs	AH1 DH ER0 W AY2 Z	ˈʌðɚˌwaɪz
o/other.txt	3	pron, adv	an + other	anoþre		
o/other.txt	3	pron, adv	another	anoþre	AH0 N AH1 DH ER0	əˈnʌðɚ
o/overstrain.txt	1	v	overstrain	to overstraine -s -d -ing		
o/obtain.txt	1	v	obtain	to obteine -s -d -ing	AH0 B T EY1 N	əbˈteɪn
o/obtain.txt	2	adj	obtainable	obtéinable	AH0 B T EY1 N AH0 B AH0 L	əbˈteɪnəbəl
o/obtain.txt	3	f n	obtainment	obtéinment		
o/own.txt	1	adj	own	oan	OW1 N	ˈoʊn
o/own.txt	2	v	own	to oane -s -d -ing	OW1 N	ˈoʊn
o/oust.txt	1	v	oust	to ôuste -s -d -ing	AW1 S T	ˈaʊst
o/oust.txt	2	m n	oust	ôuste, ôusts	AW1 S T	ˈaʊst
o/ordeal.txt	1	f n	ordeal	ordiele, ordiels	AO0 R D IY1 L	ɔɹˈdil
h/heresy.txt	1	m n	heresy	heresie -is	HH EH1 R AH0 S IY0	ˈhɛɹəsi
h/heresy.txt	2	m n, adj	heretic	hèretic -s	HH EH1 R AH0 T IH0 K	ˈhɛɹətɪk
h/heresy.txt	4	f n	heresiarch	herísiarc -s		
h/hake.txt	1	m n	hake	haic, haix	HH EY1 K	ˈheɪk
h/house.txt	1	m n	house	hause -s	HH AW1 S	ˈhaʊs
h/house.txt	2	v	house	to hause -s -d -ing	HH AW1 S	ˈhaʊs
h/Hungary.txt	1	m n	Hungary	Hongarie	HH AH1 NG G ER0 IY0	ˈhʌŋɡɚi
h/Hungary.txt	2	f n	Hungarian	Hongârian	HH AH0 NG G EH1 R IY0 AH0 N	həŋˈɡɛɹiən
h/Hungary.txt	3	adj, f n	Hungarian	hongârian -s	HH AH0 NG G EH1 R IY0 AH0 N	həŋˈɡɛɹiən
h/hi.txt	1	interj	hi	hî	HH AY1	ˈhaɪ
h/hi.txt	2	interj	hey	hey	HH EY1	ˈheɪ
h/hieroglyph.txt	1	m n	hieroglyph	hîroglyph -s	HH AY2 R OW0 G L IH1 F	ˌhaɪɹoʊˈɡlɪf
h/hieroglyph.txt	2	adj	hieroglyphic	hîroglyphic	HH AY2 R OW0 G L IH1 F IH0 K	ˌhaɪɹoʊˈɡlɪfɪk
h/hieroglyph.txt	3	f n	hieroglyphics	hîroglyphics	HH AY2 R OW0 G L IH1 F IH0 K S	ˌhaɪɹoʊˈɡlɪfɪks
h/heat.txt	1	m n	heat	hiete	HH IY1 T	ˈhit
h/heat.txt	2	v	heat	to hiete -s -d -ing	HH IY1 T	ˈhit
h/how.txt	1	adv	how	hôe	HH AW1	ˈhaʊ
h/have.txt	1	aux, irv	have	to have, has, had, having, haven't, hasn't, hadn't	HH AE1 V	ˈhæv
h/have.txt	1	aux, irv	has	to have, has, had, having, haven't, hasn't, hadn't	HH AE1 Z	ˈhæz
h/have.txt	1	aux, irv	has	to have, has, had, having, haven't, hasn't, hadn't	HH AH0 Z	həz
h/have.txt	1	aux, irv	had	to have, has, had, having, haven't, hasn't, hadn't	HH AE1 D	ˈhæd
h/have.txt	1	aux, irv	having	to have, has, had, having, haven't, hasn't, hadn't	HH AE1 V IH0 NG	ˈhævɪŋ
h/have.txt	1	aux, irv	haven't	to have, has, had, having, haven't, hasn't, hadn't	HH AE1 V AH0 N T	ˈhævənt
h/have.txt	1	aux, irv	haven't	to have, has, had, having, haven't, hasn't, hadn't	HH AE1 V AH0 N	ˈhævən
h/have.txt	1	aux, irv	hasn't	to have, has, had, having, haven't, hasn't, hadn't	HH AE1 Z AH0 N T	ˈhæzənt
h/have.txt	1	aux, irv	hadn't	to have, has, had, having, haven't, hasn't, hadn't	HH AE1 D AH0 N T	ˈhædənt
h/have.txt	1	aux, irv	hadn't	to have, has, had, having, haven't, hasn't, hadn't	HH AE1 D AH0 N	ˈhædən
h/heaven.txt	1	m n	heaven	hevon -s -ly	HH EH1 V AH0 N	ˈhɛvən
h/history.txt	1	m n	history	historie -is	HH IH1 S T ER0 IY0	ˈhɪstɚi
h/history.txt	1	m n	history	historie -is	HH IH1 S T R IY0	ˈhɪstɹi
h/history.txt	2	adj	historic	históric	HH IH0 S T AO1 R IH0 K	hɪˈstɔɹɪk
h/history.txt	3	adj	historical	histórical	HH IH0 S T AO1 R IH0 K AH0 L	hɪˈstɔɹɪkəl
h/history.txt	4	adv	historically	históricly	HH IH0 S T AO1 R IH0 K AH0 L IY0	hɪˈstɔɹɪkəli
h/history.txt	4	adv	historically	históricly	HH IH0 S T AO1 R IH0 K L IY0	hɪˈstɔɹɪkli
h/history.txt	5	f n	historian	histórian -s	HH IH0 S T AO1 R IY0 AH0 N	hɪˈstɔɹiən
h/history.txt	6	f n	historicism	históricism -s		
h/history.txt	7	f n	historicity	historicitie -is		
h/hyperspace.txt	1	m n	hyperspace	hyprespâce -s	HH AY2 P ER0 S P EY1 S	ˌhaɪpɚˈspeɪs
h/hello.txt	1	interj	hello	hello	HH AH0 L OW1	həˈloʊ
h/hello.txt	1	interj	hello	hello	HH EH0 L OW1	hɛˈloʊ
h/hegemon.txt	1	m n	hegemon	hegemone, hegemons		
h/hegemon.txt	2	m n	hegemony	hegemonie, hegemonis	HH IY0 JH EH1 M AH0 N IY0	hiˈdʒɛməni
h/hegemon.txt	3	adj	hegemonic	hegemonic	HH EH2 G AH0 M AA1 N IH0 K	ˌhɛɡəˈmɑnɪk
h/hurl.txt	1	v	hurl	to hurele -s -d -ing	HH ER1 L	ˈhɝl
h/heir.txt	1	adj	hereditary	herèditairy	HH ER0 EH1 D AH0 T EH2 R IY0	hɚˈɛdəˌtɛɹi
h/heir.txt	2	adv	hereditarily	hereditârily		
h/heir.txt	3	f n	heredity	herèdetie -is	HH ER0 EH1 D AH0 T IY0	hɚˈɛdəti
h/heir.txt	4	m n	heritage	heritage -s	HH EH1 R AH0 T AH0 JH	ˈhɛɹətədʒ
h/heir.txt	4	m n	heritage	heritage -s	HH EH1 R IH0 T IH0 JH	ˈhɛɹɪtɪdʒ
h/heir.txt	6	f n	hereditism	herèditism		
h/hush.txt	1	v	hush	to hosce -s -d -ing	HH AH1 SH	ˈhʌʃ
h/hush.txt	2	m n	hush	hosce	HH AH1 SH	ˈhʌʃ
h/hoove.txt	1	m n	hoove	houve -s		
h/husbandry.txt	1	m n	husbandry	husbandrie -is	HH AH1 Z B AH0 N D R IY0	ˈhʌzbəndɹi
h/horrify.txt	1	v	horrify	to horrifae -s -d horrifyhing	HH AO1 R AH0 F AY2	ˈhɔɹəˌfaɪ
h/horrify.txt	2	adj	horrendous	horrèndus -ly	HH AO2 R EH1 N D AH0 S	ˌhɔˈɹɛndəs
h/horrify.txt	5	adj	horrific	horrific -ly	HH AO0 R IH1 F IH0 K	hɔˈɹɪfɪk
h/hazel.txt	1	m n	hazel	hâsele, hâsils	HH EY1 Z AH0 L	ˈheɪzəl
h/hazel.txt	2	adj	hazel	hâsil	HH EY1 Z AH0 L	ˈheɪzəl
h/hazel.txt	3	m n	hazelnut	hâsil hnote, hâsil hnots	HH EY1 Z AH0 L N AH2 T	ˈheɪzəlˌnʌt
h/halo.txt	1	m n	halo	hâlo -s	HH EY1 L OW0	ˈheɪloʊ
h/helicopter.txt	1	m n	helicopter	helicoptre, helicoptors	HH EH1 L IH0 K AA2 P T ER0	ˈhɛlɪˌkɑptɚ
h/helicopter.txt	2	m n	helipad	helipade, helipads		
h/helicopter.txt	3	m n	heliport	heliporte, heliports		
h/host.txt	1	v	host	to hóste -s -d -ing	HH OW1 S T	ˈhoʊst
h/host.txt	2	m n	host	hóste, hósts	HH OW1 S T	ˈhoʊst
h/host.txt	5	f n	hotel	hotèle, hotèls	HH OW0 T EH1 L	hoʊˈtɛl
h/Hawaii.txt	1	f n	Hawaii	Hauáyi, Hauáï	HH AH0 W AY1 IY2	həˈwaɪˌi
h/Hawaii.txt	2	adj, f n	Hawaiian	hauáyan -s	HH AH0 W AY1 AH0 N	həˈwaɪən
h/halt.txt	1	m n	halt	halte, halts	HH AO1 L T	ˈhɔlt
h/halt.txt	2	v	halt	to halte -s -d -ing	HH AO1 L T	ˈhɔlt
h/halt.txt	3	adj	halting	halting	HH AO1 L T IH0 NG	ˈhɔltɪŋ
h/hard.txt	2	v	harden	to hardene -s -d -ing	HH AA1 R D AH0 N	ˈhɑɹdən
h/helix.txt	1	m n	helix	hielix, hielicis	HH IY1 L IH0 K S	ˈhilɪks
h/helix.txt	2	adj	helical	hielical	HH EH1 L IH0 K AH0 L	ˈhɛlɪkəl
h/ham.txt	1	m n	ham	hame, hams	HH AE1 M	ˈhæm
h/ham.txt	2	m n	hamstring	hamstring -s	HH AE1 M S T R IH2 NG	ˈhæmˌstɹɪŋ
h/ham.txt	3	v	hamstring	to hamstringue hamstring(s -d to hamstringuing	HH AE1 M S T R IH2 NG	ˈhæmˌstɹɪŋ
h/humor.txt	2	v	humor	to húmore -s -d -ing	HH Y UW1 M ER0	ˈhjumɚ
h/humor.txt	3	adj	humorous	húmorus	HH Y UW1 M ER0 AH0 S	ˈhjumɚəs
h/hitch.txt	1	v	hitch	to hic̃e -s -d -ing	HH IH1 CH	ˈhɪtʃ
h/hitch.txt	2	m n	hitch	hic̃e -s	HH IH1 CH	ˈhɪtʃ
h/hermit.txt	1	m n	hermit	hêmite, hêmits	HH ER1 M AH0 T	ˈhɝmət
h/hermit.txt	2	m n	hermitage	hêmitage	HH ER1 M AH0 T AH0 JH	ˈhɝmətədʒ
h/hermit.txt	3	m n	eremite	èremoit -s		
h/hone.txt	1	v	hone	to hone -s -d -ing	HH OW1 N	ˈhoʊn
h/heave.txt	1	v	heave	to hieve -s -d -ing	HH IY1 V	ˈhiv
h/hue.txt	1	m n	hue	hue, huis	HH Y UW1	ˈhju
h/hit.txt	1	irv	hit	to hitte hit(s hit -ing	HH IH1 T	ˈhɪt
h/hit.txt	2	m n	hit	hitte, hits	HH IH1 T	ˈhɪt
h/henotheism.txt	1	f n	henotheism	henoþÿism -s		
h/henotheism.txt	2	f n	henotheist	henoþÿist -s		
h/henotheism.txt	3	adj	henotheistic	henoþyistic		
h/hurt.txt	1	irv	hurt	to hurte -s hurt -ing	HH ER1 T	ˈhɝt
h/hurt.txt	2	adj	hurt	hurt	HH ER1 T	ˈhɝt
h/hurt.txt	3	m n	hurt	hurte	HH ER1 T	ˈhɝt
h/help.txt	1	v	help	to helpe -s -d -ing	HH EH1 L P	ˈhɛlp
h/help.txt	2	m n	help	helpe	HH EH1 L P	ˈhɛlp
h/howl.txt	1	v	howl	to hôle -s -d -ing	HH AW1 L	ˈhaʊl
h/howl.txt	2	m n	howl	hôle, hôels	HH AW1 L	ˈhaʊl
h/hog.txt	2	v	hog	to hogue hog(s -d -ing	HH AA1 G	ˈhɑɡ
h/heart.txt	1	m n	heart	harte, harts	HH AA1 R T	ˈhɑɹt
h/heart.txt	2	adj	hearty	harty	HH AA1 R T IY0	ˈhɑɹti
h/hike.txt	1	v	hyke	to hîc -s hîched hîching		
h/hike.txt	1	v	hike	to hîc -s hîched hîching	HH AY1 K	ˈhaɪk
h/hike.txt	2	m n	hike	hîc, hîx	HH AY1 K	ˈhaɪk
h/hearse.txt	1	m n	hearse	herce -s	HH ER1 S	ˈhɝs
h/herring.txt	1	m n	herring	herring -s	HH EH1 R IH0 NG	ˈhɛɹɪŋ
h/hesitate.txt	1	v	hesitate	to hesitait -s -ed -ing	HH EH1 Z AH0 T EY2 T	ˈhɛzəˌteɪt
h/hesitate.txt	2	f n	hesitation	hesitâcion -s	HH EH2 Z AH0 T EY1 SH AH0 N	ˌhɛzəˈteɪʃən
h/hesitate.txt	3	m n	hesitancy	hesitancie	HH EH1 Z IH0 T AH0 N S IY0	ˈhɛzɪtənsi
h/hesitate.txt	4	adj	hesitant	hesitant -ly	HH EH1 Z IH0 T AH0 N T	ˈhɛzɪtənt
h/hide.txt	1	irv	hide	to hîde -s hid hidan -ing	HH AY1 D	ˈhaɪd
h/hide.txt	2	m n	hide	hîde, hîds	HH AY1 D	ˈhaɪd
h/honey.txt	1	m n	honey	honie, honis	HH AH1 N IY0	ˈhʌni
h/honey.txt	2	v	honey	to honie -s -d honying	HH AH1 N IY0	ˈhʌni
h/herd.txt	1	m n	herd	hêde, hêds	HH ER1 D	ˈhɝd
h/herd.txt	2	v	herd	to hêde -s -d -ing	HH ER1 D	ˈhɝd
h/hail.txt	2	v	hail	to haile -s -d -ing	HH EY1 L	ˈheɪl
h/hail.txt	3	interj, m n	hail	heile, heils	HH EY1 L	ˈheɪl
h/hail.txt	4	v	hail	to heile -s -d -ing	HH EY1 L	ˈheɪl
h/haff.txt	1	m n	haff	haffe, haffs	HH AE1 F	ˈhæf
h/halloo.txt	1	v	halloo	to haloue -s -d -ing		
h/halloo.txt	2	f n	halloo	haloue, halous		
h/horse.txt	1	m n	horse	horse -s	HH AO1 R S	ˈhɔɹs
h/hierophant.txt	1	m n	hierophant	hîrofant -s		
h/hierophant.txt	2	adj	hierophantic	hîrofantic		
h/hierophant.txt	3	f n	hierophobia	hîrophobia -s		
h/heather.txt	1	m n	heather	haiþre, haiþirs	HH EH1 DH ER0	ˈhɛðɚ
h/hurry.txt	1	v	harry	to hêrie -s -d hêrying	HH EH1 R IY0	ˈhɛɹi
h/hurry.txt	1	v	hurry	to hêrie -s -d hêrying	HH ER1 IY0	ˈhɝi
h/hurry.txt	2	m n	hurry	hêrie, hêris	HH ER1 IY0	ˈhɝi
h/hero.txt	1	m n	hero	híro -s	HH IH1 R OW0	ˈhɪɹoʊ
h/hero.txt	1	m n	hero	híro -s	HH IY1 R OW0	ˈhiɹoʊ
h/hero.txt	2	adj, f n	heroic	hirouic -ly -ness	HH IH0 R OW1 IH0 K	hɪˈɹoʊɪk
h/hero.txt	3	m n	heroin	herouin	HH EH1 R OW0 AH0 N	ˈhɛɹoʊən
h/hero.txt	4	m n	heroine	hírouin -s	HH EH1 R OW0 AH0 N	ˈhɛɹoʊən
h/hero.txt	5	m n	heroism	hírouism -s	HH EH1 R OW0 IH2 Z AH0 M	ˈhɛɹoʊˌɪzəm
h/haze.txt	1	adj	hazy	hâsy -iar -iest -ily -iness	HH EY1 Z IY0	ˈheɪzi
h/haze.txt	2	m n	haze	hâse	HH EY1 Z	ˈheɪz
h/haze.txt	3	v	haze	to hâse -s -d -ing	HH EY1 Z	ˈheɪz
h/hurricane.txt	1	m n	hurricane	huracain -s	HH ER1 AH0 K EY2 N	ˈhɝəˌkeɪn
h/hurricane.txt	1	m n	hurricane	huracain -s	HH AH1 R AH0 K EY2 N Z	ˈhʌɹəˌkeɪnz
h/hope.txt	1	v	hope	to hope -s -d -ing	HH OW1 P	ˈhoʊp
h/harbor.txt	1	m n	harbor	harbre, harbors	HH AA1 R B ER0	ˈhɑɹbɚ
h/harbor.txt	2	v	harbor	to harber harbre(s harbred harbering	HH AA1 R B ER0	ˈhɑɹbɚ
h/hear.txt	1	irv	hear	to hyre -s hird hyring	HH IY1 R	ˈhiɹ
h/habit.txt	1	m n	habit	habit -s	HH AE1 B AH0 T	ˈhæbət
h/habit.txt	2	adj	habitual	habițual	HH AH0 B IH1 CH UW0 AH0 L	həˈbɪtʃuəl
h/habit.txt	3	v	habituate	to habițuait -s -ed -ing		
h/habit.txt	4	v	habitate	to habitait -s -ed -ing		
h/habit.txt	5	m n	habitat	habitate, habitats	HH AE1 B AH0 T AE2 T	ˈhæbəˌtæt
h/habit.txt	6	f n	habitation	habitâcion -s	HH AE2 B AH0 T EY1 SH AH0 N	ˌhæbəˈteɪʃən
h/here.txt	1	adv	here	hiere	HH IY1 R	ˈhiɹ
h/hood.txt	2	v	hood	to hôde -s -d -ing	HH UH1 D	ˈhʊd
h/hood.txt	3	m n	hoodlum	hôdlom -s	HH UH1 D L AH0 M	ˈhʊdləm
h/hood.txt	4	suffix	-hood	-hud	HH UH1 D	ˈhʊd
h/hexagon.txt	1	m n	hexagon	hèxagone, hèxagons	HH EH1 K S AH0 G AA2 N	ˈhɛksəˌɡɑn
h/hexagon.txt	2	adj	hexagonal	hexagonal	HH EH0 K S AE1 G AH0 N AH0 L	hɛkˈsæɡənəl
h/heavy.txt	1	adj	heavy	haivy -ily -iness	HH EH1 V IY0	ˈhɛvi
h/happen.txt	1	v	happen	to hapene -s -d -ing	HH AE1 P AH0 N	ˈhæpən
h/hazard.txt	1	m n	hazard	hàsarde, hàsards	HH AE1 Z ER0 D	ˈhæzɚd
h/hazard.txt	2	v	hazard	to hàsarde -s -d -ing	HH AE1 Z ER0 D	ˈhæzɚd
h/hazard.txt	3	adj	hazardous	hàsardeus	HH AE1 Z ER0 D AH0 S	ˈhæzɚdəs
h/hazard.txt	4	adj	haphazard	haphàsard -ly	HH AE0 P HH AE1 Z ER0 D	hæpˈhæzɚd
h/hazard.txt	5	f n	haphazard	haphàsarde, haphàsards	HH AE0 P HH AE1 Z ER0 D	hæpˈhæzɚd
h/hover.txt	1	v	hover	to hovir hovre(s hovred hoviring	HH AH1 V ER0	ˈhʌvɚ
h/home.txt	1	m n	home	hoame, hoams	HH OW1 M	ˈhoʊm
h/home.txt	2	adj	homely	hoamly	HH OW1 M L IY0	ˈhoʊmli
h/home.txt	3	v	home	to hoame -s -d -ing	HH OW1 M	ˈhoʊm
h/heap.txt	1	m n	heap	hiepe, hieps	HH IY1 P	ˈhip
h/heap.txt	2	v	heap	to hiepe -s -d -ing	HH IY1 P	ˈhip
h/hive.txt	2	v	hive	to hîve -s -d -ing	HH AY1 V	ˈhaɪv
h/hovel.txt	1	m n	hovel	hovele, hovels	HH AH1 V AH0 L	ˈhʌvəl
h/hunch.txt	1	m n	hunch	honc̃e -s	HH AH1 N CH	ˈhʌntʃ
h/hunch.txt	2	v	hunch	to honc̃e -s -d -ing	HH AH1 N CH	ˈhʌntʃ
h/heuristic.txt	1	adj, f n	heuristic	heuristic -s	HH Y UH0 R IH1 S T IH0 K	hjʊˈɹɪstɪk
h/honest.txt	1	adj	honest	onnest -ly	AA1 N AH0 S T	ˈɑnəst
h/honest.txt	2	m n	honesty	onnestie -is	AA1 N AH0 S T IY0	ˈɑnəsti
h/haughty.txt	1	adj	haughty	hauty	HH AO1 T IY0	ˈhɔti
h/haughty.txt	2	m n	haughtiness	hautiness		
h/haughty.txt	3	f n	hauteur	hauteur -s		
h/hypnosis.txt	1	f n	hypnosis	hipnósis, hipnósies	HH IH0 P N OW1 S AH0 S	hɪpˈnoʊsəs
h/hypnosis.txt	1	f n	hypnoses	hipnósis, hipnósies		
h/hypnosis.txt	2	m n	hypnotist	hipnotist -s	HH IH1 P N AH0 T IH0 S T	ˈhɪpnətɪst
h/hypnosis.txt	3	v	hypnotize	to hipnotyse -s -d -ing	HH IH1 P N AH0 T AY2 Z	ˈhɪpnəˌtaɪz
h/hypnosis.txt	4	adj	hypnotizable	hipnotîsable		
h/hypnosis.txt	5	f n	hypnotization	hipnotisâcion -s		
h/hypnosis.txt	6	m n	hypnotism	hipnotism	HH IH1 P N AH0 T IH2 Z AH0 M	ˈhɪpnəˌtɪzəm
h/hypnosis.txt	7	adj, f n	hypnotic	hipnotic -s -ly	HH IH0 P N AA1 T IH0 K	hɪpˈnɑtɪk
h/hack.txt	1	v	hack	to hac -s hached haching	HH AE1 K	ˈhæk
h/herb.txt	1	m n	herb	erbe, erbs	ER1 B	ˈɝb
h/herb.txt	1	m n	herb	erbe, erbs	HH ER1 B	ˈhɝb
h/herb.txt	2	m n	herbage	erbage -s		
h/herb.txt	3	adj	herbal	erbal	ER1 B AH0 L	ˈɝbəl
h/herb.txt	3	adj	herbal	erbal	HH ER1 B AH0 L	ˈhɝbəl
h/herb.txt	4	m n	herbalist	erbalist -s	ER1 B AH0 L AH0 S T	ˈɝbələst
h/herb.txt	4	m n	herbalist	erbalist -s	HH ER1 B AH0 L AH0 S T	ˈhɝbələst
h/herb.txt	6	m n	herbicide	erbicîd -s	HH ER1 B IH0 S AY2 D	ˈhɝbɪˌsaɪd
h/herb.txt	6	m n	herbicide	erbicîd -s	ER1 B IH0 S AY2 D	ˈɝbɪˌsaɪd
h/herb.txt	7	adj	herbicidal	erbicîdal -ly		
h/herb.txt	9	adj	herbivorous	erbivreus -ly	HH ER0 B IH1 V ER0 AH0 S	hɚˈbɪvɚəs
h/herb.txt	9	adj	herbivorous	erbivreus -ly	ER0 B IH1 V ER0 AH0 S	ɚˈbɪvɚəs
h/herb.txt	10	f n	herbivory	erbivrie -is		
h/hold.txt	1	irv	hold	to hoalde -s haild -ing	HH OW1 L D	ˈhoʊld
h/hold.txt	2	m n	hold	hoalde, hoalds	HH OW1 L D	ˈhoʊld
h/harmony.txt	1	m n	harmony	harmonie, harmonis	HH AA1 R M AH0 N IY0	ˈhɑɹməni
h/harmony.txt	2	adj	harmonious	harmónieus	HH AA0 R M OW1 N IY0 AH0 S	hɑɹˈmoʊniəs
h/harmony.txt	3	adj	harmonic	harmonic -ly	HH AA0 R M AA1 N IH0 K	hɑɹˈmɑnɪk
h/harmony.txt	4	f n	harmonica	harmonica -s	HH AA0 R M AA1 N IH0 K AH0	hɑɹˈmɑnɪkə
h/homosexual.txt	1	adj, f n	homosexual	homosex̦ual -s	HH OW2 M OW0 S EH1 K SH AH2 W AH0 L	ˌhoʊmoʊˈsɛkˌʃʌwəl
h/homosexual.txt	2	f n	homosexuality	homosex̦ualetie -is	HH OW2 M OW0 S EH2 K SH UW0 AE1 L AH0 T IY2	ˌhoʊmoʊˌsɛkʃuˈæləˌti
h/happy.txt	1	adj	happy	happy -iar -iest -ily	HH AE1 P IY0	ˈhæpi
h/honor.txt	2	v	honor	to onnore -s -d -ing	AA1 N ER0	ˈɑnɚ
h/honor.txt	4	adj, f n	honorific	onnorific -s -ly	AA2 N ER0 IH1 F IH0 K	ˌɑnɚˈɪfɪk
h/honor.txt	5	adj	honorary	onnorairy	AA1 N ER0 EH2 R IY0	ˈɑnɚˌɛɹi
h/honor.txt	6	m n	honorary	onnorarie -is	AA1 N ER0 EH2 R IY0	ˈɑnɚˌɛɹi
h/honor.txt	7	f n	honoree	onnoríe, onnorís	AA0 N ER0 IY1	ɑnɚˈi
h/honor.txt	8	f n	honorarium	onnorâriom -s	AA2 N ER0 EH1 R IY0 AH0 M	ˌɑnɚˈɛɹiəm
h/hook.txt	1	m n	hook	hôc, heox	HH UH1 K	ˈhʊk
h/hook.txt	2	v	hook	to hôc -s hôched hôching	HH UH1 K	ˈhʊk
h/heed.txt	1	v	heed	to hiede -s -d -ing	HH IY1 D	ˈhid
h/heed.txt	2	m n	heed	hiede, hieds	HH IY1 D	ˈhid
h/heft.txt	1	v	heft	to hefte -s -d -ing	HH EH1 F T	ˈhɛft
h/heft.txt	2	m n	heft	hefte, hefts	HH EH1 F T	ˈhɛft
h/hernia.txt	1	m n	hernia	hênia -s	HH ER1 N IY0 AH0	ˈhɝniə
h/hernia.txt	2	v	herniate	to hêniait -s -ed -ing	HH ER1 N IY0 EY2 T	ˈhɝniˌeɪt
h/hour.txt	1	m n	hour	ôare, ôars	AW1 ER0	ˈaʊɚ
h/hour.txt	1	m n	hour	ôare, ôars	AW1 R	ˈaʊɹ
h/hour.txt	2	adj, adv	hourly	ôarly	AW1 R L IY0	ˈaʊɹli
h/hoarse.txt	1	adj	hoarse	hoarse -ar -st	HH AO1 R S	ˈhɔɹs
h/hyena.txt	1	f n	hyena	hyiena -s	HH AY0 IY1 N AH0	haɪˈinə
h/havoc.txt	1	m n	havoc	havoc	HH AE1 V AH0 K	ˈhævək
h/hash.txt	1	v	hash	to hasce -s -d -ing	HH AE1 SH	ˈhæʃ
h/hash.txt	2	m n	hash	hasce	HH AE1 SH	ˈhæʃ
h/heron.txt	1	m n	heron	hèrone, hèrons	HH EH1 R AH0 N	ˈhɛɹən
h/husband.txt	1	m n	husband	husband -s	HH AH1 Z B AH0 N D	ˈhʌzbənd
h/hare.txt	1	m n	hare	hâre, hârs	HH EH1 R	ˈhɛɹ
h/hyperbole.txt	3	adj	hyperbolic	hyperbolic -ly	HH AY2 P ER0 B AA1 L IH0 K	ˌhaɪpɚˈbɑlɪk
h/hunger.txt	2	v	hunger	to hongre -s -d hongaring	HH AH1 NG G ER0	ˈhʌŋɡɚ
h/hunger.txt	3	adj	hungry	hongry -ily	HH AH1 NG G R IY0	ˈhʌŋɡɹi
h/heel.txt	1	m n	heel	hiele, hiels	HH IY1 L	ˈhil
h/heel.txt	2	v	heel	to hiele -s -d -ing	HH IY1 L	ˈhil
h/hate.txt	2	v	hate	to haite -s -d -ing	HH EY1 T	ˈheɪt
h/half.txt	1	m n	half	hafe, hafs	HH AE1 F	ˈhæf
h/half.txt	2	v	halve	to hàve -s -d -ing	HH AE1 V	ˈhæv
h/half.txt	3	f n	behalf	behafe	B IH0 HH AE1 F	bɪˈhæf
h/half.txt	4	m n	halfling	hafling -s		
h/half.txt	5	m n	halfpenny	hafpennie -is		
h/half.txt	6	m n	half-sister	haf-sistre, haf-sistors	HH AE1 F S IH1 S T ER0	ˈhæfˈsɪstɚ
h/handkerchief.txt	1	m n	handkerchief	hancorc̃iff	HH AE1 NG K ER0 CH IH0 F	ˈhæŋkɚtʃɪf
h/handkerchief.txt	1	m n	handkerchief	hancorc̃iff	HH AE1 NG K ER0 CH IY0 F	ˈhæŋkɚtʃif
h/handkerchief.txt	2	m n	hanky	hânchie, hânchis	HH AE1 NG K IY0	ˈhæŋki
h/hatch.txt	1	v	hatch	to hac̃e -s -d -ing	HH AE1 CH	ˈhætʃ
h/hatch.txt	2	m n	hatch	hac̃e -s	HH AE1 CH	ˈhætʃ
h/hatch.txt	3	m n	hatchet	hac̃ete, hac̃ets	HH AE1 CH AH0 T	ˈhætʃət
h/hum.txt	1	v	hum	to homme hom(s -d -ing	HH AH1 M	ˈhʌm
h/hum.txt	2	m n	hum	homme, homs	HH AH1 M	ˈhʌm
h/hiccup.txt	1	v	hiccup	to hiccope -s -d -ing	HH IH1 K AH0 P	ˈhɪkəp
h/hiccup.txt	2	m n	hiccup	hiccop -s	HH IH1 K AH0 P	ˈhɪkəp
h/hammer.txt	1	m n	hammer	hamere, hamirs	HH AE1 M ER0	ˈhæmɚ
h/hammer.txt	2	v	hammer	to hamere -s -d hamering	HH AE1 M ER0	ˈhæmɚ
h/hall.txt	1	m n	hall	halle, halls	HH AO1 L	ˈhɔl
h/haste.txt	2	v	haste	to hâste -s -d -ing	HH EY1 S T	ˈheɪst
h/haste.txt	3	adj	hasty	hâsty -ily	HH EY1 S T IY0	ˈheɪsti
h/haste.txt	4	v	hasten	to hâssene -s -d -ing	HH EY1 S AH0 N	ˈheɪsən
h/hearth.txt	1	m n	hearth	herþ -s	HH AA1 R TH	ˈhɑɹθ
h/harpoon.txt	1	f n	harpoon	harpoune, harpouns	HH AA0 R P UW1 N	hɑɹˈpun
h/harpoon.txt	2	v	harpoon	to harpoune -s -d -ing	HH AA0 R P UW1 N	hɑɹˈpun
h/handle.txt	1	m n	handle	handle, handels	HH AE1 N D AH0 L	ˈhændəl
h/handle.txt	2	v	handle	to handle -s -d -ing	HH AE1 N D AH0 L	ˈhændəl
h/handle.txt	3	m n	handler	handler -s	HH AE1 N D L ER0	ˈhændlɚ
h/handle.txt	3	m n	handler	handler -s	HH AE1 N D AH0 L ER0	ˈhændəlɚ
h/harness.txt	1	v	harness	to harnace -s -d -ing	HH AA1 R N AH0 S	ˈhɑɹnəs
h/harness.txt	1	v	harness	to harnace -s -d -ing	HH AA1 R N IH0 S	ˈhɑɹnɪs
h/harness.txt	2	m n	harness	harnace -s	HH AA1 R N AH0 S	ˈhɑɹnəs
h/harness.txt	2	m n	harness	harnace -s	HH AA1 R N IH0 S	ˈhɑɹnɪs
h/hair.txt	1	m n	hair	haire, hairs	HH EH1 R	ˈhɛɹ
h/hair.txt	2	adj	hairy	hairy	HH EH1 R IY0	ˈhɛɹi
h/hew.txt	1	irv	hew	to heue -s -d heune -ing	HH Y UW1	ˈhju
h/hip.txt	1	m n	hip	hippe, hips	HH IH1 P	ˈhɪp
h/holy.txt	1	adj	holy	holy	HH OW1 L IY0	ˈhoʊli
h/human.txt	1	adj, m n	human	húman -s	HH Y UW1 M AH0 N	ˈhjumən
h/human.txt	1	adj, m n	human	húman -s	Y UW1 M AH0 N	ˈjumən
h/human.txt	2	adj	humane	humâne	HH Y UW0 M EY1 N	hjuˈmeɪn
h/human.txt	3	f n	humanity	humanetie, humanetis	HH Y UW0 M AE1 N IH0 T IY0	hjuˈmænɪti
h/human.txt	3	f n	humanity	humanetie, humanetis	Y UW0 M AE1 N IH0 T IY0	juˈmænɪti
h/human.txt	4	v	dehumanize	to dihúmanyse -s -d -ing	D IH0 HH Y UW1 M AH0 N AY0 Z	dɪˈhjumənaɪz
h/harm.txt	1	m n	harm	harme	HH AA1 R M	ˈhɑɹm
h/harm.txt	2	v	harm	to harme -s -d -ing	HH AA1 R M	ˈhɑɹm
h/heath.txt	1	m n	heath	hieþ -s	HH IY1 TH	ˈhiθ
h/heath.txt	2	adj	heathen	hieþan	HH IY1 DH AH0 N	ˈhiðən
h/heath.txt	3	m n	heathen	hieþene, hieþans	HH IY1 DH AH0 N	ˈhiðən
h/high.txt	1	adj	high	hoih -ar -est	HH AY1	ˈhaɪ
h/high.txt	2	m n	height	hoiht, hoihþ -s	HH AY1 T	ˈhaɪt
h/high.txt	3	v	heighten	hoihtene -s -d -ing	HH AY1 T AH0 N	ˈhaɪtən
h/head.txt	1	m n	head	hede, heds	HH EH1 D	ˈhɛd
h/head.txt	2	v	head	to hede -s -d -ing	HH EH1 D	ˈhɛd
h/hustle.txt	1	v	hustle	to hussle -s -d -ing	HH AH1 S AH0 L	ˈhʌsəl
h/hustle.txt	2	m n	hustle	hussle, hussels	HH AH1 S AH0 L	ˈhʌsəl
h/heal.txt	1	v	heal	to hiale -s -d -ing	HH IY1 L	ˈhil
h/heal.txt	2	m n	health	hailþ	HH EH1 L TH	ˈhɛlθ
h/heal.txt	3	adj	healthy	hailþy	HH EH1 L TH IY0	ˈhɛlθi
h/hire.txt	1	v	hire	to hîer hîre(s hîred hîering	HH AY1 ER0	ˈhaɪɚ
h/hire.txt	1	v	hire	to hîer hîre(s hîred hîering	HH AY1 R	ˈhaɪɹ
h/hawk.txt	1	m n	hawk	hauc, haux	HH AO1 K	ˈhɔk
h/hawk.txt	2	v	hawk	to hauc -s hauched hauching	HH AO1 K	ˈhɔk
h/hawk.txt	3	v	hawker	to hòc -s hòched hòching	HH AO1 K ER0	ˈhɔkɚ
h/hawk.txt	4	m n	huckster	hocstre, hocstars	HH AH1 K S T ER0	ˈhʌkstɚ
h/hawk.txt	5	v	huckster	to hocster hocstre(s hocstred hocstering	HH AH1 K S T ER0	ˈhʌkstɚ
h/hoax.txt	1	m n	hoax	hoax -es	HH OW1 K S	ˈhoʊks
h/horizon.txt	1	f n	horizon	horîzon -s	HH ER0 AY1 Z AH0 N	hɚˈaɪzən
h/horizon.txt	2	adj	horizonal	horîzonal		
h/hierarch.txt	1	m n	hierarch	hîerarc, hîerarx		
h/hierarch.txt	2	adj	hierarchal	hîerarcal -ly		
h/hierarch.txt	3	adj	hierarchic	hîerarchic -ly		
h/hierarch.txt	4	adj	hierarchical	hîerarchical -ly	HH AY2 R AA1 R K AH0 K AH0 L	ˌhaɪˈɹɑɹkəkəl
h/hierarch.txt	5	m n	hierarchy	hîerarchie -is	HH AY1 ER0 AA2 R K IY0	ˈhaɪɚˌɑɹki
h/hierarch.txt	5	m n	hierarchy	hîerarchie -is	HH AY1 R AA2 R K IY0	ˈhaɪˌɹɑɹki
h/hierarch.txt	6	v	hierarchize	to hîerarchyse -s -d -ing		
h/hierarch.txt	7	adj	hieratic	hîeratic -ly		
h/hierarch.txt	8	f n	hierocracy	hîerocracie -is		
h/heinous.txt	1	adj	heinous	heinus -ly -ness	HH EY1 N AH0 S	ˈheɪnəs
h/herald.txt	1	m n	herald	heralde, heralds	HH EH1 R AH0 L D	ˈhɛɹəld
h/herald.txt	2	v	herald	to hèralde -s -d -ing	HH EH1 R AH0 L D	ˈhɛɹəld
h/herald.txt	3	m n	heraldry	heraldrie -is	HH EH1 R AH0 L D R IY0	ˈhɛɹəldɹi
h/herald.txt	4	adj	heraldic	heraldic -ly	HH EH0 R AE1 L D IH0 K	hɛˈɹældɪk
h/hump.txt	1	m n	hump	hompe, homps	HH AH1 M P	ˈhʌmp
h/hump.txt	2	v	hump	to hompe -s -d -ing	HH AH1 M P	ˈhʌmp
h/hang.txt	1	intr v	hang	to hângue hâng(s hong -ing	HH AE1 NG	ˈhæŋ
h/hang.txt	2	tr v	hang	to hângue hâng(s -d -ing	HH AE1 NG	ˈhæŋ
h/hang.txt	3	m n	hang	hângue, hângs	HH AE1 NG	ˈhæŋ
h/hassle.txt	1	m n	hassle	hassle hassels	HH AE1 S AH0 L	ˈhæsəl
h/hassle.txt	2	v	hassle	to hassle -s -d -ing	HH AE1 S AH0 L	ˈhæsəl
h/hem.txt	1	m n	hem	heme, hems	HH EH1 M	ˈhɛm
h/hem.txt	2	m n	hemline	hemligne, hemligns	HH EH1 M L AY2 N	ˈhɛmˌlaɪn
h/hem.txt	3	v	hem	to heme -s -d -ing	HH EH1 M	ˈhɛm
h/hem.txt	4	interj	hem	'hem	HH EH1 M	ˈhɛm
e/espresso.txt	1	f n	espresso	espresso -s	EH2 S P R EH1 S OW0	ˌɛˈspɹɛsoʊ
e/espresso.txt	1	f n	espresso	espresso -s	EH2 K S P R EH1 S OW2	ˌɛkˈspɹɛˌsoʊ
e/Eskimo.txt	1	m n	Eskimo	eschimo -s	EH1 S K AH0 M OW2	ˈɛskəˌmoʊ
e/extreme.txt	2	f n	extremism	extrímism	EH2 K S T R EH1 M IH0 Z AH0 M	ˌɛkˈstɹɛmɪzəm
e/extreme.txt	2	f n	extremism	extrímism	EH2 K S T R IY1 M IH2 Z AH0 M	ˌɛkˈstɹiˌmɪzəm
e/extreme.txt	3	f n	extremist	extrímist	EH0 K S T R IY1 M IH0 S T	ɛkˈstɹimɪst
e/extreme.txt	4	f n	extremity	extremetie, extremetis	EH0 K S T R EH1 M AH0 T IY0	ɛkˈstɹɛməti
e/enchant.txt	1	v	enchant	to enc̃ante -s -d -ing	EH0 N CH AE1 N T	ɛnˈtʃænt
e/enchant.txt	2	f n	enchantment	enc̃antement -s	EH0 N CH AE1 N T M AH0 N T	ɛnˈtʃæntmənt
e/enchant.txt	3	adj	enchanting	enc̃anting	EH0 N CH AE1 N T IH0 NG	ɛnˈtʃæntɪŋ
e/enchant.txt	3	adj	enchanting	enc̃anting	EH0 N CH AE1 N IH0 NG	ɛnˈtʃænɪŋ
e/enchant.txt	4	f n	enchanter	enc̃anter	EH0 N CH AE1 N T ER0	ɛnˈtʃæntɚ
e/enchant.txt	5	f n	enchantress	enc̃antress -es		
e/endeavor.txt	1	f n	put oneself in dever	endevre, endevars	P UH1 T W AH2 N S EH1 L F IH0 N D IY1 V ER0	ˈpʊˌtwʌnˈsɛlfɪnˈdivɚ
e/endeavor.txt	1	f n	endeavor	endevre, endevars	IH0 N D EH1 V ER0	ɪnˈdɛvɚ
e/endeavor.txt	2	v	endeavor	to endever endevre(s endevred endevering	IH0 N D EH1 V ER0	ɪnˈdɛvɚ
e/elf.txt	2	adj	elvish	elvisce		
e/elf.txt	3	adj	elven	elven		
e/engrain.txt	1	v	engrain	to engraine -s -d -ing		
e/evacuate.txt	1	v	evacuate	to evacuait -s -ed -ing	IH0 V AE1 K Y AH0 EY2 T	ɪˈvækjəˌeɪt
e/evacuate.txt	1	v	evacuate	to evacuait -s -ed -ing	IY0 V AE1 K Y AH0 EY2 T	iˈvækjəˌeɪt
e/evacuate.txt	2	adj	evacuative	evacuatif -vly -ness		
e/evacuate.txt	3	f n	evacuation	evacuâcion -s	IH0 V AE2 K Y AH0 W EY1 SH AH0 N	ɪˌvækjəˈweɪʃən
e/evacuate.txt	3	f n	evacuation	evacuâcion -s	IY0 V AE1 K Y AH0 W EY1 SH AH0 N	iˈvækjəˈweɪʃən
e/evacuate.txt	4	f n	evacuee	evacuíe, evacuís	IH0 V AE1 K Y UW0 IY0	ɪˈvækjui
e/evacuate.txt	4	f n	evacuee	evacuíe, evacuís	IY0 V AE1 K Y UW0 IY0	iˈvækjui
e/eat.txt	1	irv	eat	to eite -s eat eiten -ing	IY1 T	ˈit
e/eat.txt	2	m n	eats	eite, eits	IY1 T S	ˈits
e/enunciate.txt	1	v	enunciate	to enonciait -s -ed -ing	IH0 N AH1 N S IY0 EY2 T	ɪˈnʌnsiˌeɪt
e/enunciate.txt	1	v	enunciate	to enonciait -s -ed -ing	IY0 N AH1 N S IY0 EY2 T	iˈnʌnsiˌeɪt
e/enunciate.txt	2	f n	enunciation	enonciâcion -s		
e/ephemera.txt	1	adj	ephemeral	ephemeral	IH0 F EH1 M ER0 AH0 L	ɪˈfɛmɚəl
e/ephemera.txt	2	f n	ephemera	ephemera -s		
e/evolve.txt	1	v	evolve	to evolve -s -d -ing	IH0 V AA1 L V	ɪˈvɑlv
e/evolve.txt	1	v	evolve	to evolve -s -d -ing	IY0 V AA1 L V	iˈvɑlv
e/evolve.txt	2	f n	evolution	evolúcion	EH2 V AH0 L UW1 SH AH0 N	ˌɛvəˈluʃən
e/evolve.txt	2	f n	evolution	evolúcion	IY2 V AH0 L UW1 SH AH0 N	ˌivəˈluʃən
e/evolve.txt	2	f n	evolution	evolúcion	EH2 V OW0 L UW1 SH AH0 N	ˌɛvoʊˈluʃən
e/evolve.txt	2	f n	evolution	evolúcion	IY2 V OW0 L UW1 SH AH0 N	ˌivoʊˈluʃən
e/evolve.txt	3	adj	evolutionary	evolúcionairy	EH2 V AH0 L UW1 SH AH0 N EH2 R IY0	ˌɛvəˈluʃəˌnɛɹi
e/evolve.txt	3	adj	evolutionary	evolúcionairy	IY2 V AH0 L UW1 SH AH0 N EH2 R IY0	ˌivəˈluʃəˌnɛɹi
e/evolve.txt	3	adj	evolutionary	evolúcionairy	EH2 V OW0 L UW1 SH AH0 N EH2 R IY0	ˌɛvoʊˈluʃəˌnɛɹi
e/evolve.txt	3	adj	evolutionary	evolúcionairy	IY2 V OW0 L UW1 SH AH0 N EH2 R IY0	ˌivoʊˈluʃəˌnɛɹi
e/evolve.txt	4	f n	evolutionist	evolúcionist -s		
e/encamp.txt	1	v	encamp	to encampe -s -d -ing	IH0 N K AE1 M P	ɪnˈkæmp
e/encamp.txt	2	f n	encampment	encampement -s	IH0 N K AE1 M P M IH0 N T	ɪnˈkæmpmɪnt
e/elicit.txt	1	v	elicit	to ellicit -s -ed -ing	IH0 L IH1 S IH0 T	ɪˈlɪsɪt
e/elicit.txt	2	f n	elicitor	ellicitor -s		
e/elicit.txt	3	f n	elicitation	ellicitâcion -s		
e/epitome.txt	2	v	epitomize	to epïtomyse -s -d -ing	IH0 P IH1 T AH0 M AY2 Z	ɪˈpɪtəˌmaɪz
e/ewe.txt	1	m n	ewe	eoue, eous	Y UW1	ˈju
e/earl.txt	1	m n	earl	erle, erls	ER1 L	ˈɝl
e/exterior.txt	1	adj	exterior	extírior	IH0 K S T IH1 R IY0 ER0	ɪkˈstɪɹiɚ
e/exterior.txt	2	f n	exteriority	extirioretie -is		
e/equivalent.txt	1	adj	equivalent	eqüivelent	IH0 K W IH1 V AH0 L AH0 N T	ɪˈkwɪvələnt
e/equivalent.txt	2	f n	equivalence	eqüivelence -s	IH0 K W IH1 V AH0 L AH0 N S	ɪˈkwɪvələns
e/enroll.txt	1	v	enroll	to enrolle -s -d -ing	EH0 N R OW1 L	ɛnˈɹoʊl
e/enroll.txt	1	v	enroll	to enrolle -s -d -ing	IH0 N R OW1 L	ɪnˈɹoʊl
e/enroll.txt	2	f n	enrollment	enrollement -s	EH0 N R OW1 L M AH0 N T	ɛnˈɹoʊlmənt
e/efficacy.txt	1	m n	efficacy	efficacie, efficacis	EH1 F IH0 K AE2 S IY0	ˈɛfɪˌkæsi
e/efficacy.txt	2	adj	efficacious	efficâceus	EH2 F AH0 K EY1 SH AH0 S	ˌɛfəˈkeɪʃəs
e/erupt.txt	1	v	erupt	to eropte -ps -d -ing	IH0 R AH1 P T	ɪˈɹʌpt
e/erupt.txt	1	v	erupt	to eropte -ps -d -ing	IY1 R AH0 P T	ˈiɹəpt
e/erupt.txt	2	f n	eruption	eropcion -s	IY2 R AH1 P SH AH0 N	ˌiˈɹʌpʃən
e/erupt.txt	2	f n	eruption	eropcion -s	IH2 R AH1 P SH AH0 N	ˌɪˈɹʌpʃən
e/erupt.txt	3	adj	eruptive	eroptif -vly -ness	IY2 R AH1 P T IH0 V	ˌiˈɹʌptɪv
e/erupt.txt	3	adj	eruptive	eroptif -vly -ness	IH2 R AH1 P T IH0 V	ˌɪˈɹʌptɪv
e/erupt.txt	4	adj	eruptible	eroptable		
e/emigre.txt	1	f n	émigré	émigré -s		
e/emigre.txt	2	v	emigrate	to emigrait -s -ed -ing	EH1 M AH0 G R EY2 T	ˈɛməˌɡɹeɪt
e/emigre.txt	3	m n	emigrant	emigrant -s	EH1 M AH0 G R AH0 N T	ˈɛməɡɹənt
e/emigre.txt	4	f n	emigration	emigrâcion	EH2 M AH0 G R EY1 SH AH0 N	ˌɛməˈɡɹeɪʃən
e/elate.txt	1	v	elate	to elâte -s -d -ing	IH0 L EY1 T	ɪˈleɪt
e/elate.txt	2	f n	elation	elâcion -s	IH0 L EY1 SH AH0 N	ɪˈleɪʃən
e/eros.txt	1	m n	Eros	éroce	IH1 R AA0 S	ˈɪɹɑs
e/eros.txt	2	adj	erotic	erotic	IH0 R AA1 T IH0 K	ɪˈɹɑtɪk
e/engrave.txt	1	v	engrave	to engraive -s -d -ing	IH0 N G R EY1 V	ɪnˈɡɹeɪv
e/engrave.txt	2	f n	engraving	engraiving -s	IH0 N G R EY1 V IH0 NG	ɪnˈɡɹeɪvɪŋ
e/engrave.txt	3	f n	engraver	engraiver -s	IH0 N G R EY1 V ER0	ɪnˈɡɹeɪvɚ
e/expel.txt	1	v	expel	to expelle -s -d -ing	IH0 K S P EH1 L	ɪkˈspɛl
e/episode.txt	1	m n	episode	episode, episoads	EH1 P AH0 S OW2 D	ˈɛpəˌsoʊd
e/episode.txt	1	m n	episode	episode, episoads	EH1 P IH0 S OW2 D	ˈɛpɪˌsoʊd
e/episode.txt	2	adj	episodic	episodic	EH2 P AH0 S AA1 D IH0 K	ˌɛpəˈsɑdɪk
e/endow.txt	1	v	endow	to endôe -s -d endôuing	EH0 N D AW1	ɛnˈdaʊ
e/endow.txt	2	f n	endowment	endôment -s	EH0 N D AW1 M AH0 N T	ɛnˈdaʊmənt
e/entangle.txt	1	v	entangle	to entângle -s -d -ing	EH0 N T AE1 NG G AH0 L	ɛnˈtæŋɡəl
e/entangle.txt	2	f n	entanglement	entânglement -s	EH0 N T AE1 NG G AH0 L M AH0 N T	ɛnˈtæŋɡəlmənt
e/entangle.txt	2	f n	entanglement	entânglement -s	IH0 N T AE1 NG G AH0 L M AH0 N T	ɪnˈtæŋɡəlmənt
e/endear.txt	1	v	endear	to endiare -s -d -ing	EH0 N D IY1 R	ɛnˈdiɹ
e/endear.txt	2	f n	endearment	endiarement -s	IH0 N D IH1 R M AH0 N T	ɪnˈdɪɹmənt
e/eon.txt	1	m n	eon	aion -s	IY1 AH0 N	ˈiən
e/eon.txt	1	m n	eon	aion -s	IY1 AA0 N	ˈiɑn
e/explicate.txt	1	v	explicate	to explicait -s -ed -ing	EH1 K S P L AH0 K EY2 T	ˈɛkspləˌkeɪt
e/explicate.txt	2	f n	explication	explicâcion -s	EH2 K S P L AH0 K EY1 SH AH0 N	ˌɛkspləˈkeɪʃən
e/enough.txt	1	adj	enough	enofh	IH0 N AH1 F	ɪˈnʌf
e/enough.txt	1	adj	enough	enofh	IY0 N AH1 F	iˈnʌf
e/eerie.txt	1	adj, adv	eery	íry, írily		
e/eerie.txt	1	adj, adv	eerie	íry, írily	IH1 R IY0	ˈɪɹi
e/enrich.txt	1	v	enrich	to enric̃e -s -d -ing	EH0 N R IH1 CH	ɛnˈɹɪtʃ
e/enrich.txt	1	v	enrich	to enric̃e -s -d -ing	IH0 N R IH1 CH	ɪnˈɹɪtʃ
e/enrich.txt	2	f n	enrichment	enric̃ement -s	EH0 N R IH1 CH M AH0 N T	ɛnˈɹɪtʃmənt
e/enrich.txt	2	f n	enrichment	enric̃ement -s	IH0 N R IH1 CH M AH0 N T	ɪnˈɹɪtʃmənt
e/emit.txt	1	v	emit	to emitte -s -d -ing	IH0 M IH1 T	ɪˈmɪt
e/emit.txt	2	f n	emission	emission -s	IH0 M IH1 SH AH0 N	ɪˈmɪʃən
e/emit.txt	3	m n	emissary	emissarie -is	EH1 M AH0 S EH2 R IY0	ˈɛməˌsɛɹi
e/embody.txt	1	v	embody	to embodie -s -d embodying	IH0 M B AA1 D IY0	ɪmˈbɑdi
e/embody.txt	2	f n	embodiment	embodiment -s	EH0 M B AA1 D IY0 M AH0 N T	ɛmˈbɑdimənt
e/excrescent.txt	1	adj	excrescent	excrescent		
e/excrescent.txt	2	f n	excrescence	excrescence		
e/expire.txt	1	v	expire	to expîer expîre(s expîred expîering	IH0 K S P AY1 R	ɪkˈspaɪɹ
e/expire.txt	2	f n	expiration	expirâcion -s	EH2 K S P ER0 EY1 SH AH0 N	ˌɛkspɚˈeɪʃən
e/expire.txt	3	f n	expiry	expîrie -is	EH2 K S P AY1 R IY0	ˌɛkˈspaɪɹi
e/exclaim.txt	1	v	exclaim	to exclâme -s -d -ing	IH0 K S K L EY1 M	ɪkˈskleɪm
e/exclaim.txt	2	f n	exclamation	exclamâcion -s	EH2 K S K L AH0 M EY1 SH AH0 N	ˌɛkskləˈmeɪʃən
e/exclaim.txt	3	adj	exclamatory	exclàmatory		
e/erinaceous.txt	1	adj	erinaceous	erinâceus		
e/elect.txt	1	v	elect	to electe elecs -d -ing	IH0 L EH1 K T	ɪˈlɛkt
e/elect.txt	2	adj	elect	electe	IH0 L EH1 K T	ɪˈlɛkt
e/elect.txt	3	f n	elect	electe, elècs	IH0 L EH1 K T	ɪˈlɛkt
e/elect.txt	4	adj	elective	electif	IH0 L EH1 K T IH0 V	ɪˈlɛktɪv
e/elect.txt	5	f n	elective	electif -s	IH0 L EH1 K T IH0 V	ɪˈlɛktɪv
e/elect.txt	6	f n	election	eleccion -s	IH0 L EH1 K SH AH0 N	ɪˈlɛkʃən
e/elect.txt	8	adj	electoral	electóral	IH0 L EH1 K T ER0 AH0 L	ɪˈlɛktɚəl
e/elect.txt	9	f n	electorate	elèctorate, elèctorats	IH0 L EH1 K T ER0 AH0 T	ɪˈlɛktɚət
e/elect.txt	9	f n	electorate	elèctorate, elèctorats	IH0 L EH1 K T R IH0 T	ɪˈlɛktɹɪt
e/excursion.txt	1	f n	excursion	excoursion -s	IH0 K S K ER1 ZH AH0 N	ɪkˈskɝʒən
e/excursion.txt	2	adj	excursive	excoursif		
e/excursion.txt	3	adj	excurrent	excourent		
e/euonym.txt	1	m n	euonym	euonim -s		
e/effect.txt	1	f n	effect	effecte, effecs	IH0 F EH1 K T	ɪˈfɛkt
e/effect.txt	1	f n	effect	effecte, effecs	IY1 F EH0 K T	ˈifɛkt
e/effect.txt	1	f n	effect	effecte, effecs	AH0 F EH1 K T	əˈfɛkt
e/effect.txt	2	v	effect	to effecte effecs -d -ing	IH0 F EH1 K T	ɪˈfɛkt
e/effect.txt	2	v	effect	to effecte effecs -d -ing	IY1 F EH0 K T	ˈifɛkt
e/effect.txt	2	v	effect	to effecte effecs -d -ing	AH0 F EH1 K T	əˈfɛkt
e/effect.txt	3	adj	effectual	effecțual		
e/effect.txt	4	adj	effective	effectif	IH0 F EH1 K T IH0 V	ɪˈfɛktɪv
e/effect.txt	4	adj	effective	effectif	IY1 F EH0 K T IH0 V	ˈifɛktɪv
e/effect.txt	5	v	effectuate	to effecțuait -s -ed -ing	IH0 F EH1 K CH UW0 EY2 T	ɪˈfɛktʃuˌeɪt
e/excel.txt	1	v	excel	to excelle -s -d -ing	IH0 K S EH1 L	ɪkˈsɛl
e/excel.txt	2	adj	excellent	èxcellent	EH1 K S AH0 L AH0 N T	ˈɛksələnt
e/excel.txt	3	m n	excellence	èxcellence	EH1 K S AH0 L AH0 N S	ˈɛksələns
e/excel.txt	4	m n	excellency	èxcellencie -is	EH1 K S L EH1 N S IY0	ˈɛkˈslɛnsi
e/ease.txt	1	f n	ease	eise -ful	IY1 Z	ˈiz
e/ease.txt	2	v	ease	to eise -s -d -ing	IY1 Z	ˈiz
e/ease.txt	3	m n	easement	eisement -s	IY1 Z M AH0 N T	ˈizmənt
e/ease.txt	4	adj, adv	easy	eisy -ily	IY1 Z IY0	ˈizi
e/edible.txt	1	adj	edible	edible	EH1 D AH0 B AH0 L	ˈɛdəbəl
e/edible.txt	2	m n	edible	edible, edibils	EH1 D AH0 B AH0 L	ˈɛdəbəl
e/edible.txt	3	adj	inedible	inèdible	IH2 N EH1 D AH0 B AH0 L	ˌɪˈnɛdəbəl
e/elide.txt	1	v	elide	to elîde -s -d -ing		
e/emu.txt	1	m n	emu	ímue, ímuis	IY1 M Y UW2	ˈiˌmju
e/elephant.txt	1	m n	elephant	elifant -s	EH1 L AH0 F AH0 N T	ˈɛləfənt
e/errand.txt	1	m n	errand	airend -s	EH1 R AH0 N D	ˈɛɹənd
e/eel.txt	1	m n	eel	eile, eiels	IY1 L	ˈil
e/eel.txt	2	v	eel	to eile -s -d -ing	IY1 L	ˈil
e/embargo.txt	1	f n	embargo	embárgo -s	EH0 M B AA1 R G OW0	ɛmˈbɑɹɡoʊ
e/embargo.txt	2	v	embargo	to embárgoe -s -d -uing	EH0 M B AA1 R G OW0	ɛmˈbɑɹɡoʊ
e/eye.txt	1	m n	eye	eaie, eais	AY1	ˈaɪ
e/eye.txt	2	v	eye	to eaie -s -d eaying	AY1	ˈaɪ
e/eye.txt	3	adj, m n	eyeful	eayful -s		
e/eye.txt	4	m n	eyebrow	eaybrao, eaybraos	AY1 B R AW2	ˈaɪˌbɹaʊ
e/eye.txt	5	m n	eyeball	eaybolle, eaybolls	AY1 B AO2 L	ˈaɪˌbɔl
e/evident.txt	1	adj	evident	èvident	EH1 V AH0 D AH0 N T	ˈɛvədənt
e/evident.txt	2	m n	evidence	èvidence	EH1 V AH0 D AH0 N S	ˈɛvədəns
e/evident.txt	3	adj	evidently	èvidently	EH1 V AH0 D AH0 N T L IY0	ˈɛvədəntli
e/expand.txt	1	v	expand	to expande -s -d -ing	IH0 K S P AE1 N D	ɪkˈspænd
e/expand.txt	3	adj	expansive	expansif	IH0 K S P AE1 N S IH0 V	ɪkˈspænsɪv
e/expand.txt	4	f n	expanse	expanse -s	IH0 K S P AE1 N S	ɪkˈspæns
e/east.txt	2	adj	eastern	ístern	IY1 S T ER0 N	ˈistɚn
e/England.txt	1	m n	England	Ingland	IH1 NG G L AH0 N D	ˈɪŋɡlənd
e/evil.txt	1	adj, adv	evil	ivel	IY1 V AH0 L	ˈivəl
e/evil.txt	2	m n	evil	ivele, ivels	IY1 V AH0 L	ˈivəl
e/eaves.txt	1	m n	eaves	eives	IY1 V Z	ˈivz
e/encircle.txt	1	v	encircle	to encircle -s -d -ing	EH0 N S ER1 K AH0 L	ɛnˈsɝkəl
e/encircle.txt	2	f n	encirclement	encirclement -s	EH0 N S ER1 K AH0 L M AH0 N T	ɛnˈsɝkəlmənt
e/equanimity.txt	1	f n	equanimity	equanimitie, equanimitis	IY2 K W AH0 N IH1 M IH0 T IY0	ˌikwəˈnɪmɪti
e/early.txt	1	adj, adv	early	êly -iar -iest	ER1 L IY0	ˈɝli
e/enclose.txt	1	v	enclose	to enclose -s -d -ing	IH0 N K L OW1 Z	ɪnˈkloʊz
e/enclose.txt	2	f n	enclosure	encloșure, encloșurs	EH0 N K L OW1 ZH ER0	ɛnˈkloʊʒɚ
e/enclose.txt	2	f n	enclosure	encloșure, encloșurs	IH0 N K L OW1 ZH ER0	ɪnˈkloʊʒɚ
e/encounter.txt	1	f n	encounter	encôntre, encôntars	IH0 N K AW1 N T ER0	ɪnˈkaʊntɚ
e/encounter.txt	1	f n	encounter	encôntre, encôntars	IH0 N K AW1 N ER0	ɪnˈkaʊnɚ
e/encounter.txt	2	v	encounter	to encônter encôntre(s encôntred encôntering	IH0 N K AW1 N T ER0	ɪnˈkaʊntɚ
e/encounter.txt	2	v	encounter	to encônter encôntre(s encôntred encôntering	IH0 N K AW1 N ER0	ɪnˈkaʊnɚ
e/endemic.txt	1	adj	endemic	endemic	EH0 N D EH1 M IH0 K	ɛnˈdɛmɪk
e/endemic.txt	2	f n	endemic	endemic -s	EH0 N D EH1 M IH0 K	ɛnˈdɛmɪk
e/essay.txt	1	v	essay	to essaie -s -d essaying	EH0 S EY1	ɛˈseɪ
e/essay.txt	1	v	essay	to essaie -s -d essaying	EH1 S EY2	ˈɛˌseɪ
e/essay.txt	2	m n	essay	essaie, essays	EH0 S EY1	ɛˈseɪ
e/essay.txt	2	m n	essay	essaie, essays	EH1 S EY2	ˈɛˌseɪ
e/essay.txt	3	m n	essayist	essayist -s	EH1 S EY2 IH0 S T	ˈɛˌseɪɪst
e/ember.txt	1	m n	ember	embre, embars	EH1 M B ER0	ˈɛmbɚ
e/eulogy.txt	1	m n	eulogy	eulogie, eulogis	Y UW1 L AH0 JH IY0	ˈjulədʒi
e/eulogy.txt	2	v	eulogize	to eulogyse -s -d -ing	Y UW1 L AH0 JH AY2 Z	ˈjuləˌdʒaɪz
e/eulogy.txt	3	m n	eulogist	eulogist -s		
e/eulogy.txt	4	adj	eulogistic	eulogistic		
e/egg.txt	2	v	egg	to aigue aig(s -d -ing	EH1 G	ˈɛɡ
e/egg.txt	3	v	egg	to egue eg(s -d -ing	EH1 G	ˈɛɡ
e/encrust.txt	1	v	encrust	to incruste -s -d -ing	EH0 N K R AH1 S T	ɛnˈkɹʌst
e/encrust.txt	2	f n	incrustation	incrustâcion -s	IH2 N K R AH0 S T EY1 SH AH0 N	ˌɪnkɹəˈsteɪʃən
e/extinguish.txt	1	v	extinguish	to extingoișe -s -d -ing	IH0 K S T IH1 NG G W IH0 SH	ɪkˈstɪŋɡwɪʃ
e/encourage.txt	1	v	encourage	to encoûrage -s -d -ing	EH0 N K ER1 IH0 JH	ɛnˈkɝɪdʒ
e/encourage.txt	1	v	encourage	to encoûrage -s -d -ing	IH0 N K ER1 AH0 JH	ɪnˈkɝədʒ
e/encourage.txt	2	f n	encouragement	encoûragement -s	EH0 N K ER1 IH0 JH M AH0 N T	ɛnˈkɝɪdʒmənt
e/emerge.txt	1	v	emerge	to emêge -s -d -ing	IH0 M ER1 JH	ɪˈmɝdʒ
e/emerge.txt	1	v	emerge	to emêge -s -d -ing	IY1 M ER0 JH	ˈimɚdʒ
e/emerge.txt	2	adj	emergent	emêgent	IH0 M ER1 JH AH0 N T	ɪˈmɝdʒənt
e/emerge.txt	2	adj	emergent	emêgent	IY1 M ER0 JH AH0 N T	ˈimɚdʒənt
e/emerge.txt	3	f n	emergence	emêgence	IH0 M ER1 JH AH0 N S	ɪˈmɝdʒəns
e/emerge.txt	3	f n	emergence	emêgence	IY1 M ER0 JH AH0 N S	ˈimɚdʒəns
e/emerge.txt	4	f n	emergency	emêgencie -is	IH0 M ER1 JH AH0 N S IY0	ɪˈmɝdʒənsi
e/emerge.txt	4	f n	emergency	emêgencie -is	IY1 M ER0 JH AH0 N S IY0	ˈimɚdʒənsi
e/excite.txt	1	v	excite	to excîte -s -d -ing	IH0 K S AY1 T	ɪkˈsaɪt
e/excite.txt	2	f n	excitement	excîtement	IH0 K S AY1 T M AH0 N T	ɪkˈsaɪtmənt
e/excite.txt	3	adj	excitable	excîtable	IH0 K S AY1 T AH0 B AH0 L	ɪkˈsaɪtəbəl
e/excite.txt	4	f n	excitation	excitâcion -s	EH2 K S AY0 T EY1 SH AH0 N	ˌɛksaɪˈteɪʃən
e/escape.txt	1	v	escape	to escâpe -s -d -ing	IH0 S K EY1 P	ɪˈskeɪp
e/escape.txt	2	adj, f n	escape	escâpe,  escâps	IH0 S K EY1 P	ɪˈskeɪp
e/even.txt	2	v	even	to eivene -s -d -ing	IY1 V IH0 N	ˈivɪn
e/eagle.txt	1	m n	eagle	eigle, eiguls	IY1 G AH0 L	ˈiɡəl
e/eagle.txt	2	m n	eaglet	eiglet -s		
e/elbow.txt	1	m n	elbow	elbo -s	EH1 L B OW2	ˈɛlˌboʊ
e/elbow.txt	2	v	elbow	elboe -s -d elbouing	EH1 L B OW2	ˈɛlˌboʊ
e/eucalyptus.txt	1	f n	eucalyptus	eucalÿptus	Y UW2 K AH0 L IH1 P T AH0 S	ˌjukəˈlɪptəs
e/etude.txt	1	f n	etude	etude, etúds		
e/edge.txt	1	m n	edge	edge -s	EH1 JH	ˈɛdʒ
e/edge.txt	2	v	edge	to edge -s -d -ing	EH1 JH	ˈɛdʒ
e/exclude.txt	1	v	exclude	to exclude -s -d -ing	IH0 K S K L UW1 D	ɪkˈsklud
e/exclude.txt	2	f n	exclusion	exclúsion -s	IH0 K S K L UW1 ZH AH0 N	ɪkˈskluʒən
e/exclude.txt	3	adj	exclusive	exclússif -vly	IH0 K S K L UW1 S IH0 V	ɪkˈsklusɪv
e/exclude.txt	4	adj	exclusionary	exclúsionairy	IH0 K S K L UW1 ZH AH0 N EH2 R IY0	ɪkˈskluʒəˌnɛɹi
e/exclude.txt	5	f n	exclusivity	exclusivitie -is	EH2 K S K L UW2 S IH1 V AH0 T IY0	ˌɛkˌskluˈsɪvəti
e/exclude.txt	6	prep	excluding	excluding	IH0 K S K L UW1 D IH0 NG	ɪkˈskludɪŋ
e/except.txt	1	prep	except	excepte	IH0 K S EH1 P T	ɪkˈsɛpt
e/except.txt	2	prep	excepting	excepting	EH2 K S EH1 P T IH0 NG	ˌɛkˈsɛptɪŋ
e/Egypt.txt	1	m n	Egypt	Eigypt	IY1 JH AH0 P T	ˈidʒəpt
e/Egypt.txt	1	m n	Egypt	Eigypt	IY1 JH IH0 P T	ˈidʒɪpt
e/Egypt.txt	2	adj	Egyptian	eigyptian	IH0 JH IH1 P SH AH0 N	ɪˈdʒɪpʃən
e/Egypt.txt	3	f n	Egyptian	Eigyptian	IH0 JH IH1 P SH AH0 N	ɪˈdʒɪpʃən
e/ewer.txt	1	m n	ewer	euere, euars	Y UW1 ER0	ˈjuɚ
e/evaluate.txt	1	v	evaluate	to evàluait -s -ed -ing	IH0 V AE1 L Y UW0 EY2 T	ɪˈvæljuˌeɪt
e/evaluate.txt	1	v	evaluate	to evàluait -s -ed -ing	IY0 V AE1 L Y UW0 EY2 T	iˈvæljuˌeɪt
e/evaluate.txt	2	f n	evaluation	evaluâcion -s	IH0 V AE2 L Y UW0 EY1 SH AH0 N	ɪˌvæljuˈeɪʃən
e/evaluate.txt	2	f n	evaluation	evaluâcion -s	IY0 V AE2 L Y UW0 EY1 SH AH0 N	iˌvæljuˈeɪʃən
e/equate.txt	1	v	equate	to equâte -s -d -ing	IH0 K W EY1 T	ɪˈkweɪt
e/equate.txt	2	f n	equation	equâsion -s	IH0 K W EY1 ZH AH0 N	ɪˈkweɪʒən
e/equate.txt	3	f n	equator	equâtre, equâtors	IH0 K W EY1 T ER0	ɪˈkweɪtɚ
e/equate.txt	4	adj	equatorial	equatórial	IY2 K W AH0 T AO1 R IY0 AH0 L	ˌikwəˈtɔɹiəl
e/equate.txt	5	adj	equable	equable -y -ness	EH1 K W AH0 B AH0 L	ˈɛkwəbəl
e/equate.txt	6	f n	equability	equabilitie -is		
e/encapsulate.txt	1	v	encapsulate	to encàpsulait -s -ed -ing	EH0 N K AE1 P S AH0 L EY2 T	ɛnˈkæpsəˌleɪt
e/encapsulate.txt	2	f n	encapsulation	encapsulâcion -s		
e/etcetera.txt	1	f n	etcetera	etcètera	EH1 T S EH1 T ER0 AH0	ˈɛtˈsɛtɚə
e/enjoy.txt	1	v	enjoy	to enjoie -s -d enjoying	EH2 N JH OY1	ˌɛnˈdʒɔɪ
e/enjoy.txt	1	v	enjoy	to enjoie -s -d enjoying	IH0 N JH OY1	ɪnˈdʒɔɪ
e/enjoy.txt	2	f n	enjoyment	enjoiment	EH2 N JH OY1 M AH0 N T	ˌɛnˈdʒɔɪmənt
e/enjoy.txt	2	f n	enjoyment	enjoiment	IH0 N JH OY1 M AH0 N T	ɪnˈdʒɔɪmənt
e/enigma.txt	1	f n	enigma	enigma -s	IH0 N IH1 G M AH0	ɪˈnɪɡmə
e/enigma.txt	2	adj	enigmatic	enigmatic -ly	EH2 N IH0 G M AE1 T IH0 K	ˌɛnɪɡˈmætɪk
e/environ.txt	1	v	environ	to envîrone -s -d -ing		
e/environ.txt	2	f n	environs	envîrons	IH0 N V AY1 R AH0 N Z	ɪnˈvaɪɹənz
e/environ.txt	3	f n	environment	envîroment -s	IH0 N V AY1 R AH0 N M AH0 N T	ɪnˈvaɪɹənmənt
e/environ.txt	4	adj	environmental	envîromental	IH0 N V AY2 R AH0 N M EH1 N T AH0 L	ɪnˌvaɪɹənˈmɛntəl
e/environ.txt	4	adj	environmental	envîromental	IH0 N V AY2 R AH0 N M EH1 N AH0 L	ɪnˌvaɪɹənˈmɛnəl
e/environ.txt	5	f n	environmentalist	envîromentalist -s	IH0 N V AY2 R AH0 N M EH1 N T AH0 L IH0 S T	ɪnˌvaɪɹənˈmɛntəlɪst
e/environ.txt	5	f n	environmentalist	envîromentalist -s	IH0 N V AY2 R AH0 N M EH1 N AH0 L IH0 S T	ɪnˌvaɪɹənˈmɛnəlɪst
e/exit.txt	1	v	exit	to exit -s -ed -ing	EH1 G Z IH0 T	ˈɛɡzɪt
e/exit.txt	1	v	exit	to exit -s -ed -ing	EH1 K S AH0 T	ˈɛksət
e/exit.txt	2	m n	exit	exit -s	EH1 G Z IH0 T	ˈɛɡzɪt
e/exit.txt	2	m n	exit	exit -s	EH1 K S AH0 T	ˈɛksət
e/exquisite.txt	1	adj	exquisite	exqüisit -ly	EH1 K S K W AH0 Z AH0 T	ˈɛkskwəzət
e/educate.txt	1	v	educate	to eḑucait -s -ed -ing	EH1 JH AH0 K EY2 T	ˈɛdʒəˌkeɪt
e/educate.txt	1	v	educate	to eḑucait -s -ed -ing	EH1 JH Y UW0 K EY2 T	ˈɛdʒjuˌkeɪt
e/educate.txt	4	adj	educable	eḑucable		
e/educate.txt	5	f n	educability	eḑucabilitie -is		
e/educate.txt	6	adj	educative	eḑucaitif	EH2 JH IH0 K EY1 T IH0 V	ˌɛdʒɪˈkeɪtɪv
e/entrepreneur.txt	1	f n	entrepreneur	entrepreneure, entrepreneurs	AA2 N T R AH0 P R AH0 N ER1	ˌɑntɹəpɹəˈnɝ
e/entrepreneur.txt	1	f n	entrepreneur	entrepreneure, entrepreneurs	AA2 N T R AH0 P R AH0 N UH1 R	ˌɑntɹəpɹəˈnʊɹ
e/entrepreneur.txt	2	adj	entrepreneurial	entrepreneurial	AA2 N T R AH0 P R AH0 N ER1 IY0 AH0 L	ˌɑntɹəpɹəˈnɝiəl
e/entrepreneur.txt	3	f n	entrepreneurship	entrepreneurscip	AA2 N T R AH0 P R AH0 N ER1 SH IH0 P	ˌɑntɹəpɹəˈnɝʃɪp
e/express.txt	1	v	express	to expresse -s -d -ing	IH0 K S P R EH1 S	ɪkˈspɹɛs
e/express.txt	2	adj	express	exprèss	IH0 K S P R EH1 S	ɪkˈspɹɛs
e/express.txt	3	f n	expression	expression -s	IH0 K S P R EH1 SH AH0 N	ɪkˈspɹɛʃən
e/express.txt	4	adj	expressive	expressif	IH0 K S P R EH1 S IH0 V	ɪkˈspɹɛsɪv
e/electrocute.txt	2	adj	electrical	electrical	IH0 L EH1 K T R IH0 K AH0 L	ɪˈlɛktɹɪkəl
e/electrocute.txt	3	f n	electricity	electricitie -is	IH0 L EH2 K T R IH1 S AH0 T IY0	ɪˌlɛkˈtɹɪsəti
e/electrocute.txt	4	v	electrocute	to elèctrocute -s -d -ing	IH2 L EH1 K T R AH0 K Y UW2 T	ˌɪˈlɛktɹəˌkjut
e/electrocute.txt	5	f n	electrocution	electrocúcion -s	IH2 L EH2 K T R AH0 K Y UW1 SH AH0 N	ˌɪˌlɛktɹəˈkjuʃən
e/employ.txt	1	v	employ	to emploie -s -d employing	EH0 M P L OY1	ɛmˈplɔɪ
e/employ.txt	1	v	employ	to emploie -s -d employing	IH0 M P L OY1	ɪmˈplɔɪ
e/employ.txt	2	f n	employment	emploiment -s	EH0 M P L OY1 M AH0 N T	ɛmˈplɔɪmənt
e/employ.txt	2	f n	employment	emploiment -s	IH0 M P L OY1 M AH0 N T	ɪmˈplɔɪmənt
e/employ.txt	3	f n	employer	employer -s	EH0 M P L OY1 ER0	ɛmˈplɔɪɚ
e/employ.txt	3	f n	employer	employer -s	IH0 M P L OY1 ER0	ɪmˈplɔɪɚ
e/employ.txt	4	f n	employee	employíe, employís	EH0 M P L OY1 IY0	ɛmˈplɔɪi
e/employ.txt	4	f n	employee	employíe, employís	IH0 M P L OY1 IY0	ɪmˈplɔɪi
e/echo.txt	2	v	echo	to ecoe -s -d -uing	EH1 K OW0	ˈɛkoʊ
e/exasperate.txt	1	v	exasperate	to exasperait -s -ed -ing	IH0 G Z AE1 S P ER0 EY2 T	ɪɡˈzæspɚˌeɪt
e/exasperate.txt	2	f n	exasperation	exasperâcion -s	EH2 K S AE2 S P ER0 EY1 SH AH0 N	ˌɛkˌsæspɚˈeɪʃən
e/exaggerate.txt	1	v	exaggerate	to exagerait -s -ed -ing	IH0 G Z AE1 JH ER0 EY2 T	ɪɡˈzædʒɚˌeɪt
e/exaggerate.txt	2	f n	exaggeration	exagerâcion -s	IH0 G Z AE2 JH ER0 EY1 SH AH0 N	ɪɡˌzædʒɚˈeɪʃən
e/explode.txt	1	v	explode	to explode -s -d -ing	IH0 K S P L OW1 D	ɪkˈsploʊd
e/explode.txt	3	adj	explosive	explóssif -vly	IH0 K S P L OW1 S IH0 V	ɪkˈsploʊsɪv
e/entire.txt	1	adj	entire	entîre	IH0 N T AY1 ER0	ɪnˈtaɪɚ
e/entire.txt	2	adv	entirely	entîrely	IH0 N T AY1 ER0 L IY0	ɪnˈtaɪɚli
e/entire.txt	3	f n	entierty	entîretie -is		
e/entire.txt	3	f n	enterete	entîretie -is		
e/entire.txt	3	f n	intierty	entîretie -is		
e/entire.txt	3	f n	entirety	entîretie -is	IH0 N T AY1 ER0 T IY0	ɪnˈtaɪɚti
e/empire.txt	1	m n	emperor	emperor -s	EH1 M P ER0 ER0	ˈɛmpɚɚ
e/excuse.txt	1	v	excuse	to excúse -s -d -ing	IH0 K S K Y UW1 S	ɪkˈskjus
e/excuse.txt	1	v	excuse	to excúse -s -d -ing	IH0 K S K Y UW1 Z	ɪkˈskjuz
e/epic.txt	1	m n	epic	epic -s	EH1 P IH0 K	ˈɛpɪk
e/epic.txt	2	adj	epic	epic	EH1 P IH0 K	ˈɛpɪk
e/excruciate.txt	1	v	excruciate	to excruçiait -s -ed -ing		
e/eddy.txt	1	m n	eddy	edie, edis	EH1 D IY0	ˈɛdi
e/eddy.txt	2	v	eddy	to edie -s -d edying	EH1 D IY0	ˈɛdi
e/essence.txt	1	m n	essence	essence -s	EH1 S AH0 N S	ˈɛsəns
e/essence.txt	2	adj	essential	essencial	EH0 S EH1 N SH AH0 L	ɛˈsɛnʃəl
e/essence.txt	2	adj	essential	essencial	IY0 S EH1 N SH AH0 L	iˈsɛnʃəl
e/essence.txt	3	f n	essential	essencial -s	EH0 S EH1 N SH AH0 L	ɛˈsɛnʃəl
e/essence.txt	3	f n	essential	essencial -s	IY0 S EH1 N SH AH0 L	iˈsɛnʃəl
e/essence.txt	4	adv	essentially	essencially	EH0 S EH1 N SH AH0 L IY0	ɛˈsɛnʃəli
e/essence.txt	4	adv	essentially	essencially	IY0 S EH1 N SH AH0 L IY0	iˈsɛnʃəli
e/essence.txt	5	f n	essentialism	essencialism		
e/earn.txt	1	v	earn	to êne -s -d -ing	ER1 N	ˈɝn
e/eclipse.txt	1	f n	eclipse	eclipse -s	IH0 K L IH1 P S	ɪˈklɪps
e/eclipse.txt	1	f n	eclipse	eclipse -s	AH0 K L IH1 P S	əˈklɪps
e/eclipse.txt	1	f n	eclipse	eclipse -s	IY0 K L IH1 P S	iˈklɪps
e/eclipse.txt	2	v	eclipse	to eclipse -s -d -ing	IH0 K L IH1 P S	ɪˈklɪps
e/eclipse.txt	2	v	eclipse	to eclipse -s -d -ing	AH0 K L IH1 P S	əˈklɪps
e/eclipse.txt	2	v	eclipse	to eclipse -s -d -ing	IY0 K L IH1 P S	iˈklɪps
e/eclipse.txt	3	adj	ecliptic	ecliptic	IH0 K L IH1 P T IH0 K	ɪˈklɪptɪk
e/event.txt	2	adj	eventual	evențual	AH0 V EH1 N CH UW0 AH0 L	əˈvɛntʃuəl
e/event.txt	2	adj	eventual	evențual	IY0 V EH1 N CH UW0 AH0 L	iˈvɛntʃuəl
e/event.txt	3	adv	eventually	evențally	IH0 V EH1 N CH AH0 W AH0 L IY0	ɪˈvɛntʃəwəli
e/event.txt	3	adv	eventually	evențally	IH0 V EH1 N SH AH0 L IY0	ɪˈvɛnʃəli
e/event.txt	3	adv	eventually	evențally	IY0 V EH1 N CH AH0 W AH0 L IY0	iˈvɛntʃəwəli
e/event.txt	3	adv	eventually	evențally	IY0 V EH1 N SH AH0 L IY0	iˈvɛnʃəli
e/event.txt	4	f n	eventuality	evențualetie -is	AH0 V EH2 N CH UW0 AE1 L IH0 T IY0	əˌvɛntʃuˈælɪti
e/event.txt	4	f n	eventuality	evențualetie -is	IY0 V EH2 N CH UW0 AE1 L IH0 T IY0	iˌvɛntʃuˈælɪti
e/else.txt	1	adj, adv	else	else	EH1 L S	ˈɛls
e/exhort.txt	1	v	exhort	to exorte -s -d -ing	IH0 G Z AO1 R T	ɪɡˈzɔɹt
e/exhort.txt	2	f n	exhortation	exortâcion -s	EH2 G Z AO2 R T EY1 SH AH0 N	ˌɛɡˌzɔɹˈteɪʃən
e/exhort.txt	3	adj	exhortative	exórtatif		
e/exhort.txt	4	adj	exhortatory	exórtatory		
e/extend.txt	1	v	extend	to extende -s -d -ing	IH0 K S T EH1 N D	ɪkˈstɛnd
e/extend.txt	2	f n	extension	extension -s	IH0 K S T EH1 N SH AH0 N	ɪkˈstɛnʃən
e/extend.txt	3	adj	extensive	extensif	IH0 K S T EH1 N S IH0 V	ɪkˈstɛnsɪv
e/extend.txt	4	f n	extent	extente, extènts	IH0 K S T EH1 N T	ɪkˈstɛnt
e/enlarge.txt	1	v	enlarge	to enlarge -s -d -ing	EH2 N L AA1 R JH	ˌɛnˈlɑɹdʒ
e/enlarge.txt	1	v	enlarge	to enlarge -s -d -ing	IH0 N L AA1 R JH	ɪnˈlɑɹdʒ
e/enlarge.txt	2	f n	enlargement	enlargement -s	IH0 N L AA1 R JH M AH0 N T	ɪnˈlɑɹdʒmənt
e/envy.txt	1	m n	envy	envie	EH1 N V IY0	ˈɛnvi
e/envy.txt	2	v	envy	to envie -s -d envying	EH1 N V IY0	ˈɛnvi
e/envy.txt	4	adj	envious	envieus	EH1 N V IY0 AH0 S	ˈɛnviəs
e/envy.txt	5	adj	invidious	invidieus	IH2 N V IH1 D IY0 AH0 S	ˌɪnˈvɪdiəs
e/effusive.txt	1	adj	effusive	effússif	EH1 F Y UW0 S IH0 V	ˈɛfjusɪv
e/effusive.txt	2	f n	effusion	effúsion -s		
e/effusive.txt	3	v	effuse	to effuse -s -d -ing		
e/err.txt	1	v	err	to erre -s -d -ing	EH1 R	ˈɛɹ
e/err.txt	1	v	err	to erre -s -d -ing	ER1	ˈɝ
e/err.txt	3	m n	errancy	errancie, errancis		
e/err.txt	4	adj	erratic	erratic	IH0 R AE1 T IH0 K	ɪˈɹætɪk
e/equal.txt	1	m n, adj	equal	iqual -s	IY1 K W AH0 L	ˈikwəl
e/equal.txt	2	v	equal	to iquale -s -d -ing	IY1 K W AH0 L	ˈikwəl
e/equal.txt	3	v	equalize	to iqualyse -s -d -ing	IY1 K W AH0 L AY2 Z	ˈikwəˌlaɪz
e/equal.txt	4	f n	equalization	iqualisâcion -s	IY2 K W AH0 L IH0 Z EY1 SH AH0 N	ˌikwəlɪˈzeɪʃən
e/equal.txt	5	f n	equality	iquáletie, iquáletis	IH0 K W AA1 L AH0 T IY0	ɪˈkwɑləti
e/evade.txt	1	v	evade	to evâde -s -d -ing	IH0 V EY1 D	ɪˈveɪd
e/evade.txt	1	v	evade	to evâde -s -d -ing	IY0 V EY1 D	iˈveɪd
e/evade.txt	2	f n	evasion	evâsion -s	IH0 V EY1 ZH AH0 N	ɪˈveɪʒən
e/evade.txt	2	f n	evasion	evâsion -s	IY0 V EY1 ZH AH0 N	iˈveɪʒən
e/evade.txt	3	adj	evasive	evâssif	IH0 V EY1 Z IH0 V	ɪˈveɪzɪv
e/evade.txt	3	adj	evasive	evâssif	IY0 V EY1 Z IH0 V	iˈveɪzɪv
e/easel.txt	1	m n	easel	eisele, eisels	IY1 Z AH0 L	ˈizəl
e/example.txt	1	f n	example	example, exampels	IH0 G Z AE1 M P AH0 L	ɪɡˈzæmpəl
e/example.txt	2	f n	exemplar	exèmplar -s	IH0 G Z EH1 M P L AA0 R	ɪɡˈzɛmplɑɹ
e/example.txt	3	adj	exemplary	exèmplary	IH0 G Z EH1 M P L ER0 IY0	ɪɡˈzɛmplɚi
e/experiment.txt	1	f n	experiment	expèriment -s	IH0 K S P EH1 R AH0 M AH0 N T	ɪkˈspɛɹəmənt
e/experiment.txt	2	v	experiment	to expèrimente -s -d -ing	IH0 K S P EH1 R AH0 M AH0 N T	ɪkˈspɛɹəmənt
e/experiment.txt	4	f n	experimentation	experimentâcion -s	IH0 K S P EH2 R AH0 M AH0 N T EY1 SH AH0 N	ɪkˌspɛɹəmənˈteɪʃən
e/experiment.txt	5	f n	experimenter	expèrimentor -s	IH0 K S P EH1 R AH0 M EH2 N T ER0	ɪkˈspɛɹəˌmɛntɚ
e/envision.txt	1	v	envision	to envisione -s -d -ing	EH0 N V IH1 ZH AH0 N	ɛnˈvɪʒən
e/empower.txt	1	v	empower	to empôuir empôure(s empôured empôuiring	IH0 M P AW1 ER0	ɪmˈpaʊɚ
e/evict.txt	1	v	evict	to evicte evics -d -ing	IH0 V IH1 K T	ɪˈvɪkt
e/evict.txt	3	f n	evictee	evictíe, evictís		
e/eager.txt	1	adj	eager	eigre -ly -ness	IY1 G ER0	ˈiɡɚ
e/earnest.txt	1	adj, m n	earnest	ênost -s -ly -ness	ER1 N IH0 S T	ˈɝnɪst
e/erect.txt	1	v	erect	to erecte erecs -d -ing	IH0 R EH1 K T	ɪˈɹɛkt
e/erect.txt	2	adj	erect	erèct	IH0 R EH1 K T	ɪˈɹɛkt
e/erect.txt	3	f n	erection	ereccion -s	IH0 R EH1 K SH AH0 N	ɪˈɹɛkʃən
e/erect.txt	4	adj	erectile	erèctil		
e/explore.txt	1	v	explore	to explore -s -d -ing	IH0 K S P L AO1 R	ɪkˈsplɔɹ
e/explore.txt	3	f n	explorer	explorer -s	IH0 K S P L AO1 R ER0	ɪkˈsplɔɹɚ
e/explore.txt	4	adj	exploratory	explóratory	IH0 K S P L AO1 R AH0 T AO2 R IY0	ɪkˈsplɔɹəˌtɔɹi
e/enable.txt	1	v	enable	to enâble -s -d -ing	EH0 N EY1 B AH0 L	ɛˈneɪbəl
e/enable.txt	1	v	enable	to enâble -s -d -ing	IH0 N EY1 B AH0 L	ɪˈneɪbəl
e/enable.txt	2	f n	enabler	enâbler -s	EH0 N EY1 B AH0 L ER0	ɛˈneɪbəlɚ
e/enable.txt	2	f n	enabler	enâbler -s	EH0 N EY1 B L ER0	ɛˈneɪblɚ
e/enable.txt	2	f n	enabler	enâbler -s	IH0 N EY1 B L ER0	ɪˈneɪblɚ
e/enable.txt	2	f n	enabler	enâbler -s	IH0 N EY1 B AH0 L ER0	ɪˈneɪbəlɚ
e/enlist.txt	1	v	enlist	to enliste -s -d -ing	EH2 N L IH1 S T	ˌɛnˈlɪst
e/enlist.txt	2	f n	enlistment	enlistement -s	EH0 N L IH1 S T M AH0 N T	ɛnˈlɪstmənt
e/encase.txt	1	v	encase	to encaisse -s -d -ing	EH0 N K EY1 S	ɛnˈkeɪs
e/endure.txt	1	v	endure	to endûre -s -d -ing	EH0 N D Y UH1 R	ɛndˈjʊɹ
e/endure.txt	1	v	endure	to endûre -s -d -ing	IH0 N D UH1 R	ɪnˈdʊɹ
e/endure.txt	2	f n	endurance	endûrance -s	EH1 N D ER0 AH0 N S	ˈɛndɚəns
e/endure.txt	4	adj	enduring	endûring	EH0 N D Y UH1 R IH0 NG	ɛndˈjʊɹɪŋ
e/endure.txt	4	adj	enduring	endûring	IH0 N D UH1 R IH0 NG	ɪnˈdʊɹɪŋ
e/endure.txt	5	f n	induration	indurâcion -s		
e/exact.txt	1	adj	exact	exact	IH0 G Z AE1 K T	ɪɡˈzækt
e/exact.txt	2	v	exact	to exacte exacs -d -ing	IH0 G Z AE1 K T	ɪɡˈzækt
e/exact.txt	3	adv	exactly	exactly	IH0 G Z AE1 K T L IY0	ɪɡˈzæktli
e/exact.txt	4	f n	exactitude	exàctitude, exàctituds	IH0 G Z AE1 K T AH0 T UW2 D	ɪɡˈzæktəˌtud
e/Earth.txt	1	m n	Earth	Erþ	ER1 TH	ˈɝθ
e/equivocate.txt	1	adj	equivocal	eqüivocal	IH0 K W IH1 V AH0 K AH0 L	ɪˈkwɪvəkəl
e/equivocate.txt	2	v	equivocate	to eqüivocait -s -ed -ing	IH0 K W IH1 V AH0 K EY2 T	ɪˈkwɪvəˌkeɪt
e/equivocate.txt	3	f n	equivocator	eqüivocaitor -s		
e/equivocate.txt	4	f n	equivocation	eqüivocâcion -s	IH0 K W IH0 V AH0 K EY1 SH AH0 N	ɪkwɪvəˈkeɪʃən
e/equivocate.txt	5	adj	unequivocal	uneqüivocal	AH2 N IH0 K W IH1 V AH0 K AH0 L	ˌʌnɪˈkwɪvəkəl
e/equivocate.txt	5	adj	unequivocal	uneqüivocal	AH2 N IY0 K W IH1 V AH0 K AH0 L	ˌʌniˈkwɪvəkəl
e/embarrass.txt	1	v	embarrass	to embârasse -s -d -ing	IH0 M B EH1 R AH0 S	ɪmˈbɛɹəs
e/embarrass.txt	2	f n	embarrassment	embârassement -s	IH0 M B EH1 R AH0 S M AH0 N T	ɪmˈbɛɹəsmənt
e/eunuch.txt	1	m n	eunuch	eunoc, eunox	Y UW1 N AH0 K	ˈjunək
e/elegy.txt	1	m n	elegy	elegie, elegis	EH1 L AH0 JH IY2	ˈɛləˌdʒi
e/elegy.txt	2	f n	elegiac	elegîac -s		
e/elegy.txt	3	m n	elegist	elegist -s		
e/Europe.txt	1	m n	Europe	Europe	Y UH1 R AH0 P	ˈjʊɹəp
e/Europe.txt	2	adj	European	europían	Y UH2 R AH0 P IY1 AH0 N	ˌjʊɹəˈpiən
e/Europe.txt	3	adj	eurocentric	eurocentric		
e/extra.txt	1	m n	extra	extra -s	EH1 K S T R AH0	ˈɛkstɹə
e/extra.txt	2	adj	extraneous	extrânieus -ly	EH0 K S T R EY1 N IY0 AH0 S	ɛkˈstɹeɪniəs
e/extra.txt	3	adj	extravagant	extràvagant	EH0 K S T R AE1 V AH0 G AH0 N T	ɛkˈstɹævəɡənt
e/extra.txt	4	f n	extravagance	extràvagance -s	EH0 K S T R AE1 V AH0 G AH0 N S	ɛkˈstɹævəɡəns
e/extra.txt	5	f n	extravaganza	extravagànza -s	EH0 K S T R AE2 V AH0 G AE1 N Z AH0	ɛkˌstɹævəˈɡænzə
e/escalate.txt	1	v	escalate	to escalait -s -ed -ing	EH1 S K AH0 L EY2 T	ˈɛskəˌleɪt
e/escalate.txt	2	m n	escalator	escalaitor -s	EH1 S K AH0 L EY2 T ER0	ˈɛskəˌleɪtɚ
e/escalate.txt	3	f n	escalation	escalâcion -s	EH2 S K AH0 L EY1 SH AH0 N	ˌɛskəˈleɪʃən
e/escalate.txt	4	m n	escalade	escalâd -s	EH2 S K AH0 L AA1 D	ˌɛskəˈlɑd
e/embark.txt	1	v	embark	to embarque embarc(s -d -ing	EH0 M B AA1 R K	ɛmˈbɑɹk
e/embark.txt	1	v	embark	to embarque embarc(s -d -ing	IH0 M B AA1 R K	ɪmˈbɑɹk
e/embark.txt	2	f n	embarkation	embarcâcion -s	EH2 M B AA0 R K EY1 SH AH0 N	ˌɛmbɑɹˈkeɪʃən
e/electronic.txt	1	f n	electron	electron -s	IH2 L EH1 K T R AA0 N	ˌɪˈlɛktɹɑn
e/electronic.txt	2	adj	electronic	electronic	IH2 L EH2 K T R AA1 N IH0 K	ˌɪˌlɛkˈtɹɑnɪk
e/electronic.txt	3	f n	electronics	electronics	IH2 L EH2 K T R AA1 N IH0 K S	ˌɪˌlɛkˈtɹɑnɪks
e/electronic.txt	4	f n	electrode	elèctrode, elèctreods	IH2 L EH1 K T R OW0 D	ˌɪˈlɛktɹoʊd
e/exercise.txt	1	m n	exercise	exercyse	EH1 K S ER0 S AY2 Z	ˈɛksɚˌsaɪz
e/exercise.txt	2	v	exercise	to exercyse -s -d -ing	EH1 K S ER0 S AY2 Z	ˈɛksɚˌsaɪz
e/explain.txt	1	v	explain	to explaine -s -d -ing	IH0 K S P L EY1 N	ɪkˈspleɪn
e/explain.txt	2	adj	explainable	explaînable -y	IH0 K S P L EY1 N AH0 B AH0 L	ɪkˈspleɪnəbəl
e/explain.txt	3	f n	explanation	explanâcion -s	EH2 K S P L AH0 N EY1 SH AH0 N	ˌɛkspləˈneɪʃən
e/explain.txt	4	adj	explanatory	explànatory	IH0 K S P L AE1 N AH0 T AO2 R IY0	ɪkˈsplænəˌtɔɹi
e/exemplify.txt	1	v	exemplify	to exèmplifae -s -d exèmplifyhing	IH0 G Z EH1 M P L AH0 F AY2	ɪɡˈzɛmpləˌfaɪ
e/exemplify.txt	2	f n	exemplification	exemplificâcion -s		
e/enemy.txt	1	m n	enemy	enemie -is	EH1 N AH0 M IY0	ˈɛnəmi
e/eke.txt	1	v	eke	to eic -s -hed -hing	IY1 K	ˈik
e/enrage.txt	1	v	enrage	to enraige -s -d -ing	EH0 N R EY1 JH	ɛnˈɹeɪdʒ
e/emaciate.txt	1	v	emaciate	to emâçiait -s -ed -ing	IH0 M EY1 SH IY0 EY2 T	ɪˈmeɪʃiˌeɪt
e/emaciate.txt	2	f n	emaciation	emaçiâcion		
e/enthrone.txt	1	v	enthrone	to enþrone -s -d -ing		
e/each.txt	1	adj	each	eic̃	IY1 CH	ˈitʃ
e/estimate.txt	1	v	estimate	to estimait -s -ed -ing	EH1 S T AH0 M AH0 T	ˈɛstəmət
e/estimate.txt	1	v	estimate	to estimait -s -ed -ing	EH1 S T AH0 M EY2 T	ˈɛstəˌmeɪt
e/estimate.txt	2	f n	estimation	estimâcion -s	EH2 S T AH0 M EY1 SH AH0 N	ˌɛstəˈmeɪʃən
e/estimate.txt	3	m n	estimate	estimate, estimats	EH1 S T AH0 M AH0 T	ˈɛstəmət
e/estimate.txt	3	m n	estimate	estimate, estimats	EH1 S T AH0 M EY2 T	ˈɛstəˌmeɪt
e/entrance.txt	1	v	entrance	to entranse -s -d -ing	EH1 N T R AH0 N S	ˈɛntɹəns
e/entertain.txt	1	v	entertain	to enterteine -s -d -ing	EH2 N T ER0 T EY1 N	ˌɛntɚˈteɪn
e/entertain.txt	1	v	entertain	to enterteine -s -d -ing	EH2 N ER0 T EY1 N	ˌɛnɚˈteɪn
e/entertain.txt	2	f n	entertainer	enterteiner -s	EH2 N T ER0 T EY1 N ER0	ˌɛntɚˈteɪnɚ
e/entertain.txt	2	f n	entertainer	enterteiner -s	EH2 N ER0 T EY1 N ER0	ˌɛnɚˈteɪnɚ
e/entertain.txt	3	f n, adj	entertainment	entertéinment -s	EH2 N T ER0 T EY1 N M AH0 N T	ˌɛntɚˈteɪnmənt
e/entertain.txt	3	f n, adj	entertainment	entertéinment -s	EH2 N ER0 T EY1 N M AH0 N T	ˌɛnɚˈteɪnmənt
e/etch.txt	1	v	etch	to aic̃e -s -d -ing	EH1 CH	ˈɛtʃ
e/exist.txt	1	v	exist	to existe -s -d -ing	IH0 G Z IH1 S T	ɪɡˈzɪst
e/exist.txt	2	f n	existence	existence -s	EH0 G Z IH1 S T AH0 N S	ɛɡˈzɪstəns
e/exist.txt	2	f n	existence	existence -s	IH0 G Z IH1 S T AH0 N S	ɪɡˈzɪstəns
e/exist.txt	3	adj	existent	existent	EH0 G Z IH1 S T AH0 N T	ɛɡˈzɪstənt
e/exist.txt	4	adj	existential	existencial	EH2 G Z IH2 S T EH1 N SH AH0 L	ˌɛɡˌzɪˈstɛnʃəl
e/exist.txt	5	f n	existentialism	existencialism		
e/exhaust.txt	1	v	exhaust	to exauste -s -d -ing	IH0 G Z AO1 S T	ɪɡˈzɔst
e/exhaust.txt	2	f n	exhaust	exauste	IH0 G Z AO1 S T	ɪɡˈzɔst
e/exhaust.txt	3	f n	exhaustion	exaustion	IH0 G Z AO1 S CH AH0 N	ɪɡˈzɔstʃən
e/exhaust.txt	4	adj	exhaustive	exausstif	IH0 G Z AO1 S T IH0 V	ɪɡˈzɔstɪv
e/erode.txt	1	v	erode	to erode -s -d -ing	IH0 R OW1 D	ɪˈɹoʊd
e/erode.txt	1	v	erode	to erode -s -d -ing	IY1 R OW0 D	ˈiɹoʊd
e/epoch.txt	1	m n	epoch	ípoch, ípocs	EH1 P AH0 K	ˈɛpək
e/epoch.txt	1	m n	epoch	ípoch, ípocs	IY1 P AH0 K	ˈipək
e/epoch.txt	2	adj	epochal	ípocal	EH1 P AH0 K AH0 L	ˈɛpəkəl
e/ensue.txt	1	v	ensue	to ensúe -s -d ensúing	IH0 N S UW1	ɪnˈsu
e/execute.txt	1	v	execute	to èxecute -s -d -ing	EH1 K S AH0 K Y UW2 T	ˈɛksəˌkjut
e/execute.txt	2	m n	executor	executor -s	IH0 G Z EH1 K Y AH0 T ER0	ɪɡˈzɛkjətɚ
e/execute.txt	3	f n	execution	execúcion -s	EH2 K S AH0 K Y UW1 SH AH0 N	ˌɛksəˈkjuʃən
e/execute.txt	4	f n	executioner	execúcionor	EH2 K S AH0 K Y UW1 SH AH0 N ER0	ˌɛksəˈkjuʃənɚ
e/execute.txt	5	adj, f n	executive	exècutif -s	IH0 G Z EH1 K Y AH0 T IH0 V	ɪɡˈzɛkjətɪv
e/execute.txt	7	adj	executory	exècutory		
e/eschew.txt	1	v	eschew	to eșue -s -d -ing	EH0 S CH UW1	ɛsˈtʃu
e/eternal.txt	1	adj	eternal	etênal -ly	IH0 T ER1 N AH0 L	ɪˈtɝnəl
e/eternal.txt	1	adj	eternal	etênal -ly	IY0 T ER1 N AH0 L	iˈtɝnəl
e/eternal.txt	2	f n	eternity	etênetie, etênetis	IH0 T ER1 N AH0 T IY0	ɪˈtɝnəti
e/eternal.txt	2	f n	eternity	etênetie, etênetis	IY0 T ER1 N AH0 T IY0	iˈtɝnəti
e/eligible.txt	1	adj	eligible	eligible	EH1 L AH0 JH AH0 B AH0 L	ˈɛlədʒəbəl
e/eligible.txt	1	adj	eligible	eligible	EH1 L IH0 JH AH0 B AH0 L	ˈɛlɪdʒəbəl
e/eligible.txt	2	f n	eligibility	eligibilitie, eligibilitis	EH2 L IH0 JH AH0 B IH1 L IH0 T IY0	ˌɛlɪdʒəˈbɪlɪti
e/eligible.txt	3	adj	ineligible	inèligible	IH2 N EH1 L IH0 JH AH0 B AH0 L	ˌɪˈnɛlɪdʒəbəl
e/exempt.txt	2	v	exempt	to exempte exemps -d -ing	IH0 G Z EH1 M P T	ɪɡˈzɛmpt
e/expose.txt	1	v	expose	to expose -s -d -ing	IH0 K S P OW1 Z	ɪkˈspoʊz
e/expose.txt	3	f n	exposure	expoșure, expoșurs	IH0 K S P OW1 ZH ER0	ɪkˈspoʊʒɚ
e/expose.txt	4	f n	exposition	exposicion -s	EH2 K S P AH0 Z IH1 SH AH0 N	ˌɛkspəˈzɪʃən
e/expose.txt	5	adj	expository	expository		
e/error.txt	2	adj	erroneous	errónieus -ly	EH0 R OW1 N IY0 AH0 S	ɛˈɹoʊniəs
e/error.txt	2	adj	erroneous	errónieus -ly	ER0 OW1 N IY0 AH0 S	ɚˈoʊniəs
e/error.txt	3	v	err	to erre -s -d -ing	EH1 R	ˈɛɹ
e/error.txt	3	v	err	to erre -s -d -ing	ER1	ˈɝ
e/engulf.txt	1	v	engulf	to engulfe -s -d -ing	IH0 N G AH1 L F	ɪnˈɡʌlf
e/ether.txt	2	adj	ethereal	eþírial	IH0 TH IH1 R IY0 AH0 L	ɪˈθɪɹiəl
e/effluent.txt	1	adj	effluent	èffluent	EH1 F L UW0 AH0 N T	ˈɛfluənt
e/effluent.txt	2	m n	effluence	èffluence -s	EH1 F L UW0 AH0 N S	ˈɛfluəns
e/effluent.txt	3	f n	effluvium	efflúviom -s		
e/elapse.txt	1	v	elapse	to elapse -s -d -ing	IH0 L AE1 P S	ɪˈlæps
e/embellish.txt	1	v	embellish	to embellișe -s -d -ing	IH0 M B EH1 L IH0 SH	ɪmˈbɛlɪʃ
e/embellish.txt	2	f n	embellishment	embellișement -s	EH0 M B EH1 L IH0 SH M AH0 N T	ɛmˈbɛlɪʃmənt
e/espouse.txt	1	v	espouse	to espôse -s -d -ing	IH0 S P AW1 Z	ɪˈspaʊz
e/espouse.txt	1	v	espouse	to espôse -s -d -ing	IH0 S P AW1 S	ɪˈspaʊs
e/espouse.txt	2	f n	espousal	espôsal -s		
e/eccentric.txt	1	adj	eccentric	eccentric	IH0 K S EH1 N T R IH0 K	ɪkˈsɛntɹɪk
e/eccentric.txt	1	adj	eccentric	eccentric	EH2 K S EH1 N T R IH0 K	ˌɛkˈsɛntɹɪk
e/eccentric.txt	2	f n	eccentricity	eccentricitie, eccentricitis	EH2 K S AH0 N T R IH1 S AH0 T IY0	ˌɛksənˈtɹɪsəti
e/ephebe.txt	1	f n	ephebe	efiebe, efiebs		
e/ephebe.txt	2	adj	ephebic	efiebic		
e/external.txt	1	adj	external	extênal	IH0 K S T ER1 N AH0 L	ɪkˈstɝnəl
e/external.txt	2	f n	externality	externaletie, externaletis		
e/external.txt	3	v	externalize	to extênalyse -s -d -ing		
e/epidemic.txt	1	adj	epidemic	epidemic	EH2 P AH0 D EH1 M IH0 K	ˌɛpəˈdɛmɪk
e/epidemic.txt	1	adj	epidemic	epidemic	EH2 P IH0 D EH1 M IH0 K	ˌɛpɪˈdɛmɪk
e/epidemic.txt	2	f n	epidemic	epidemic -s	EH2 P AH0 D EH1 M IH0 K	ˌɛpəˈdɛmɪk
e/epidemic.txt	2	f n	epidemic	epidemic -s	EH2 P IH0 D EH1 M IH0 K	ˌɛpɪˈdɛmɪk
e/epidemic.txt	3	f n	epidemiology	epidiemiologie	EH2 P AH0 D EH2 M IY0 AA1 L AH0 JH IY0	ˌɛpəˌdɛmiˈɑlədʒi
e/energy.txt	1	m n	energy	energie, energis	EH1 N ER0 JH IY0	ˈɛnɚdʒi
e/energy.txt	2	v	energize	to energyse -s -d -ing	EH1 N ER0 JH AY2 Z	ˈɛnɚˌdʒaɪz
e/energy.txt	3	adj	energetic	energetic -ly	EH2 N ER0 JH EH1 T IH0 K	ˌɛnɚˈdʒɛtɪk
e/equip.txt	1	v	equip	to eqüipe -s -d -ing	IH0 K W IH1 P	ɪˈkwɪp
e/equip.txt	2	f n	equipment	eqüipment -s	IH0 K W IH1 P M AH0 N T	ɪˈkwɪpmənt
e/equip.txt	3	f n	equiparation	equiparâcion -s		
e/expatiate.txt	1	v	expatiate	to expâçiait -s -ed -ing		
e/eliminate.txt	1	v	eliminate	to eliminait -s -ed -ing	IH0 L IH1 M AH0 N EY2 T	ɪˈlɪməˌneɪt
e/eliminate.txt	2	f n	elimination	eliminâcion	IH0 L IH2 M AH0 N EY1 SH AH0 N	ɪˌlɪməˈneɪʃən
e/element.txt	1	m n	element	èlement, èlements	EH1 L AH0 M AH0 N T	ˈɛləmənt
e/element.txt	2	adj	elemental	elemental	EH2 L AH0 M EH1 N T AH0 L	ˌɛləˈmɛntəl
e/element.txt	2	adj	elemental	elemental	EH2 L AH0 M EH1 N AH0 L	ˌɛləˈmɛnəl
e/element.txt	3	f n	elemental	elemental -s	EH2 L AH0 M EH1 N T AH0 L	ˌɛləˈmɛntəl
e/element.txt	3	f n	elemental	elemental -s	EH2 L AH0 M EH1 N AH0 L	ˌɛləˈmɛnəl
e/element.txt	4	adj	elementary	elemèntry	EH2 L AH0 M EH1 N T R IY0	ˌɛləˈmɛntɹi
e/element.txt	4	adj	elementary	elemèntry	EH2 L AH0 M EH1 N T ER0 R IY0	ˌɛləˈmɛntɚɹi
e/element.txt	4	adj	elementary	elemèntry	EH2 L AH0 M EH1 N CH R IY0	ˌɛləˈmɛntʃɹi
e/empiric.txt	1	adj	empiric	empíric		
e/empiric.txt	2	adj	empirical	empírical	EH2 M P IH1 R IH0 K AH0 L	ˌɛmˈpɪɹɪkəl
e/empiric.txt	3	f n	empiricism	empíricism	EH0 M P IH1 R AH0 S IH2 Z AH0 M	ɛmˈpɪɹəˌsɪzəm
e/empiric.txt	4	f n	empiricist	empíricist -s	IH0 M P IH1 R AH0 S AH0 S T	ɪmˈpɪɹəsəst
e/enamel.txt	1	v	enamel	to enamele -s -d -ing	IH0 N AE1 M AH0 L	ɪˈnæməl
e/enamel.txt	2	f n	enamel	enamele	IH0 N AE1 M AH0 L	ɪˈnæməl
e/euouae.txt	1	f n	euouae	euouae		
e/exhibit.txt	1	v	exhibit	to exhibit -s -ed -ing	IH0 G Z IH1 B IH0 T	ɪɡˈzɪbɪt
e/exhibit.txt	2	f n	exhibit	exhibit -s	IH0 G Z IH1 B IH0 T	ɪɡˈzɪbɪt
e/exhibit.txt	3	f n	exhibition	exhibicion -s	EH2 K S AH0 B IH1 SH AH0 N	ˌɛksəˈbɪʃən
e/engage.txt	1	v	engage	to engâge -s -d -ing	EH0 N G EY1 JH	ɛnˈɡeɪdʒ
e/economy.txt	1	f n	economy	economie, economis	IH0 K AA1 N AH0 M IY0	ɪˈkɑnəmi
e/economy.txt	1	f n	economy	economie, economis	IY0 K AA1 N AH0 M IY0	iˈkɑnəmi
e/economy.txt	2	adj	economic	economic	EH2 K AH0 N AA1 M IH0 K	ˌɛkəˈnɑmɪk
e/economy.txt	2	adj	economic	economic	IY2 K AH0 N AA1 M IH0 K	ˌikəˈnɑmɪk
e/economy.txt	3	adj	economical	economical	EH2 K AH0 N AA1 M IH0 K AH0 L	ˌɛkəˈnɑmɪkəl
e/economy.txt	3	adj	economical	economical	IY2 K AH0 N AA1 M IH0 K AH0 L	ˌikəˈnɑmɪkəl
e/economy.txt	4	f n	economics	economics	EH2 K AH0 N AA1 M IH0 K S	ˌɛkəˈnɑmɪks
e/economy.txt	4	f n	economics	economics	IY2 K AH0 N AA1 M IH0 K S	ˌikəˈnɑmɪks
e/edifice.txt	2	v	edify	to edifae -s -d edifyhing	EH1 D AH0 F AY2	ˈɛdəˌfaɪ
e/edifice.txt	3	f n	edification	edificâcion -s	EH2 D AH0 F AH0 K EY1 SH AH0 N	ˌɛdəfəˈkeɪʃən
e/exploit.txt	1	m n	exploit	exploit -s	EH1 K S P L OY2 T	ˈɛkˌsplɔɪt
e/exploit.txt	1	m n	exploit	exploit -s	EH2 K S P L OY1 T	ˌɛkˈsplɔɪt
e/exploit.txt	2	v	exploit	to exploite -s -d -ing	EH1 K S P L OY2 T	ˈɛkˌsplɔɪt
e/exploit.txt	2	v	exploit	to exploite -s -d -ing	EH2 K S P L OY1 T	ˌɛkˈsplɔɪt
e/exploit.txt	3	f n	exploitation	exploitâcion -s	EH2 K S P L OY2 T EY1 SH AH0 N	ˌɛkˌsplɔɪˈteɪʃən
e/exploit.txt	4	adj	exploitative	exploitatif	EH2 K S P L OY1 T AH0 T IH0 V	ˌɛkˈsplɔɪtətɪv
e/enumerate.txt	1	v	enumerate	to enúmerait -s -ed -ing	IH0 N UW1 M ER0 EY2 T	ɪˈnumɚˌeɪt
e/enumerate.txt	2	f n	enumeration	enumerâcion -s	IH0 N UW2 M ER0 EY1 SH AH0 N	ɪˌnumɚˈeɪʃən
e/exert.txt	1	v	exert	to exête -s -d -ing	IH0 G Z ER1 T	ɪɡˈzɝt
e/exert.txt	2	f n	exertion	exêcion -s	IH0 G Z ER1 SH AH0 N	ɪɡˈzɝʃən
e/epilogue.txt	1	m n	epilogue	èpilogue, èpilogs	EH1 P AH0 L AO2 G	ˈɛpəˌlɔɡ
e/exacerbate.txt	1	v	exacerbate	to exacerbait -s -ed -ing	IH0 G Z AE1 S ER0 B EY2 T	ɪɡˈzæsɚˌbeɪt
e/exacerbate.txt	2	f n	exacerbation	exacerbâcion -s	IH0 G Z AE2 S ER0 B EY1 SH AH0 N	ɪɡˌzæsɚˈbeɪʃən
e/explicit.txt	1	adj	explicit	explicit	IH0 K S P L IH1 S AH0 T	ɪkˈsplɪsət
e/explicit.txt	2	adv	explicitly	explicitly	IH0 K S P L IH1 S AH0 T L IY0	ɪkˈsplɪsətli
e/exhale.txt	1	v	exhale	to exhâle -s -d -ing	EH0 K S HH EY1 L	ɛksˈheɪl
e/exhale.txt	2	f n	exhalation	exhalâcion -s	EH2 K S HH AH0 L EY1 SH AH0 N	ˌɛkshəˈleɪʃən
e/elope.txt	1	v	elope	to elope -s -d -ing	IH0 L OW1 P	ɪˈloʊp
e/elope.txt	2	f n	elopement	elopement		
e/encage.txt	1	v	incage	to encâge -s -d -ing		
e/encage.txt	1	v	encage	to encâge -s -d -ing		
e/emollient.txt	1	adj	emollient	emollient		
e/emollient.txt	2	f n	emollient	emollient -s		
e/emollient.txt	3	f n	emollience	emollience		
e/exceed.txt	1	v	exceed	to excide -s -d -ing	IH0 K S IY1 D	ɪkˈsid
e/exceed.txt	2	adj	excessive	excessif	IH0 K S EH1 S IH0 V	ɪkˈsɛsɪv
e/exceed.txt	3	f n	excess	excesse -s	EH1 K S EH2 S	ˈɛkˌsɛs
e/exceed.txt	3	f n	excess	excesse -s	IH0 K S EH1 S	ɪkˈsɛs
e/expound.txt	1	v	expound	to expônde -s -d -ing	IH0 K S P AW1 N D	ɪkˈspaʊnd
e/emote.txt	1	f n	emotion	emocion -s	IH0 M OW1 SH AH0 N	ɪˈmoʊʃən
e/emote.txt	1	f n	emotion	emocion -s	IY1 M OW2 SH AH0 N	ˈiˌmoʊʃən
e/emote.txt	2	v	emote	to emote -s -d -ing		
e/emote.txt	3	adj	emotive	emótif -vly	IH0 M OW1 T IH0 V	ɪˈmoʊtɪv
e/emote.txt	3	adj	emotive	emótif -vly	IY1 M OW2 T IH0 V	ˈiˌmoʊtɪv
e/emote.txt	4	adj	emotional	emocional -ly	IH0 M OW1 SH AH0 N AH0 L	ɪˈmoʊʃənəl
e/emote.txt	4	adj	emotional	emocional -ly	IY1 M OW2 SH AH0 N AH0 L	ˈiˌmoʊʃənəl
e/emote.txt	5	f n	emoticon	emóticon -s	AH0 M OW1 T AH0 K AA2 N	əˈmoʊtəˌkɑn
e/emote.txt	6	adj	emotionless	emocionless -ly		
e/emphasis.txt	1	m n	emphasis	emphasis, emphasies	EH1 M F AH0 S AH0 S	ˈɛmfəsəs
e/emphasis.txt	1	m n	emphasis	emphasis, emphasies	EH1 M F AH0 S IH0 S	ˈɛmfəsɪs
e/emphasis.txt	2	v	emphasize	to emphasyse -s -d -ing	EH1 M F AH0 S AY2 Z	ˈɛmfəˌsaɪz
e/emphasis.txt	3	adj	emphatic	emphatic	EH0 M F AE1 T IH0 K	ɛmˈfætɪk
e/epistemic.txt	1	adj	epistemic	epistemic	EH2 P IH0 S T EH1 M IH0 K	ˌɛpɪˈstɛmɪk
e/epistemic.txt	2	f n	epistemology	epistemologie, epistemologis	EH0 P IH2 S T AH0 M AA1 L AH0 JH IY2	ɛˌpɪstəˈmɑləˌdʒi
e/epistemic.txt	3	adj	epistemological	epistemological	EH0 P IH2 S T AH0 M AA0 L AA1 JH IY2 K AH0 L	ɛˌpɪstəmɑˈlɑˌdʒikəl
e/effort.txt	1	m n	effort	effort -s	EH1 F ER0 T	ˈɛfɚt
e/effort.txt	2	adj	effortless	effortless	EH1 F ER0 T L AH0 S	ˈɛfɚtləs
e/encroach.txt	1	v	encroach	to encroc̃e -s -d -ing	IH0 N K R OW1 CH	ɪnˈkɹoʊtʃ
e/encroach.txt	2	f n	encroachment	encroc̃ement -s	EH0 N K R OW1 CH M AH0 N T	ɛnˈkɹoʊtʃmənt
e/effigy.txt	1	m n	effigy	effigie, effigis	EH1 F IH0 JH IY0	ˈɛfɪdʒi
e/enervate.txt	1	f n	enervation	enervâcion -s		
e/enervate.txt	2	v	enervate	to enervait -s -ed -ing		
e/enervate.txt	3	adj	enervate	enêvate -ly		
e/emulate.txt	1	f n	emulation	emulâcion -s	EH2 M Y AH0 L EY1 SH AH0 N	ˌɛmjəˈleɪʃən
e/emulate.txt	2	v	emulate	to emulait -s -ed -ing	EH1 M Y AH0 L EY2 T	ˈɛmjəˌleɪt
e/emulate.txt	3	adj	emulous	emulus -sly -sness		
e/emulate.txt	4	m n	emulator	emulaitor -s	EH1 M Y AH0 L EY2 T ER0	ˈɛmjəˌleɪtɚ
e/era.txt	1	m n	era	èra -s	EH1 R AH0	ˈɛɹə
e/era.txt	1	m n	era	èra -s	IH1 R AH0	ˈɪɹə
e/emancipate.txt	1	v	emancipate	to emàncipait -s -ed -ing	IH0 M AE1 N S AH0 P EY2 T	ɪˈmænsəˌpeɪt
e/emancipate.txt	2	f n	emancipation	emancipâcion -s	IH0 M AE2 N S AH0 P EY1 SH AH0 N	ɪˌmænsəˈpeɪʃən
e/emancipate.txt	3	f n	emancipator	emàncipaitor -s		
e/emancipate.txt	4	adj	emancipatory	emàncipatory		
e/expend.txt	1	v	expend	to expende -s -d -ing	IH0 K S P EH1 N D	ɪkˈspɛnd
e/expend.txt	2	f n	expense	expense -s	IH0 K S P EH1 N S	ɪkˈspɛns
e/expend.txt	3	adj	expensive	expensif	IH0 K S P EH1 N S IH0 V	ɪkˈspɛnsɪv
e/expend.txt	4	f n	expenditure	expendițure, expendițurs	IH0 K S P EH1 N D AH0 CH ER0	ɪkˈspɛndətʃɚ
e/expend.txt	4	f n	expenditure	expendițure, expendițurs	IH0 K S P EH1 N D IH0 CH ER0	ɪkˈspɛndɪtʃɚ
e/experience.txt	1	f n	experience	expírience -s	IH0 K S P IH1 R IY0 AH0 N S	ɪkˈspɪɹiəns
e/experience.txt	2	v	experience	to expírience -s -d -ing	IH0 K S P IH1 R IY0 AH0 N S	ɪkˈspɪɹiəns
e/experience.txt	3	adj	experiential	expiriencial	EH0 K S P EH2 R IY0 EH1 N SH AH0 L	ɛkˌspɛɹiˈɛnʃəl
e/enter.txt	1	v	enter	to enter entre(s entred entering	EH1 N T ER0	ˈɛntɚ
e/enter.txt	1	v	enter	to enter entre(s entred entering	EH1 N ER0	ˈɛnɚ
e/enter.txt	4	m n	entry	entrie, entris	EH1 N T R IY0	ˈɛntɹi
e/evoke.txt	1	v	evoke	to evoque evoac(s -d -ing	IH0 V OW1 K	ɪˈvoʊk
e/evoke.txt	1	v	evoke	to evoque evoac(s -d -ing	IY0 V OW1 K	iˈvoʊk
e/evoke.txt	2	f n	evocation	evocâcion -s	IY2 V OW0 K EY1 SH AH0 N	ˌivoʊˈkeɪʃən
e/evoke.txt	3	adj	evocative	evoccatif	IH0 V AA1 K AH0 T IH0 V	ɪˈvɑkətɪv
e/eider.txt	1	m n	eider	aedre, aedars		
e/eider.txt	2	m n	eiderdown	aedardôn -s		
e/emerald.txt	1	m n	emerald	emerald -s	EH1 M R AH0 L D	ˈɛmɹəld
e/emerald.txt	1	m n	emerald	emerald -s	EH1 M ER0 R AH0 L D	ˈɛmɚɹəld
e/extraordinary.txt	1	adj, adv	extraordinary	extrórdinairy, extrordinârily	EH2 K S T R AH0 AO1 R D AH0 N EH2 R IY0	ˌɛkstɹəˈɔɹdəˌnɛɹi
e/extraordinary.txt	1	adj, adv	extraordinary	extrórdinairy, extrordinârily	IH0 K S T R AO1 R D AH0 N EH2 R IY0	ɪkˈstɹɔɹdəˌnɛɹi
e/enforce.txt	1	v	enforce	to enforce -s -d -ing	EH0 N F AO1 R S	ɛnˈfɔɹs
e/enforce.txt	2	f n	enforcement	enforcement -s	EH0 N F AO1 R S M AH0 N T	ɛnˈfɔɹsmənt
e/enforce.txt	3	adj	enforceable	enforçable -y	EH0 N F AO1 R S AH0 B AH0 L	ɛnˈfɔɹsəbəl
e/enthusiasm.txt	1	f n	enthusiasm	enþousïasm	IH0 N TH UW1 Z IY0 AE2 Z AH0 M	ɪnˈθuziˌæzəm
e/enthusiasm.txt	2	adj	enthusiastic	enþousïastic	IH0 N TH UW2 Z IY0 AE1 S T IH0 K	ɪnˌθuziˈæstɪk
e/enthusiasm.txt	3	v	enthuse	to enþouse -s -d -ing	IH0 N TH UW1 Z	ɪnˈθuz
e/efficient.txt	1	adj	efficient	effiçent	IH0 F IH1 SH AH0 N T	ɪˈfɪʃənt
e/efficient.txt	2	f n	efficiency	effiçencie, effiçencis	IH0 F IH1 SH AH0 N S IY0	ɪˈfɪʃənsi
e/esteem.txt	1	v	esteem	to estime -s -d -ing	AH0 S T IY1 M	əˈstim
e/esteem.txt	2	f n	esteem	estime	AH0 S T IY1 M	əˈstim
e/engine.txt	1	m n	engine	èngine, engins	EH1 N JH AH0 N	ˈɛndʒən
e/engine.txt	1	m n	engine	èngine, engins	IH1 N JH AH0 N	ˈɪndʒən
e/engine.txt	2	v	engineer	to enginier enginire(s enginired enginiering	EH1 N JH AH0 N IH1 R	ˈɛndʒəˈnɪɹ
e/engine.txt	3	f n	engineer	enginire, enginiers	EH1 N JH AH0 N IH1 R	ˈɛndʒəˈnɪɹ
e/establish.txt	1	v	establish	to establișe -s -d -ing	IH0 S T AE1 B L IH0 SH	ɪˈstæblɪʃ
e/establish.txt	2	f n	establishment	establișement -s	IH0 S T AE1 B L IH0 SH M AH0 N T	ɪˈstæblɪʃmənt
e/edit.txt	1	v	edit	to èdit -s -ed -ing	EH1 D AH0 T	ˈɛdət
e/edit.txt	2	m n	edit	èdit -s	EH1 D AH0 T	ˈɛdət
e/edit.txt	4	m n	editor	editor -s	EH1 D AH0 T ER0	ˈɛdətɚ
e/edit.txt	4	m n	editor	editor -s	EH1 D IH0 T ER0	ˈɛdɪtɚ
e/entitle.txt	1	v	entitle	to entîtle -s -d -ing	EH0 N T AY1 T AH0 L	ɛnˈtaɪtəl
e/entitle.txt	1	v	entitle	to entîtle -s -d -ing	IH0 N T AY1 T AH0 L	ɪnˈtaɪtəl
e/entitle.txt	2	adj	entitled	entîtled	EH0 N T AY1 T AH0 L D	ɛnˈtaɪtəld
e/entitle.txt	3	f n	entitlement	entîtlement -s	EH0 N T AY1 T AH0 L M AH0 N T	ɛnˈtaɪtəlmənt
e/endanger.txt	1	v	endanger	to endângere endângere(s endângered endângering	EH0 N D EY1 N JH ER0	ɛnˈdeɪndʒɚ
e/endanger.txt	2	f n	endangerment	endângerement	EH0 N D EY1 N JH ER0 M AH0 N T	ɛnˈdeɪndʒɚmənt
e/euthanize.txt	1	f n	euthanasia	euþanâsia	Y UW2 TH AH0 N EY1 ZH AH0	ˌjuθəˈneɪʒə
e/euthanize.txt	1	f n	euthanasia	euþanâsia	Y UW2 TH AH0 N EY1 ZH Y AH0	ˌjuθəˈneɪʒjə
e/euthanize.txt	2	v	euthanize	to euþanyse -s -d -ing	Y UW1 TH AH0 N AY2 Z	ˈjuθəˌnaɪz
e/ear.txt	1	m n	ear	yre, iars	IY1 R	ˈiɹ
e/ear.txt	1	m n	ear	yre, iars	IH1 R	ˈɪɹ
e/ear.txt	2	m n	ear	ihar -s	IY1 R	ˈiɹ
e/ear.txt	2	m n	ear	ihar -s	IH1 R	ˈɪɹ
e/elevate.txt	1	v	elevate	to elevait -s -ed -ing	EH1 L AH0 V EY2 T	ˈɛləˌveɪt
e/elevate.txt	3	f n	elevation	elevâcion -s	EH2 L AH0 V EY1 SH AH0 N	ˌɛləˈveɪʃən
e/export.txt	1	v	export	to exporte -s -d -ing	EH1 K S P AO0 R T	ˈɛkspɔɹt
e/export.txt	2	m n	export	export -s	EH1 K S P AO0 R T	ˈɛkspɔɹt
e/examine.txt	1	v	examine	to exàmine -s -d -ing	IH0 G Z AE1 M IH0 N	ɪɡˈzæmɪn
e/examine.txt	2	f n	examination	examinâcion -s	IH0 G Z AE2 M AH0 N EY1 SH AH0 N	ɪɡˌzæməˈneɪʃən
e/examine.txt	3	f n	exam	exame, exàms	IH0 G Z AE1 M	ɪɡˈzæm
e/embassy.txt	1	m n	embassy	embassie, embassis	EH1 M B AH0 S IY0	ˈɛmbəsi
b/billiard.txt	1	m n	billiards	billiards	B IH1 L Y ER0 D Z	ˈbɪljɚdz
b/because.txt	1	conj, adv	because	becase	B IH0 K AO1 Z	bɪˈkɔz
b/because.txt	1	conj, adv	because	becase	B IH0 K AH1 Z	bɪˈkʌz
b/because.txt	1	conj, adv	because	becase	B IH0 K AA1 Z	bɪˈkɑz
b/because.txt	1	conj, adv	because	becase	B IH0 K AH0 Z	bɪkəz
b/bungalow.txt	1	m n	bungalow	bángalo -s	B AH1 NG G AH0 L OW2	ˈbʌŋɡəˌloʊ
b/bomb.txt	1	m n	bomb	bomme, bombs	B AA1 M	ˈbɑm
b/bomb.txt	1	m n	bomb	bomme, bombs	B AO1 M	ˈbɔm
b/bomb.txt	2	v	bomb	to bomme -s -d -ing	B AA1 M	ˈbɑm
b/bomb.txt	2	v	bomb	to bomme -s -d -ing	B AO1 M	ˈbɔm
b/bomb.txt	3	f n	bombard	bombarde, bombárds	B AA0 M B AA1 R D	bɑmˈbɑɹd
b/bomb.txt	4	v	bombard	to bombarde -s -d -ing	B AA0 M B AA1 R D	bɑmˈbɑɹd
b/bomb.txt	5	f n	bombardment	bombardement -s	B AA0 M B AA1 R D M AH0 N T	bɑmˈbɑɹdmənt
b/branch.txt	1	m n	branch	branc̃e -s	B R AE1 N CH	ˈbɹæntʃ
b/branch.txt	2	v	branch	to branc̃e -s -d -ing	B R AE1 N CH	ˈbɹæntʃ
b/brand.txt	1	adj, m n	brand	brand(e, brands	B R AE1 N D	ˈbɹænd
b/brand.txt	2	v	brand	to brande -s -d -ing	B R AE1 N D	ˈbɹænd
b/brand.txt	3	v	brandish	to brandișe -s -d -ing	B R AE1 N D IH0 SH	ˈbɹændɪʃ
b/bishop.txt	1	m n	bishop	bisciop -s	B IH1 SH AH0 P	ˈbɪʃəp
b/bill.txt	1	m n	bill	bille, bills	B IH1 L	ˈbɪl
b/bill.txt	2	v	bill	to bille -s -d -ing	B IH1 L	ˈbɪl
b/bill.txt	3	m n	bill	bille, bills	B IH1 L	ˈbɪl
b/Bulgarian.txt	1	f n	Bulgaria	Bulgâria	B AH0 L G EH1 R IY0 AH0	bəlˈɡɛɹiə
b/Bulgarian.txt	2	m n, adj	Bulgarian	bulgârian	B AH0 L G EH1 R IY0 AH0 N	bəlˈɡɛɹiən
b/Bulgarian.txt	3	f n	Bulgarian	Bulgârian	B AH0 L G EH1 R IY0 AH0 N	bəlˈɡɛɹiən
b/bed.txt	1	m n	bed	bede, beds	B EH1 D	ˈbɛd
b/bed.txt	2	v	bed	to bede -s -d -ing	B EH1 D	ˈbɛd
b/blight.txt	1	m n	blight	blaihte	B L AY1 T	ˈblaɪt
b/blight.txt	2	v	blight	to blaihte -s -d -ing	B L AY1 T	ˈblaɪt
b/blur.txt	1	m n	blear	blurre, blurs		
b/blur.txt	1	m n	blur	blurre, blurs	B L ER1	ˈblɝ
b/blur.txt	2	v	blur	to blurre blur(s -d -ing	B L ER1	ˈblɝ
b/barn.txt	1	m n	barn	barne, barns	B AA1 R N	ˈbɑɹn
b/barn.txt	2	m n	barnyard	barniard -s	B AA1 R N Y AA2 R D	ˈbɑɹnˌjɑɹd
b/barn.txt	3	m n	barley	barlie -is	B AA1 R L IY0	ˈbɑɹli
b/bead.txt	1	m n	bead	biede, bieds	B IY1 D	ˈbid
b/bead.txt	2	v	bead	to biede -s -d -ing	B IY1 D	ˈbid
b/berry.txt	1	m n	berry	berrie -is	B EH1 R IY0	ˈbɛɹi
b/bizarre.txt	2	f n	bizarreness	bizareness		
b/bloom.txt	1	m n	bloom	bloume, bloums	B L UW1 M	ˈblum
b/bloom.txt	2	v	bloom	to bloume -s -d -ing	B L UW1 M	ˈblum
b/bloom.txt	3	m n	bloom	bloume, bloums	B L UW1 M	ˈblum
b/burly.txt	1	adj	burly	burly	B ER1 L IY0	ˈbɝli
b/bingo.txt	1	m n	bingo	bingo	B IH1 NG G OW0	ˈbɪŋɡoʊ
b/bit.txt	1	m n	bit	bitte, bits	B IH1 T	ˈbɪt
b/broast.txt	1	v	broil + roast	to broaste -s -d -ing		
b/buzzard.txt	1	m n	buzzard	busard -s	B AH1 Z ER0 D	ˈbʌzɚd
b/barrage.txt	1	m n	barrage	barrage -s	B ER0 AA1 ZH	bɚˈɑʒ
b/barrage.txt	2	f n	barrage	barráge -s	B ER0 AA1 ZH	bɚˈɑʒ
b/barrage.txt	3	v	barrage	to barráge -s -d -ing	B ER0 AA1 ZH	bɚˈɑʒ
b/brawl.txt	1	v	brawl	to bralle -s -d -ing	B R AO1 L	ˈbɹɔl
b/brawl.txt	2	m n	brawl	bralle, bralls	B R AO1 L	ˈbɹɔl
b/board.txt	1	m n	board	bord -s	B AO1 R D	ˈbɔɹd
b/board.txt	2	v	board	to borde -s -d -ing	B AO1 R D	ˈbɔɹd
b/bourbon.txt	1	m n	bourbon	bourbon -s	B ER1 B AH0 N	ˈbɝbən
b/breast.txt	1	m n	breast	braiste, braists	B R EH1 S T	ˈbɹɛst
b/breast.txt	2	m n	breastbone	braistbone, braistboans		
b/boa.txt	1	m n	boa constrictor	bóa constrictre, bóa constrictors	B OW1 AH0 K AH0 N S T R IH1 K T ER0	ˈboʊəkənˈstɹɪktɚ
b/bicker.txt	1	v	bicker	to bichir bicre(s bicred bichiring	B IH1 K ER0	ˈbɪkɚ
b/bough.txt	1	m n	bough	bôhe, bôhs	B AW1	ˈbaʊ
b/booth.txt	1	m n	booth	bouþ -s	B UW1 TH	ˈbuθ
b/bawdy.txt	1	adj	bawdy	baudy	B AO1 D IY0	ˈbɔdi
b/blasphemy.txt	1	m n	blasphemy	blasphimie -is	B L AE1 S F AH0 M IY0	ˈblæsfəmi
b/blasphemy.txt	2	v	blaspheme	to blasphime -s -d -ing		
b/blasphemy.txt	3	adj	blasphemous	blasphimus -ly	B L AE1 S F AH0 M AH0 S	ˈblæsfəməs
b/beseech.txt	1	v	beseech	to besoic̃e -s -d -ing	B IY0 S IY1 CH	biˈsitʃ
b/bottle.txt	1	m n	bottle	bottle, bottels	B AA1 T AH0 L	ˈbɑtəl
b/bottle.txt	2	v	bottle	to bottle -s -d botteling	B AA1 T AH0 L	ˈbɑtəl
b/blush.txt	1	v	blush	to blosce -s -d -ing	B L AH1 SH	ˈblʌʃ
b/blush.txt	2	adj, m n	blush	blosce -s	B L AH1 SH	ˈblʌʃ
b/brother.txt	2	m n	brotherhood	broþorhud -s	B R AH1 DH ER0 HH UH2 D	ˈbɹʌðɚˌhʊd
b/bachelor.txt	2	v	bachelor	to bac̃e -s -d -ing	B AE1 CH AH0 L ER0	ˈbætʃəlɚ
b/bachelor.txt	2	v	bachelor	to bac̃e -s -d -ing	B AE1 CH L ER0	ˈbætʃlɚ
b/bachelor.txt	2	v	bach	to bac̃e -s -d -ing	B AA1 K	ˈbɑk
b/bitch.txt	1	m n	bitch	bic̃e -s	B IH1 CH	ˈbɪtʃ
b/bitch.txt	2	v	bitch	to bic̃e -s -d -ing	B IH1 CH	ˈbɪtʃ
b/bitch.txt	3	adj	bitchy	bic̃y	B IH1 CH IY0	ˈbɪtʃi
b/beef.txt	1	m n	beef	biefe	B IY1 F	ˈbif
b/beef.txt	2	v	beef	to biefe -s -d -ing	B IY1 F	ˈbif
b/beef.txt	3	adj	beefy	biefy	B IY1 F IY0	ˈbifi
b/brawn.txt	1	m n	brawn	braone, braons	B R AO1 N	ˈbɹɔn
b/badger.txt	1	m n	badger	bagere, bagiars	B AE1 JH ER0	ˈbædʒɚ
b/badger.txt	2	v	badger	to bagere -s -d -ing	B AE1 JH ER0	ˈbædʒɚ
b/Belgium.txt	1	m n	Belgium	Belgiom	B EH1 L JH AH0 M	ˈbɛldʒəm
b/Belgium.txt	2	adj	Belgian	belgian	B EH1 L JH AH0 N	ˈbɛldʒən
b/brake.txt	1	v	brake	to braic -s braiched braiching	B R EY1 K	ˈbɹeɪk
b/brake.txt	2	m n	brake	braic, braix	B R EY1 K	ˈbɹeɪk
b/blizzard.txt	1	m n	blizzard	blisard -s	B L IH1 Z ER0 D	ˈblɪzɚd
b/babble.txt	1	v	babble	to babble -s -d -ing	B AE1 B AH0 L	ˈbæbəl
b/bundle.txt	1	m n	bundle	bondle, bondels	B AH1 N D AH0 L	ˈbʌndəl
b/bundle.txt	2	v	bundle	to bondle -s -d -ing	B AH1 N D AH0 L	ˈbʌndəl
b/border.txt	1	m n	border	bordure, bordurs	B AO1 R D ER0	ˈbɔɹdɚ
b/border.txt	2	v	border	to bordure -s -d -ing	B AO1 R D ER0	ˈbɔɹdɚ
b/bubble.txt	1	m n	bubble	boble, bobils	B AH1 B AH0 L	ˈbʌbəl
b/bubble.txt	2	v	bubble	to boble -s -d -ing	B AH1 B AH0 L	ˈbʌbəl
b/borrow.txt	1	v	borrow	to bòraue -s -d -ing	B AA1 R OW2	ˈbɑˌɹoʊ
b/blanket.txt	1	adj, m n	blank	blânc -ar -quest -cs	B L AE1 NG K	ˈblæŋk
b/blanket.txt	2	adv	blankly	blânchly	B L AE1 NG K L IY0	ˈblæŋkli
b/blanket.txt	3	v	blank	to blânque blânc(s -d -ing	B L AE1 NG K	ˈblæŋk
b/blanket.txt	4	m n	blanket	blânchete, blânchets	B L AE1 NG K AH0 T	ˈblæŋkət
b/blanket.txt	4	m n	blanket	blânchete, blânchets	B L AE1 NG K IH0 T	ˈblæŋkɪt
b/blanket.txt	5	v	blanket	to blânchete -s -d -ing	B L AE1 NG K AH0 T	ˈblæŋkət
b/blanket.txt	5	v	blanket	to blânchete -s -d -ing	B L AE1 NG K IH0 T	ˈblæŋkɪt
b/blanket.txt	6	v	blanch	to blanc̃e -s -d -ing	B L AE1 N CH	ˈblæntʃ
b/bible.txt	2	adj	biblical	biblical	B IH1 B L AH0 K AH0 L	ˈbɪbləkəl
b/bible.txt	2	adj	biblical	biblical	B IH1 B L IH0 K AH0 L	ˈbɪblɪkəl
b/bat.txt	1	m n	bat	bate, bàts	B AE1 T	ˈbæt
b/bat.txt	3	irv	bat	to batte bat(s bat -ing	B AE1 T	ˈbæt
b/barge.txt	2	v	barge	to barge -s -d -ing	B AA1 R JH	ˈbɑɹdʒ
b/baton.txt	1	m n	baton	baton -s	B AH0 T AA1 N	bəˈtɑn
b/baton.txt	1	m n	baton	baton -s	B AE1 T AA2 N	ˈbæˌtɑn
b/baton.txt	1	m n	baton	baton -s	B AE1 T AH0 N	ˈbætən
b/baton.txt	2	v	baton	to batone -s -d -ing	B AH0 T AA1 N	bəˈtɑn
b/baton.txt	2	v	baton	to batone -s -d -ing	B AE1 T AA2 N	ˈbæˌtɑn
b/baton.txt	2	v	baton	to batone -s -d -ing	B AE1 T AH0 N	ˈbætən
b/barrack.txt	1	m n	barrack	bârrac -s	B AE1 R AH0 K	ˈbæɹək
b/barrack.txt	1	m n	barrack	bârrac -s	B EH1 R AH0 K	ˈbɛɹək
b/beauty.txt	1	m n	beauty	bieutie, bieutis	B Y UW1 T IY0	ˈbjuti
b/beauty.txt	2	adj	beautiful	bieutiful	B Y UW1 T AH0 F AH0 L	ˈbjutəfəl
b/beauty.txt	3	f n	beautician	bieutician -s	B Y UW1 T IH2 SH AH0 N	ˈbjuˌtɪʃən
b/beauty.txt	4	v	beautify	to bieutifae -s -d bieutifyhing	B Y UW1 T IH0 F AY2	ˈbjutɪˌfaɪ
b/beauty.txt	5	f n	beautification	bieutificâcion -s		
b/boot.txt	1	m n	boot	boute, bouts	B UW1 T	ˈbut
b/boot.txt	2	v	boot	to boute -s -d -ing	B UW1 T	ˈbut
b/beast.txt	1	m n	beast	bieste, biests	B IY1 S T	ˈbist
b/beast.txt	2	adj	beastly	biestly	B IY1 S T L IY2	ˈbistˌli
b/beast.txt	3	m n	bestiary	biestiarie, biestiaris		
b/botany.txt	1	m n	botany	botanie	B AA1 T AH0 N IY0	ˈbɑtəni
b/botany.txt	2	adj	botanic	botanic	B AH0 T AE1 N IH0 K	bəˈtænɪk
b/botany.txt	3	adj	botanical	botanical	B AH0 T AE1 N IH0 K AH0 L	bəˈtænɪkəl
b/ballista.txt	1	f n	ballista	ballista -s		
b/ballista.txt	2	adj	ballistic	ballistic	B AH0 L IH1 S T IH0 K	bəˈlɪstɪk
b/box.txt	2	v	box	to boxe -s -d -ing	B AA1 K S	ˈbɑks
b/Beijing.txt	1	f n	Beijing	Beișingue	B EY2 ZH IH1 NG	ˌbeɪˈʒɪŋ
b/badminton.txt	1	m n	Badminton	badmiton	B AE1 D M IH2 N T AH0 N	ˈbædˌmɪntən
b/boar.txt	1	m n	boar	baure, baurs	B AO1 R	ˈbɔɹ
b/blister.txt	1	m n	blister	blistre, blistars	B L IH1 S T ER0	ˈblɪstɚ
b/blister.txt	2	v	blister	to blister blistre(d blistred blistering	B L IH1 S T ER0	ˈblɪstɚ
b/brilliant.txt	1	adj	brilliant	brilliant	B R IH1 L Y AH0 N T	ˈbɹɪljənt
b/brilliant.txt	2	m n	brilliance	brilliance	B R IH1 L Y AH0 N S	ˈbɹɪljəns
b/bet.txt	1	irv	bet	to bete -s bet -ing	B EH1 T	ˈbɛt
b/bet.txt	2	m n	bet	bete, bets	B EH1 T	ˈbɛt
b/brook.txt	1	m n	brook	brôc, breox	B R UH1 K	ˈbɹʊk
b/brook.txt	2	v	brook	to brûc -s brûched brûching	B R UH1 K	ˈbɹʊk
b/birch.txt	1	m n	birch	birc̃e -s	B ER1 CH	ˈbɝtʃ
b/burgle.txt	1	v	burgle	to burgle -s -d -ing		
b/burgle.txt	2	m n	burglar	burgler -s	B ER1 G L ER0	ˈbɝɡlɚ
b/burgle.txt	3	m n	burglary	burglerie, burgleris	B ER1 G L ER0 IY0	ˈbɝɡlɚi
b/berate.txt	1	v	berate	to beraite -s -d -ing	B IH0 R EY1 T	bɪˈɹeɪt
b/believe.txt	1	f n	belief	beliefe, beliefs	B IH0 L IY1 F	bɪˈlif
b/believe.txt	2	v	believe	to believe -s -d -ing	B IH0 L IY1 V	bɪˈliv
b/bean.txt	2	m n	beanery	bienerie, bieneris		
b/bean.txt	3	m n	beanie	bienie, bienis		
b/below.txt	1	prep, adj, adv, f n	below	beló	B IH0 L OW1	bɪˈloʊ
b/below.txt	1	prep, adj, adv, f n	below	beló	B IY0 L OW1	biˈloʊ
b/beet.txt	1	m n	beet	býte, býts	B IY1 T	ˈbit
b/breccia.txt	2	v	brecciate	to brec̃iait -s -ed -ing		
b/breccia.txt	3	f n	brecciation	brec̃iâcion -s		
b/billy.txt	1	m n	billy	billie, billis	B IH1 L IY0	ˈbɪli
b/bridle.txt	1	m n	bridle	brîdle, brîduls	B R AY1 D AH0 L	ˈbɹaɪdəl
b/bridle.txt	2	v	bridle	to brîdle -s -d -ing	B R AY1 D AH0 L	ˈbɹaɪdəl
b/brief.txt	1	adj	brief	brief	B R IY1 F	ˈbɹif
b/brief.txt	2	m n	brief	briefe, briefs	B R IY1 F	ˈbɹif
b/brief.txt	3	v	brief	to briefe -s -d -ing	B R IY1 F	ˈbɹif
b/behoove.txt	1	v	behoove	to behouve -s -d -ing	B IH0 HH UW1 V	bɪˈhuv
b/bummer.txt	1	m n	bummer	bomor	B AH1 M ER0	ˈbʌmɚ
b/bummer.txt	2	m n	bummer	bome, boms	B AH1 M ER0	ˈbʌmɚ
b/bummer.txt	2	m n	bum	bome, boms	B AH1 M	ˈbʌm
b/bummer.txt	3	v	bum	to bome -s -d -ing	B AH1 M	ˈbʌm
b/bourgeois.txt	1	adj	bourgeois	bourgeois	B UH0 R ZH W AA1	bʊɹʒˈwɑ
b/bourgeois.txt	1	adj	bourgeois	bourgeois	B UH1 R ZH W AA0	ˈbʊɹʒwɑ
b/buy.txt	1	irv	buy	to byhe -s boht byhing	B AY1	ˈbaɪ
b/buy.txt	2	m n	buy	byhe, byhs	B AY1	ˈbaɪ
b/bikini.txt	1	f n	bikini	bichinie, bichinis	B IH0 K IY1 N IY0	bɪˈkini
b/bright.txt	1	adj	bright	bryht	B R AY1 T	ˈbɹaɪt
b/bright.txt	2	v	brighten	to bryhtene -s -d -ing	B R AY1 T AH0 N	ˈbɹaɪtən
b/balk.txt	1	m n	balk	bauche, baux	B AO1 K	ˈbɔk
b/balk.txt	1	m n	balk	bauche, baux	B AA1 L K	ˈbɑlk
b/balk.txt	2	v	balk	to bauche bauc(s -d -ing	B AO1 K	ˈbɔk
b/balk.txt	2	v	balk	to bauche bauc(s -d -ing	B AA1 L K	ˈbɑlk
b/barque.txt	1	m n	bark	barque, barcs	B AA1 R K	ˈbɑɹk
b/boss.txt	1	m n	boss	boss -es	B AA1 S	ˈbɑs
b/boss.txt	1	m n	boss	boss -es	B AO1 S	ˈbɔs
b/boss.txt	2	v	boss	to bosse -s -d -ing	B AA1 S	ˈbɑs
b/boss.txt	2	v	boss	to bosse -s -d -ing	B AO1 S	ˈbɔs
b/boss.txt	3	adj	bossy	bossy	B AO1 S IY0	ˈbɔsi
b/bin.txt	1	m n	bin	binne, bins	B IH1 N	ˈbɪn
b/buoy.txt	1	m n	buoy	bouie, bouis	B UW1 IY0	ˈbui
b/buoy.txt	2	v	buoy	to bouie -s -d bouying	B UW1 IY0	ˈbui
b/buoy.txt	3	m n	buoyancy	bouyancie -is	B OY1 AH0 N S IY0	ˈbɔɪənsi
b/buoy.txt	4	adj	buoyant	bouyant	B OY1 AH0 N T	ˈbɔɪənt
b/bleach.txt	1	v	bleach	to bliec̃e -s -d -ing	B L IY1 CH	ˈblitʃ
b/bleach.txt	2	m n	bleach	bliec̃e	B L IY1 CH	ˈblitʃ
b/bleach.txt	3	m n	bleachers	bliec̃ars	B L IY1 CH ER0 Z	ˈblitʃɚz
b/Britain.txt	2	adj	British	britisce	B R IH1 T IH0 SH	ˈbɹɪtɪʃ
b/Britain.txt	3	m n	Great Britain	Great Britan	G R EY1 T B R IH1 T AH0 N	ˈɡɹeɪtˈbɹɪtən
b/beyond.txt	1	prep	beyond	byonde	B IH0 AA1 N D	bɪˈɑnd
b/beyond.txt	1	prep	beyond	byonde	B IY2 AO1 N D	ˌbiˈɔnd
b/beyond.txt	1	prep	beyond	byonde	B IH0 AO1 N D	bɪˈɔnd
b/beacon.txt	1	m n	beacon	biecon -s	B IY1 K AH0 N	ˈbikən
b/bloke.txt	1	m n	bloke	bloac, bloax	B L OW1 K	ˈbloʊk
b/buck.txt	1	m n	buck	buc, bux	B AH1 K	ˈbʌk
b/buck.txt	2	v	buck	to buc buc(s buched buching	B AH1 K	ˈbʌk
b/burgeon.txt	1	v	burgeon	to bourgione -s -d -ing	B ER1 JH AH0 N	ˈbɝdʒən
b/boon.txt	1	m n	boon	boune, bouns	B UW1 N	ˈbun
b/boon.txt	2	adj	boon	bouns	B UW1 N	ˈbun
b/bronze.txt	1	m n	bronze	bronze	B R AA1 N Z	ˈbɹɑnz
b/bronze.txt	2	adj	bronze	bronze	B R AA1 N Z	ˈbɹɑnz
b/bile.txt	2	adj	bilious	bileus	B IH1 L IY0 AH0 S	ˈbɪliəs
b/basket.txt	1	m n	basket	bascate, bascats	B AE1 S K AH0 T	ˈbæskət
b/block.txt	1	v	block	to bloc -s bloched bloching	B L AA1 K	ˈblɑk
b/block.txt	2	m n	block	bloc, blocs	B L AA1 K	ˈblɑk
b/beaver.txt	1	m n	beaver	bievre, bievars	B IY1 V ER0	ˈbivɚ
b/beaver.txt	2	f n	beaver	bavière, bavièrs	B IY1 V ER0	ˈbivɚ
b/beat.txt	1	irv	beat	to biete -s biet bieten -ing	B IY1 T	ˈbit
b/beat.txt	2	adj, m n	beat	biete, biets	B IY1 T	ˈbit
b/beat.txt	3	adj	beat	biet	B IY1 T	ˈbit
b/by.txt	1	prep	by	by	B AY1	ˈbaɪ
b/bale.txt	2	v	bale	to bâle -s -d -ing	B EY1 L	ˈbeɪl
b/bamboo.txt	1	f n	bamboo	bamboue, bambous	B AE0 M B UW1	bæmˈbu
b/bite.txt	1	irv	bite	to bîte -s bit bitan -ing	B AY1 T	ˈbaɪt
b/buffet.txt	2	v	buffet	to buffete -s -d -ing	B AH1 F AH0 T	ˈbʌfət
b/buffet.txt	2	v	buffet	to buffete -s -d -ing	B AH0 F EY1	bəˈfeɪ
b/buffet.txt	3	m n	buffet	buffete, buffets	B AH1 F AH0 T	ˈbʌfət
b/buffet.txt	3	m n	buffet	buffete, buffets	B AH0 F EY1	bəˈfeɪ
b/buffet.txt	4	m n	buffer	buffre, buffars	B AH1 F ER0	ˈbʌfɚ
b/buffet.txt	5	v	buffer	to buffer buffre(s buffred buffering	B AH1 F ER0	ˈbʌfɚ
b/buffet.txt	6	v	rebuff	to rebuffe -s -d -ing	R IH0 B AH1 F	ɹɪˈbʌf
b/buffet.txt	6	v	rebuff	to rebuffe -s -d -ing	R IY0 B AH1 F	ɹiˈbʌf
b/buffet.txt	7	f n	rebuff	rebuffe, rebuffs	R IH0 B AH1 F	ɹɪˈbʌf
b/buffet.txt	7	f n	rebuff	rebuffe, rebuffs	R IY0 B AH1 F	ɹiˈbʌf
b/boom.txt	1	v	boom	to boume -s -d -ing	B UW1 M	ˈbum
b/boom.txt	2	m n	boom	boume, boums	B UW1 M	ˈbum
b/bind.txt	1	irv	bind	to bînde -s baund -ing	B AY1 N D	ˈbaɪnd
b/bind.txt	2	m n	bind	bînde, bînds	B AY1 N D	ˈbaɪnd
b/bend.txt	1	irv	bend	to bende -s bent -ing	B EH1 N D	ˈbɛnd
b/brush.txt	1	m n	brush	broçe -s	B R AH1 SH	ˈbɹʌʃ
b/brush.txt	2	v	brush	to broçe -s -d -ing	B R AH1 SH	ˈbɹʌʃ
b/brush.txt	3	m n	toothbrush	touþ broçe -s	T UW1 TH B R AH0 SH	ˈtuθbɹəʃ
b/brush.txt	4	m n	brush	brosce -s	B R AH1 SH	ˈbɹʌʃ
b/brush.txt	5	m n	brushwood	brosce uôde, brosce uôds		
b/brush.txt	6	adj, m n	brushfire	brosce fuîre, brosce fuîars	B R AH1 SH F AY2 R	ˈbɹʌʃˌfaɪɹ
b/brush.txt	7	m n	underbrush	ondrebrosce	AH1 N D ER0 B R AH2 SH	ˈʌndɚˌbɹʌʃ
b/bruise.txt	1	v	bruise	to breuse -s -d -ing	B R UW1 Z	ˈbɹuz
b/bruise.txt	2	m n	bruise	breuse -s	B R UW1 Z	ˈbɹuz
b/benefit.txt	1	m n	benefit	bènefit -s	B EH1 N AH0 F IH0 T	ˈbɛnəfɪt
b/benefit.txt	2	v	benefit	to bènefit -s -ed -ing	B EH1 N AH0 F IH0 T	ˈbɛnəfɪt
b/benefit.txt	4	f n	beneficence	benèficence	B AH0 N EH1 F AH0 S AH0 N S	bəˈnɛfəsəns
b/benefit.txt	5	adj	beneficent	benèficent -ly	B EH2 N AH0 F IH1 SH AH0 N T	ˌbɛnəˈfɪʃənt
b/benefit.txt	6	adj	beneficial	beneficial -ly	B EH2 N AH0 F IH1 SH AH0 L	ˌbɛnəˈfɪʃəl
b/benefit.txt	7	f n	beneficiary	benefiçiarie -is	B EH2 N AH0 F IH1 SH IY0 EH2 R IY0	ˌbɛnəˈfɪʃiˌɛɹi
b/bivouac.txt	1	m n	bivouac	bivouac, bivouax	B IH1 V W AE0 K	ˈbɪvwæk
b/bivouac.txt	2	v	bivouac	to bivouac -s -hed -hing	B IH1 V W AE0 K	ˈbɪvwæk
b/bivouac.txt	3	m n	bivvy	bivie, bivis		
b/banner.txt	1	m n	banner	banere, banirs	B AE1 N ER0	ˈbænɚ
b/butter.txt	1	m n	butter	butre, butirs	B AH1 T ER0	ˈbʌtɚ
b/butter.txt	2	v	butter	to butir butre(s butred butiring	B AH1 T ER0	ˈbʌtɚ
b/bush.txt	2	v	bush	to busce -s -d -ing	B UH1 SH	ˈbʊʃ
b/baby.txt	1	m n	baby	bâbie, bâbis	B EY1 B IY0	ˈbeɪbi
b/baby.txt	2	v	baby	to bâbie -s -d bâbying	B EY1 B IY0	ˈbeɪbi
b/baby.txt	3	irv	babysit	to bâbysit -s bâbysat bâbysitting	B EY1 B IY0 S IH0 T	ˈbeɪbisɪt
b/baby.txt	4	m n	babysitter	bâbysitor -s	B EY1 B IY0 S IH2 T ER0	ˈbeɪbiˌsɪtɚ
b/be.txt	1	aux, irv	be	to bie, am, is, are, uas, uere, bign, bying, isn't, aren't, uasn't, ueren't	B IY1	ˈbi
b/be.txt	1	aux, irv	be	to bie, am, is, are, uas, uere, bign, bying, isn't, aren't, uasn't, ueren't	B IY0	bi
b/be.txt	1	aux, irv	am	to bie, am, is, are, uas, uere, bign, bying, isn't, aren't, uasn't, ueren't	AE1 M	ˈæm
b/be.txt	1	aux, irv	am	to bie, am, is, are, uas, uere, bign, bying, isn't, aren't, uasn't, ueren't	EY1 EH1 M	ˈeɪˈɛm
b/be.txt	1	aux, irv	is	to bie, am, is, are, uas, uere, bign, bying, isn't, aren't, uasn't, ueren't	IH1 Z	ˈɪz
b/be.txt	1	aux, irv	is	to bie, am, is, are, uas, uere, bign, bying, isn't, aren't, uasn't, ueren't	IH0 Z	ɪz
b/be.txt	1	aux, irv	are	to bie, am, is, are, uas, uere, bign, bying, isn't, aren't, uasn't, ueren't	AA1 R	ˈɑɹ
b/be.txt	1	aux, irv	are	to bie, am, is, are, uas, uere, bign, bying, isn't, aren't, uasn't, ueren't	ER0	ɚ
b/be.txt	1	aux, irv	was	to bie, am, is, are, uas, uere, bign, bying, isn't, aren't, uasn't, ueren't	W AA1 Z	ˈwɑz
b/be.txt	1	aux, irv	was	to bie, am, is, are, uas, uere, bign, bying, isn't, aren't, uasn't, ueren't	W AH0 Z	wəz
b/be.txt	1	aux, irv	were	to bie, am, is, are, uas, uere, bign, bying, isn't, aren't, uasn't, ueren't	W ER1	ˈwɝ
b/be.txt	1	aux, irv	been	to bie, am, is, are, uas, uere, bign, bying, isn't, aren't, uasn't, ueren't	B IH1 N	ˈbɪn
b/be.txt	1	aux, irv	been	to bie, am, is, are, uas, uere, bign, bying, isn't, aren't, uasn't, ueren't	B AH0 N	bən
b/be.txt	1	aux, irv	been	to bie, am, is, are, uas, uere, bign, bying, isn't, aren't, uasn't, ueren't	B IH0 N	bɪn
b/be.txt	1	aux, irv	being	to bie, am, is, are, uas, uere, bign, bying, isn't, aren't, uasn't, ueren't	B IY1 IH0 NG	ˈbiɪŋ
b/be.txt	1	aux, irv	isn't	to bie, am, is, are, uas, uere, bign, bying, isn't, aren't, uasn't, ueren't	IH1 Z AH0 N T	ˈɪzənt
b/be.txt	1	aux, irv	isn't	to bie, am, is, are, uas, uere, bign, bying, isn't, aren't, uasn't, ueren't	IH0 Z AH0 N T	ɪzənt
b/be.txt	1	aux, irv	isn't	to bie, am, is, are, uas, uere, bign, bying, isn't, aren't, uasn't, ueren't	IH1 Z AH0 N	ˈɪzən
b/be.txt	1	aux, irv	aren't	to bie, am, is, are, uas, uere, bign, bying, isn't, aren't, uasn't, ueren't	AA1 R AH0 N T	ˈɑɹənt
b/be.txt	1	aux, irv	aren't	to bie, am, is, are, uas, uere, bign, bying, isn't, aren't, uasn't, ueren't	AA1 R N T	ˈɑɹnt
b/be.txt	1	aux, irv	wasn't	to bie, am, is, are, uas, uere, bign, bying, isn't, aren't, uasn't, ueren't	W AA1 Z AH0 N T	ˈwɑzənt
b/be.txt	1	aux, irv	wasn't	to bie, am, is, are, uas, uere, bign, bying, isn't, aren't, uasn't, ueren't	W AH1 Z AH0 N T	ˈwʌzənt
b/be.txt	1	aux, irv	weren't	to bie, am, is, are, uas, uere, bign, bying, isn't, aren't, uasn't, ueren't	W ER1 AH0 N T	ˈwɝənt
b/be.txt	1	aux, irv	weren't	to bie, am, is, are, uas, uere, bign, bying, isn't, aren't, uasn't, ueren't	W ER1 N T	ˈwɝnt
b/behind.txt	1	prep	behind	behînd	B IH0 HH AY1 N D	bɪˈhaɪnd
b/byte.txt	1	m n	byte	bŷte, bŷts	B AY1 T	ˈbaɪt
b/boo.txt	1	interj	boo	bou	B UW1	ˈbu
b/boo.txt	2	v	boo	to boue -s -d -ing	B UW1	ˈbu
b/bight.txt	1	m n	bight	byhte, byhts	B AY1 T	ˈbaɪt
b/bid.txt	1	irv	bid	to bidde bid(s bid bidding	B IH1 D	ˈbɪd
b/bid.txt	2	m n	bid	bidde, bids	B IH1 D	ˈbɪd
b/bridge.txt	1	m n	bridge	bridge -s	B R IH1 JH	ˈbɹɪdʒ
b/bridge.txt	2	v	bridge	to bridge -s -d -ing	B R IH1 JH	ˈbɹɪdʒ
b/blame.txt	1	v	blame	to blâme -s -d -ing	B L EY1 M	ˈbleɪm
b/blame.txt	2	m n	blame	blâme	B L EY1 M	ˈbleɪm
b/begin.txt	1	irv	begin	to biguin -s begane begon -ing	B IH0 G IH1 N	bɪˈɡɪn
b/busy.txt	2	v	busy	to bisie -s -d bisying	B IH1 Z IY0	ˈbɪzi
b/busy.txt	3	m n	business	bïseness -es	B IH1 Z N AH0 S	ˈbɪznəs
b/busy.txt	3	m n	business	bïseness -es	B IH1 Z N IH0 S	ˈbɪznɪs
b/bucket.txt	1	m n	bucket	buchete, buchets	B AH1 K AH0 T	ˈbʌkət
b/bucket.txt	1	m n	bucket	buchete, buchets	B AH1 K IH0 T	ˈbʌkɪt
b/bullion.txt	1	m n	bullion	boûlion	B UH1 L Y AH0 N	ˈbʊljən
b/ballast.txt	1	m n	ballast	balast -s	B AE1 L AH0 S T	ˈbæləst
b/ballast.txt	2	v	ballast	to balaste -s -d -ing	B AE1 L AH0 S T	ˈbæləst
b/beam.txt	2	v	beam	to bieme -s -d -ing	B IY1 M	ˈbim
b/betray.txt	1	v	betray	to betraie -s -d betraying	B IH0 T R EY1	bɪˈtɹeɪ
b/betray.txt	2	f n	betrayal	betrayal -s	B IH0 T R EY1 AH0 L	bɪˈtɹeɪəl
b/bull.txt	1	m n	bull	bûle, bûls	B UH1 L	ˈbʊl
b/bull.txt	2	v	bull	to bûle -s -d -ing	B UH1 L	ˈbʊl
b/bull.txt	3	m n	bullock	bûluc, bûlux	B UH1 L AH0 K	ˈbʊlək
b/bull.txt	4	m n	bully	bûlie, bûlis	B UH1 L IY0	ˈbʊli
b/bull.txt	5	v	bully	to bûlie -s -d bûlying	B UH1 L IY0	ˈbʊli
b/bull.txt	6	m n	bull	bûlle, bûlls	B UH1 L	ˈbʊl
b/blueberry.txt	1	m n	blueberry	bleuberrie, bleuberris	B L UW1 B EH2 R IY0	ˈbluˌbɛɹi
b/Belarus.txt	1	f n	Belarussian	Belarossian		
b/Belarus.txt	2	f n, adj	Belarussian	belarossian -s		
b/Belarus.txt	3	f n	Belarus	Belarúss	B EH0 L AA1 R AH0 S	bɛˈlɑɹəs
b/breathe.txt	1	v	breathe	to brieþe -s -d -ing	B R IY1 DH	ˈbɹið
b/breathe.txt	2	m n	breath	braiþ -s	B R EH1 TH	ˈbɹɛθ
b/boost.txt	1	v	boost	to bouste -s -d -ing	B UW1 S T	ˈbust
b/boost.txt	2	m n	boost	bouste, bousts	B UW1 S T	ˈbust
b/boost.txt	3	m n, adj	booster	bouster -s	B UW1 S T ER0	ˈbustɚ
b/brass.txt	1	adj	brazen	brâsen	B R EY1 Z AH0 N	ˈbɹeɪzən
b/brass.txt	2	v	brazen	to brâsene -s -d -ing	B R EY1 Z AH0 N	ˈbɹeɪzən
b/brass.txt	3	adj	brassy	brassy	B R AE1 S IY0	ˈbɹæsi
b/brass.txt	4	m n	brass	brass	B R AE1 S	ˈbɹæs
b/brass.txt	5	adj	brass	brass	B R AE1 S	ˈbɹæs
b/blossom.txt	1	m n	blossom	blossom -s	B L AA1 S AH0 M	ˈblɑsəm
b/blossom.txt	2	v	blossom	to blossome -s -d -ing	B L AA1 S AH0 M	ˈblɑsəm
b/banister.txt	1	m n	banister	banastre, banastars	B AE1 N IH0 S T ER0	ˈbænɪstɚ
b/brain.txt	1	m n	brain	braine, braîns	B R EY1 N	ˈbɹeɪn
b/botch.txt	1	v	botch	to boc̃he -s -d -ing	B AA1 CH	ˈbɑtʃ
b/butt.txt	1	m n	butt	butte, butts	B AH1 T	ˈbʌt
b/butt.txt	2	v	butt	to butte -s -d -ing	B AH1 T	ˈbʌt
b/bait.txt	2	v	bait	to beite -s -d -ing	B EY1 T	ˈbeɪt
b/bazaar.txt	1	f n	bazaar	bazarre, bazárs	B AH0 Z AA1 R	bəˈzɑɹ
b/battle.txt	1	m n	battle	battle, battels	B AE1 T AH0 L	ˈbætəl
b/battle.txt	2	v	battle	to battle -s -d batteling	B AE1 T AH0 L	ˈbætəl
b/battle.txt	3	m n	battleship	battelscip -s	B AE1 T AH0 L SH IH2 P	ˈbætəlˌʃɪp
b/bring.txt	1	irv	bring	to bringue bring(s broht bringuing	B R IH1 NG	ˈbɹɪŋ
b/bother.txt	1	v	bauther	to boþer boþre(s boþred boþering		
b/bother.txt	1	v	bather	to boþer boþre(s boþred boþering	B EY1 DH ER0	ˈbeɪðɚ
b/bother.txt	1	v	bather	to boþer boþre(s boþred boþering	B AE1 DH ER0	ˈbæðɚ
b/bother.txt	1	v	bodder	to boþer boþre(s boþred boþering		
b/bother.txt	1	v	bother	to boþer boþre(s boþred boþering	B AA1 DH ER0	ˈbɑðɚ
b/bother.txt	2	m n	bother	boþre	B AA1 DH ER0	ˈbɑðɚ
b/brow.txt	1	m n	brow	braue, braûs	B R AW1	ˈbɹaʊ
b/bleep.txt	1	m n	bleep	bliepe, blieps	B L IY1 P	ˈblip
b/bleep.txt	2	v	bleep	to bliepe -s -d -ing	B L IY1 P	ˈblip
b/barrister.txt	1	m n	barrister	bâristre, bâristors	B AE1 R IH0 S T ER0	ˈbæɹɪstɚ
b/barrister.txt	1	m n	barrister	bâristre, bâristors	B EH1 R IH0 S T ER0	ˈbɛɹɪstɚ
b/bad.txt	1	adj, m n, adv	bad	bad -ly, uirse, uirst	B AE1 D	ˈbæd
b/bad.txt	1	adj, m n, adv	worse	bad -ly, uirse, uirst	W ER1 S	ˈwɝs
b/bad.txt	1	adj, m n, adv	worst	bad -ly, uirse, uirst	W ER1 S T	ˈwɝst
b/beckon.txt	1	v	beckon	to bècane -s -d -ing	B EH1 K AH0 N	ˈbɛkən
b/boast.txt	1	m n	boast	bóste, bósts	B OW1 S T	ˈboʊst
b/boast.txt	2	v	boast	to bóste -s -d -ing	B OW1 S T	ˈboʊst
b/bristle.txt	1	m n	bristle	brissle, brissels	B R IH1 S AH0 L	ˈbɹɪsəl
b/bristle.txt	2	v	bristle	to brissle -s -d -ing	B R IH1 S AH0 L	ˈbɹɪsəl
b/bathe.txt	1	v	bathe	to bâþe -s -d -ing	B EY1 DH	ˈbeɪð
b/book.txt	1	m n	book	bôc, beox	B UH1 K	ˈbʊk
b/book.txt	2	v	book	to bôc -s bôched bôching	B UH1 K	ˈbʊk
b/book.txt	3	m n	bookcase	bôc caiss -es	B UH1 K K EY2 S	ˈbʊkˌkeɪs
b/book.txt	4	m n	beech	boic̃e -s	B IY1 CH	ˈbitʃ
b/bawl.txt	1	v	bawl	to baule -s -d -ing	B AO1 L	ˈbɔl
b/bawl.txt	2	m n	bawl	baule, bauls	B AO1 L	ˈbɔl
b/basin.txt	1	m n	basin	bâcine, bâcins	B EY1 S AH0 N	ˈbeɪsən
b/bug.txt	1	m n	bug	bughe, bugs	B AH1 G	ˈbʌɡ
b/bug.txt	2	v	bug	to bughe bug(s -d -ing	B AH1 G	ˈbʌɡ
b/balance.txt	1	m n	balance	balance	B AE1 L AH0 N S	ˈbæləns
b/balance.txt	2	v	balance	to balance -s -d -ing	B AE1 L AH0 N S	ˈbæləns
b/bore.txt	1	v	bore	to bore -s -d -ing	B AO1 R	ˈbɔɹ
b/bust.txt	1	m n	bust	buste, busts	B AH1 S T	ˈbʌst
b/bail.txt	1	m n	bail	baile, baîls	B EY1 L	ˈbeɪl
b/bail.txt	2	v	bail	to baile -s -d -ing	B EY1 L	ˈbeɪl
b/bail.txt	3	m n	bail	beile, beils	B EY1 L	ˈbeɪl
b/bureau.txt	2	f n	bureaucracy	bureocracie -is	B Y UH0 R AA1 K R AH0 S IY0	bjʊˈɹɑkɹəsi
b/bureau.txt	3	m n	bureaucrat	bureocrate, bureocrats	B Y UH1 R AH0 K R AE2 T	ˈbjʊɹəˌkɹæt
b/bureau.txt	3	m n	bureaucrat	bureocrate, bureocrats	B Y UH1 R OW0 K R AE2 T	ˈbjʊɹoʊˌkɹæt
b/bureau.txt	4	adj	bureaucratic	bureocratic -ly	B Y UH2 R AH0 K R AE1 T IH0 K	ˌbjʊɹəˈkɹætɪk
b/bureau.txt	5	v	bureaucratize	to bureocratyse -s -d -ing		
b/bureau.txt	6	f n	bureaucratization	bureocratisâcion -s		
b/bureau.txt	7	f n	bureaucratism	bureocratism		
b/bureau.txt	8	m n	burro	burro -s	B ER1 OW0	ˈbɝoʊ
b/bell.txt	2	v	bell	to bele -s -d -ing	B EH1 L	ˈbɛl
b/boil.txt	1	v	boil	to bouile -s -d -ing	B OY1 L	ˈbɔɪl
b/boil.txt	2	m n	boil	bouile, boyels	B OY1 L	ˈbɔɪl
b/booze.txt	1	m n	booze	bouse	B UW1 Z	ˈbuz
b/booze.txt	2	v	booze	to bouse -s -d -ing	B UW1 Z	ˈbuz
b/besmirch.txt	1	v	besmirch	to besmourc̃e -s -d -ing		
b/become.txt	1	irv	become	to become -s becâm becom -ing	B IH0 K AH1 M	bɪˈkʌm
b/bracken.txt	1	m n	bracken	bracan -s	B R AE1 K AH0 N	ˈbɹækən
b/broccoli.txt	1	m n	broccoli	brocheli	B R AA1 K AH0 L IY0	ˈbɹɑkəli
b/broccoli.txt	1	m n	broccoli	brocheli	B R AA1 K L IY0	ˈbɹɑkli
b/bolt.txt	2	v	bolt	to bólte -s -d -ing	B OW1 L T	ˈboʊlt
b/break.txt	1	irv	break	to bréic -s bróc brócan bréiching	B R EY1 K	ˈbɹeɪk
b/break.txt	2	m n	break	bréic, bréix	B R EY1 K	ˈbɹeɪk
b/break.txt	3	m n	breakfast	braicfast -s	B R EH1 K F AH0 S T	ˈbɹɛkfəst
b/break.txt	5	m n	breach	breic̃e -s	B R IY1 CH	ˈbɹitʃ
b/break.txt	6	v	breach	to breic̃e -s -d -ing	B R IY1 CH	ˈbɹitʃ
b/body.txt	1	adj, m n	body	body, bodie -is	B AA1 D IY0	ˈbɑdi
b/bow.txt	1	v	bow	to bôe -s -d bôuing	B AW1	ˈbaʊ
b/bow.txt	1	v	bow	to bôe -s -d bôuing	B OW1	ˈboʊ
b/bow.txt	2	m n	bow	bôe, bôus	B AW1	ˈbaʊ
b/bow.txt	2	m n	bow	bôe, bôus	B OW1	ˈboʊ
b/bow.txt	3	m n	bow	bôe, bôus	B AW1	ˈbaʊ
b/bow.txt	3	m n	bow	bôe, bôus	B OW1	ˈboʊ
b/bow.txt	4	m n	bow	bohe, bohs	B AW1	ˈbaʊ
b/bow.txt	4	m n	bow	bohe, bohs	B OW1	ˈboʊ
b/bash.txt	1	v	bash	to basce -s -d -ing	B AE1 SH	ˈbæʃ
b/bash.txt	2	m n	bash	basce -s	B AE1 SH	ˈbæʃ
b/brooch.txt	1	m n	brooch	broc̃e -s	B R UW1 CH	ˈbɹutʃ
b/brooch.txt	1	m n	brooch	broc̃e -s	B R OW1 CH	ˈbɹoʊtʃ
b/brooch.txt	2	m n	broach	broc̃e -s	B R OW1 CH	ˈbɹoʊtʃ
b/brooch.txt	3	v	broach	to broc̃e -s -d -ing	B R OW1 CH	ˈbɹoʊtʃ
b/bitter.txt	1	adj	bitter	bitre -ness	B IH1 T ER0	ˈbɪtɚ
b/bitter.txt	2	m n	bitter	bitre, bitars	B IH1 T ER0	ˈbɪtɚ
b/blot.txt	1	m n	blot	blotte, blots	B L AA1 T	ˈblɑt
b/blot.txt	2	v	blot	to blotte blot(s blotted blotting	B L AA1 T	ˈblɑt
b/ballot.txt	1	m n	ballot	ballot -s	B AE1 L AH0 T	ˈbælət
b/bee.txt	2	m n	beehive	bí hîve -s	B IY1 HH AY2 V	ˈbiˌhaɪv
b/billion.txt	1	m n	billion	billion -s	B IH1 L Y AH0 N	ˈbɪljən
b/ball.txt	1	m n	ball	bolle, bolls	B AO1 L	ˈbɔl
b/ball.txt	2	v	ball	to bolle -s -d -ing	B AO1 L	ˈbɔl
b/ball.txt	3	m n	bowl	bole, boals	B OW1 L	ˈboʊl
b/ball.txt	4	v	bowl	to bole -s -d -ing	B OW1 L	ˈboʊl
b/brace.txt	2	v	brace	to brâce -s -d -ing	B R EY1 S	ˈbɹeɪs
b/brace.txt	3	v	embrace	to embrâce -s -d -ing	EH0 M B R EY1 S	ɛmˈbɹeɪs
b/brace.txt	3	v	embrace	to embrâce -s -d -ing	IH0 M B R EY1 S	ɪmˈbɹeɪs
b/brace.txt	4	f n	embrace	embrâce -s	EH0 M B R EY1 S	ɛmˈbɹeɪs
b/brace.txt	4	f n	embrace	embrâce -s	IH0 M B R EY1 S	ɪmˈbɹeɪs
b/barren.txt	1	adj	barren	bairan	B AE1 R AH0 N	ˈbæɹən
b/barren.txt	1	adj	barren	bairan	B EH1 R AH0 N	ˈbɛɹən
b/bag.txt	1	m n	bag	bague, bags	B AE1 G	ˈbæɡ
b/bag.txt	2	v	bag	to bague bag(s -d -ing	B AE1 G	ˈbæɡ
b/bag.txt	3	m n	baggage	bagage -s	B AE1 G AH0 JH	ˈbæɡədʒ
b/bag.txt	3	m n	baggage	bagage -s	B AE1 G IH0 JH	ˈbæɡɪdʒ
b/bracket.txt	1	m n	bracket	brachete, brachets	B R AE1 K IH0 T	ˈbɹækɪt
b/bracket.txt	2	v	bracket	to brachete -s -d -ing	B R AE1 K IH0 T	ˈbɹækɪt
b/bob.txt	1	v	bob	to bobbe bob(s bobbed bobbing	B AA1 B	ˈbɑb
b/bob.txt	2	m n	bob	bobbe, bobs	B AA1 B	ˈbɑb
b/boat.txt	1	m n	boat	bote, boats	B OW1 T	ˈboʊt
b/boat.txt	2	v	boat	to bote -s -d -ing	B OW1 T	ˈboʊt
b/boat.txt	3	m n	boatswain	boasain -s	B OW1 T S W EY0 N	ˈboʊtsweɪn
b/broom.txt	1	m n	broom	broume, broums	B R UW1 M	ˈbɹum
b/brave.txt	2	v	brave	to brâve -s -d -ing	B R EY1 V	ˈbɹeɪv
b/brave.txt	3	m n	bravery	brâvrie	B R EY1 V ER0 IY0	ˈbɹeɪvɚi
b/bloat.txt	1	v	bloat	to blote -s -d -ing	B L OW1 T	ˈbloʊt
b/bloat.txt	2	m n	bloat	blote, bloats	B L OW1 T	ˈbloʊt
b/brute.txt	1	adj, m n	brute	brute, brúts	B R UW1 T	ˈbɹut
b/brute.txt	2	adj	brutish	brútisce	B R UW1 T IH0 SH	ˈbɹutɪʃ
b/brute.txt	4	f n	brutality	brutaletie, brutaletis	B R UW0 T AE1 L AH0 T IY0	bɹuˈtæləti
b/brute.txt	4	f n	brutality	brutaletie, brutaletis	B R UW0 T AE1 L IH0 T IY0	bɹuˈtælɪti
b/brute.txt	5	v	brutalize	to brútalyse -s -d -ing	B R UW1 T AH0 L AY2 Z	ˈbɹutəˌlaɪz
b/brute.txt	6	f n	brutalization	brutalisâcion -s	B R UW1 T AH0 L AH0 Z EY2 SH AH0 N	ˈbɹutələˌzeɪʃən
b/brute.txt	7	m n	brutalism	brútalism		
b/blind.txt	2	adv	blindly	blîndly	B L AY1 N D L IY0	ˈblaɪndli
b/blind.txt	3	v	blind	to blînde -s -d -ing	B L AY1 N D	ˈblaɪnd
b/bike.txt	1	m n	bicycle	bîcycle, bîcyculs	B AY1 S IH0 K AH0 L	ˈbaɪsɪkəl
b/bike.txt	2	v	bicycle	to bîcycle -s -d -ing	B AY1 S IH0 K AH0 L	ˈbaɪsɪkəl
b/bike.txt	3	m n	bicycle	bîc -s	B AY1 S IH0 K AH0 L	ˈbaɪsɪkəl
b/bike.txt	3	m n	bike	bîc -s	B AY1 K	ˈbaɪk
b/bike.txt	4	v	bike	to bîc -s bîched bîching	B AY1 K	ˈbaɪk
b/belly.txt	1	m n	belly	bellie, bellis	B EH1 L IY0	ˈbɛli
b/bound.txt	1	v	bound	to bônde -s -d -ing	B AW1 N D	ˈbaʊnd
b/bound.txt	2	v	rebound	to rebônde -s -d -ing	R IY0 B AW1 N D	ɹiˈbaʊnd
b/bound.txt	3	m n	rebound	ribônd -s	R IY0 B AW1 N D	ɹiˈbaʊnd
b/browse.txt	1	v	browse	to brôuse -s -d -ing	B R AW1 Z	ˈbɹaʊz
b/browse.txt	2	m n	browser	brôusor -s	B R AW1 Z ER0	ˈbɹaʊzɚ
b/baffle.txt	1	v	baffle	to baffle -s -d -ing	B AE1 F AH0 L	ˈbæfəl
b/both.txt	1	pron, adj, adv	both	boaþ	B OW1 TH	ˈboʊθ
b/blow.txt	1	irv	blow	to bloe -s blou bloan blouing	B L OW1	ˈbloʊ
b/blow.txt	2	m n	blow	bloe, bloas	B L OW1	ˈbloʊ
b/brigand.txt	1	m n	brigand	brigand -s		
b/bear.txt	1	irv	bear	to beire -s bhore born beiring	B EH1 R	ˈbɛɹ
b/bear.txt	2	m n	wheelbarrow	beiro, beiros -s	W IY1 L B EH2 R OW0	ˈwilˌbɛɹoʊ
b/bear.txt	2	m n	wheelbarrow	beiro, beiros -s	HH W IY1 L B EH2 R OW0	hˈwilˌbɛɹoʊ
b/bear.txt	2	m n	barrow	beiro, beiros -s	B AE1 R OW0	ˈbæɹoʊ
b/bear.txt	2	m n	barrow	beiro, beiros -s	B EH1 R OW0	ˈbɛɹoʊ
b/bear.txt	3	adj	bearable	beirable -y	B EH1 R AH0 B AH0 L	ˈbɛɹəbəl
b/bear.txt	4	adv	bearable	beirably	B EH1 R AH0 B AH0 L	ˈbɛɹəbəl
b/bear.txt	5	adj	unbearable	unbeîrable -y	AH0 N B EH1 R AH0 B AH0 L	ənˈbɛɹəbəl
b/bear.txt	6	adv	unbearable	unbeîrably	AH0 N B EH1 R AH0 B AH0 L	ənˈbɛɹəbəl
b/bear.txt	7	m n	bear	beare, bears	B EH1 R	ˈbɛɹ
b/barometer.txt	1	m n	barometer	barometre, barometars	B ER0 AA1 M IH0 T ER0	bɚˈɑmɪtɚ
b/budge.txt	1	v	budge	to boge -s -d -ing	B AH1 JH	ˈbʌdʒ
b/bog.txt	1	m n	bog	bogue, bogs	B AA1 G	ˈbɑɡ
b/bog.txt	1	m n	bog	bogue, bogs	B AO1 G	ˈbɔɡ
b/bog.txt	2	v	bog	to bogue bog(s bogued boguing	B AA1 G	ˈbɑɡ
b/bog.txt	2	v	bog	to bogue bog(s bogued boguing	B AO1 G	ˈbɔɡ
b/brick.txt	1	m n	brick	bric, brix	B R IH1 K	ˈbɹɪk
b/brick.txt	2	v	brick	to bric -s briched briching	B R IH1 K	ˈbɹɪk
b/banish.txt	1	v	banish	to banișe -s -d -ing	B AE1 N IH0 SH	ˈbænɪʃ
b/banish.txt	2	m n	banishment	banișement -s	B AE1 N IH0 SH M AH0 N T	ˈbænɪʃmənt
b/banish.txt	3	v	ban	to bane -s -d -ing	B AE1 N	ˈbæn
b/bludgeon.txt	1	v	bludgeon	to blogione -s -d -ing	B L AH1 JH AH0 N	ˈblʌdʒən
b/bludgeon.txt	2	m n	bludgeon	blogion -s	B L AH1 JH AH0 N	ˈblʌdʒən
b/bacteria.txt	1	f n	bacteria	bactíria	B AE0 K T IH1 R IY0 AH0	bækˈtɪɹiə
b/bacteria.txt	2	f n	bacteriology	bactiriologie	B AE2 K T IH0 R IY2 AA1 L AH0 JH IY0	ˌbæktɪˌɹiˈɑlədʒi
b/burn.txt	1	intr v	burn	to bêne -s bênt -ing	B ER1 N	ˈbɝn
b/burn.txt	2	m n	burn	bêne, bêns	B ER1 N	ˈbɝn
b/burn.txt	3	tr v	burn	to bêne -s -d -ing	B ER1 N	ˈbɝn
b/bake.txt	1	v	bake	to baic -s baiched baiching	B EY1 K	ˈbeɪk
b/bake.txt	2	m n	baker	baicor -s	B EY1 K ER0	ˈbeɪkɚ
b/bake.txt	3	m n	bake	baic, baix	B EY1 K	ˈbeɪk
b/bake.txt	4	m n	bakery	baicherie, baicheris	B EY1 K ER0 IY0	ˈbeɪkɚi
b/beach.txt	1	m n	beach	biec̃e -s	B IY1 CH	ˈbitʃ
b/beach.txt	2	v	beach	to biec̃e -s -d -ing	B IY1 CH	ˈbitʃ
b/bogey.txt	1	m n	bogey	bûguie, bûguis	B OW1 G IY0	ˈboʊɡi
b/bogey.txt	2	m n	bogeyman	bûguiman, bûguimen	B OW1 G IY0 M AE2 N	ˈboʊɡiˌmæn
b/bogey.txt	2	m n	bogeyman	bûguiman, bûguimen	B UH1 G IY0 M AE2 N	ˈbʊɡiˌmæn
b/bogey.txt	3	m n	bogey	bóguie, bóguis	B OW1 G IY0	ˈboʊɡi
b/bargain.txt	1	v	bargain	to bárgane -s -d -ing	B AA1 R G AH0 N	ˈbɑɹɡən
b/bargain.txt	1	v	bargain	to bárgane -s -d -ing	B AA1 R G IH0 N	ˈbɑɹɡɪn
b/bird.txt	1	m n	bird	birde, birds	B ER1 D	ˈbɝd
b/bouillon.txt	1	f n	bouillon	bouillon	B UW2 W IH1 L AH0 N	ˌbuˈwɪlən
b/before.txt	1	prep	before	before	B IH0 F AO1 R	bɪˈfɔɹ
b/before.txt	1	prep	before	before	B IY2 F AO1 R	ˌbiˈfɔɹ
b/brew.txt	1	v	brew	to breue -s -d -ing	B R UW1	ˈbɹu
b/brew.txt	2	m n	brew	breue, breus	B R UW1	ˈbɹu
b/brew.txt	3	m n	brewery	breurie -is	B R UW1 ER0 IY0	ˈbɹuɚi
b/bleat.txt	1	v	bleat	to bliete -s -d -ing		
b/bleat.txt	2	m n	bleat	bliete, bliets		
b/blade.txt	2	v	blade	to blâde -s -d -ing	B L EY1 D	ˈbleɪd
b/brim.txt	1	m n	brim	brimme, brims	B R IH1 M	ˈbɹɪm
b/brim.txt	2	v	brim	to brimme brim(s brimmed brimming	B R IH1 M	ˈbɹɪm
b/batter.txt	1	v	batter	to batter battre(s battred battering	B AE1 T ER0	ˈbætɚ
b/batter.txt	2	m n	batter	batture, batturs	B AE1 T ER0	ˈbætɚ
b/batter.txt	3	v	batter	to batture -s -d -ing	B AE1 T ER0	ˈbætɚ
b/batter.txt	4	v	bat	to batte bat(s -d -ing	B AE1 T	ˈbæt
b/batter.txt	5	m n	batter	batter -s	B AE1 T ER0	ˈbætɚ
b/batter.txt	6	f n	battalion	battalion	B AH0 T AE1 L Y AH0 N	bəˈtæljən
b/batter.txt	7	m n	battery	batterie, batteris	B AE1 T ER0 IY0	ˈbætɚi
b/boy.txt	1	m n	boy	boie, boys	B OY1	ˈbɔɪ
b/behave.txt	1	v	behave	to behâve -s -d -ing	B IH0 HH EY1 V	bɪˈheɪv
b/behave.txt	2	f n	behavior	behâvior -s	B IH0 HH EY1 V Y ER0	bɪˈheɪvjɚ
b/behave.txt	3	adj	behavioral	behâvioral -ly	B IH0 HH EY1 V Y ER0 AH0 L	bɪˈheɪvjɚəl
b/behave.txt	3	adj	behavioral	behâvioral -ly	B IY0 HH EY1 V Y ER0 AH0 L	biˈheɪvjɚəl
b/behave.txt	4	f n	behaviorism	behâviorism -s		
b/behave.txt	5	adj	behavioristic	behâvioristic -ly		
b/brine.txt	2	adj	briny	brîny		
b/brown.txt	3	m n	brownie	brônie, brônis	B R AW1 N IY0	ˈbɹaʊni
b/bar.txt	1	m n	bar	barre, bars	B AA1 R	ˈbɑɹ
b/bar.txt	2	v	bar	to barre bar(s -d -ing	B AA1 R	ˈbɑɹ
b/bar.txt	3	m n	barrier	bârrior -s	B AE1 R IY0 ER0	ˈbæɹiɚ
b/bar.txt	3	m n	barrier	bârrior -s	B EH1 R IY0 ER0	ˈbɛɹiɚ
b/bar.txt	4	m n	bar	báre, bárs	B AA1 R	ˈbɑɹ
b/between.txt	1	prep	between	betuine	B IH0 T W IY1 N	bɪˈtwin
b/between.txt	1	prep	between	betuine	B IY0 T W IY1 N	biˈtwin
b/banjo.txt	1	m n	banjo	banjo -s	B AE1 N JH OW2	ˈbænˌdʒoʊ
b/backspace.txt	1	m n	backspace	bacspâce -s		
b/burnish.txt	1	v	burnish	to bournișe -s -d -ing	B ER1 N IH0 SH	ˈbɝnɪʃ
b/bald.txt	1	adj	bald	bald -ar -est	B AO1 L D	ˈbɔld
b/bokeh.txt	1	m n	bokeh	bocaie		
b/batch.txt	1	m n	batch	bac̃e -s	B AE1 CH	ˈbætʃ
b/batch.txt	2	v	batch	to bac̃e -s -d -ing	B AE1 CH	ˈbætʃ
b/bleed.txt	1	irv	bleed	to bliede -s bled -ing	B L IY1 D	ˈblid
b/bleed.txt	2	m n	blood	blode, blods	B L AH1 D	ˈblʌd
b/bleed.txt	3	v	blood	to blode -s -d -ing	B L AH1 D	ˈblʌd
b/bleed.txt	4	adj, adv	bloody	blody	B L AH1 D IY0	ˈblʌdi
b/bleed.txt	5	v	bloody	to blodie -s -d blodying	B L AH1 D IY0	ˈblʌdi
b/bronchial.txt	1	adj	bronchial	bronchial	B R AA1 N CH IY0 AH0 L	ˈbɹɑntʃiəl
b/burr.txt	1	m n	burr	burre, burs	B ER1	ˈbɝ
b/baboon.txt	1	f n	baboon	baboune, babouns	B AH0 B UW1 N	bəˈbun
b/breeze.txt	1	m n	breeze	brise	B R IY1 Z	ˈbɹiz
b/breeze.txt	2	v	breeze	to brise -s -d -ing	B R IY1 Z	ˈbɹiz
b/bustle.txt	1	v	bustle	to bussle -s -d -ing	B AH1 S AH0 L	ˈbʌsəl
b/bellow.txt	1	v	bellow	to belhau -s -d -ing	B EH1 L OW0	ˈbɛloʊ
b/bellow.txt	2	m n	bellow	belho, belhos	B EH1 L OW0	ˈbɛloʊ
b/bellow.txt	3	m n	bellows	belhos	B EH1 L OW0 Z	ˈbɛloʊz
b/black.txt	1	adj	black	blac blacar blachest	B L AE1 K	ˈblæk
b/beetle.txt	1	m n	beetle	bietle, bietels	B IY1 T AH0 L	ˈbitəl
b/breech.txt	1	m n	breech	broic̃e -s	B R IY1 CH	ˈbɹitʃ
b/breech.txt	2	v	breech	to broic̃e -s -d -ing	B R IY1 CH	ˈbɹitʃ
b/breech.txt	3	m n	breeches	bric̃es	B R IY1 CH IH0 Z	ˈbɹitʃɪz
b/buffalo.txt	1	m n	buffalo	bufalo -s	B AH1 F AH0 L OW2	ˈbʌfəˌloʊ
b/buffalo.txt	2	adj	buffe leather	buff -ar -est		
b/buffalo.txt	3	m n	buffe leather	buffe, buffs		
b/buffalo.txt	4	v	buff	to buffe -s -d -ing	B AH1 F	ˈbʌf
b/bye.txt	1	interj	goodbye	bŷ	G UH2 D B AY1	ˌɡʊdˈbaɪ
b/bunny.txt	1	m n	bunny	bunie, bunis	B AH1 N IY0	ˈbʌni
b/base.txt	1	m n	base	bâss -es	B EY1 S	ˈbeɪs
b/base.txt	2	v	base	to bâsse -s -d -ing	B EY1 S	ˈbeɪs
b/base.txt	3	m n	basement	bâssement -s	B EY1 S M AH0 N T	ˈbeɪsmənt
b/base.txt	5	adj, m n	basic	bâsic -ly	B EY1 S IH0 K	ˈbeɪsɪk
b/bullet.txt	1	m n	bullet	bûllete, bûllets	B UH1 L AH0 T	ˈbʊlət
b/bullet.txt	2	m n	bulletin	bûlletin -s	B UH1 L IH0 T AH0 N	ˈbʊlɪtən
b/beneath.txt	1	prep	beneath	benieþ	B IH0 N IY1 TH	bɪˈniθ
b/braid.txt	1	v	braid	to breide -s -d -ing	B R EY1 D	ˈbɹeɪd
b/braid.txt	2	m n	braid	breid -s	B R EY1 D	ˈbɹeɪd
b/beg.txt	1	v	beg	to begue beg(s -d -ing	B EH1 G	ˈbɛɡ
b/beg.txt	2	m n	beggar	beguer -s	B EH1 G ER0	ˈbɛɡɚ
b/beg.txt	4	v	beggar	to beguer begre(s begred beguering	B EH1 G ER0	ˈbɛɡɚ
b/beg.txt	5	m n	beggary	beguerie -is		
b/bluster.txt	1	v	bluster	to bluster blustre(s blustred blustering	B L AH1 S T ER0	ˈblʌstɚ
b/bluster.txt	2	adj	blustery	blustery	B L AH1 S T ER0 IY0	ˈblʌstɚi
b/breed.txt	1	irv	breed	to briede -s bred -ing	B R IY1 D	ˈbɹid
b/breed.txt	2	m n	breed	briede, brieds	B R IY1 D	ˈbɹid
b/balloon.txt	1	f n	balloon	baloune, balouns	B AH0 L UW1 N	bəˈlun
b/balloon.txt	2	v	balloon	to baloune -s -d ing	B AH0 L UW1 N	bəˈlun
b/bark.txt	1	m n	bark	bárc, bárx	B AA1 R K	ˈbɑɹk
b/bark.txt	2	v	bark	to bárc bárc(s -hed -hing	B AA1 R K	ˈbɑɹk
b/bark.txt	3	v	bark	to barc barc(s -hed -hing	B AA1 R K	ˈbɑɹk
b/bark.txt	4	m n	bark	barc, barx	B AA1 R K	ˈbɑɹk
b/blaze.txt	1	m n	blaze	blâse -s	B L EY1 Z	ˈbleɪz
b/blaze.txt	2	v	blaze	to blâse -s -d -ing	B L EY1 Z	ˈbleɪz
b/blaze.txt	3	m n	blazer	blâser -s	B L EY1 Z ER0	ˈbleɪzɚ
b/blaze.txt	4	m n	blaze	bleise -s	B L EY1 Z	ˈbleɪz
b/blaze.txt	5	v	blaze	to bleise -s -d -ing	B L EY1 Z	ˈbleɪz
b/bone.txt	1	m n	bone	bone, boans	B OW1 N	ˈboʊn
b/beret.txt	1	f n	beret	bereie, beréis	B EH1 R AH0 T	ˈbɛɹət
b/beret.txt	1	f n	beret	bereie, beréis	B EH1 R EY0 T	ˈbɛɹeɪt
b/bass.txt	1	m n	bass	bass	B AE1 S	ˈbæs
b/bass.txt	1	m n	bass	bass	B EY1 S	ˈbeɪs
b/bass.txt	2	adj	base	bâss -ar -est	B EY1 S	ˈbeɪs
b/bass.txt	3	adj, m n	bass	bâss -es	B AE1 S	ˈbæs
b/bass.txt	3	adj, m n	bass	bâss -es	B EY1 S	ˈbeɪs
b/boolean.txt	1	m n	Boolean	boulian -s	B UW0 L IY1 AH0 N	buˈliən
b/boolean.txt	1	m n	boolean	boulian -s	B UW0 L IY1 AH0 N	buˈliən
b/beguile.txt	1	v	beguile	to beguîle -s -d -ing	B IH0 G AY1 L	bɪˈɡaɪl
b/bunch.txt	1	v	bunch	to bonc̃e -s -d -ing	B AH1 N CH	ˈbʌntʃ
b/bunch.txt	2	m n	bunch	bonc̃e -s	B AH1 N CH	ˈbʌntʃ
b/burst.txt	1	irv	burst	to burste -s burst -ing	B ER1 S T	ˈbɝst
b/burst.txt	2	m n	burst	burste, bursts	B ER1 S T	ˈbɝst
b/burst.txt	3	v	bust	to buste -s -d -ing	B AH1 S T	ˈbʌst
b/burst.txt	4	m n	bust	buste, busts	B AH1 S T	ˈbʌst
b/berth.txt	1	m n	berth	berþ -s	B ER1 TH	ˈbɝθ
b/button.txt	1	m n	button	boton -s	B AH1 T AH0 N	ˈbʌtən
b/button.txt	2	v	button	to botone -s -d -ing	B AH1 T AH0 N	ˈbʌtən
b/burden.txt	1	m n	burden	burdene, burdans	B ER1 D AH0 N	ˈbɝdən
b/burden.txt	2	v	burden	to burdene -s -d -ing	B ER1 D AH0 N	ˈbɝdən
b/burden.txt	3	m n	burden	bourdon -s	B ER1 D AH0 N	ˈbɝdən
b/bump.txt	1	v	bump	to bompe -s -d -ing	B AH1 M P	ˈbʌmp
b/bump.txt	2	m n	bump	bompe, bomps	B AH1 M P	ˈbʌmp
b/budgerigar.txt	1	m n	budgie	bugie, bugis		
b/blazon.txt	1	v	blazon	to blâsone -s -d -ing		
b/blazon.txt	2	m n	blazon	blâson -s		
b/blare.txt	1	m n	blare	blâre, blârs	B L EH1 R	ˈblɛɹ
b/blare.txt	2	v	blare	to blâre -s -d -ing	B L EH1 R	ˈblɛɹ
b/butcher.txt	1	m n	butcher	buc̃ere, buc̃ars	B UH1 CH ER0	ˈbʊtʃɚ
b/butcher.txt	2	v	butcher	to buc̃ere -s -d -ing	B UH1 CH ER0	ˈbʊtʃɚ
b/butcher.txt	3	adj, m n	butch	buc̃e -s	B UH1 CH	ˈbʊtʃ
b/butcher.txt	4	m n	butchery	buc̃erie -is	B UH1 CH ER0 IY0	ˈbʊtʃɚi
b/beverage.txt	1	m n	beverage	bevrage -s	B EH1 V ER0 IH0 JH	ˈbɛvɚɪdʒ
b/beverage.txt	1	m n	beverage	bevrage -s	B EH1 V R IH0 JH	ˈbɛvɹɪdʒ
b/beak.txt	1	m n	beak	biec, biex	B IY1 K	ˈbik
b/bank.txt	1	v	bank	to bânque bânc(s -d -ing	B AE1 NG K	ˈbæŋk
b/bank.txt	3	adj	bankrupt	bâncropt	B AE1 NG K R AH0 P T	ˈbæŋkɹəpt
b/bank.txt	4	v	bankrupt	to bâncropte bâncrops -d -ing	B AE1 NG K R AH0 P T	ˈbæŋkɹəpt
b/bank.txt	5	m n	bankruptcy	bâncropcie -is	B AE1 NG K R AH0 P S IY0	ˈbæŋkɹəpsi
b/bank.txt	5	m n	bankruptcy	bâncropcie -is	B AE1 NG K R AH0 P T S IY0	ˈbæŋkɹəptsi
b/bank.txt	7	v	bench	to benc̃e -s -d -ing	B EH1 N CH	ˈbɛntʃ
b/bank.txt	9	v	banquet	to bâncuet -s -ed -ing	B AE1 NG K W AH0 T	ˈbæŋkwət
b/bottom.txt	1	m n	bottom	bottom -s	B AA1 T AH0 M	ˈbɑtəm
b/bottom.txt	2	adj	bottom	bottom	B AA1 T AH0 M	ˈbɑtəm
b/bottom.txt	3	v	bottom	to bottome -s -d -ing	B AA1 T AH0 M	ˈbɑtəm
b/breadth.txt	1	m n	breadth	braidþ -s	B R EH1 D TH	ˈbɹɛdθ
b/broad.txt	1	adj, adv	broad	braud -ar -est	B R AO1 D	ˈbɹɔd
b/broad.txt	2	m n	broad	braud -s	B R AO1 D	ˈbɹɔd
b/bleak.txt	1	adj	bleak	bliec -ly -hness	B L IY1 K	ˈblik
b/budget.txt	1	m n	budget	bogete, bogets	B AH1 JH IH0 T	ˈbʌdʒɪt
b/budget.txt	2	v	budget	to bogete -s -d -ing	B AH1 JH IH0 T	ˈbʌdʒɪt
b/bower.txt	1	m n	bower	bôere, bôars	B AW1 ER0	ˈbaʊɚ
b/bower.txt	2	m n	bowery	bôerie, bôeris	B AW1 ER0 IY0	ˈbaʊɚi
b/buckle.txt	1	m n	buckle	bochle, bochels	B AH1 K AH0 L	ˈbʌkəl
b/buckle.txt	2	v	buckle	to bochle -s -d -ing	B AH1 K AH0 L	ˈbʌkəl
b/beer.txt	1	m n	beer	biore, biors	B IH1 R	ˈbɪɹ
b/bury.txt	1	v	bury	to berie -s -d berying	B EH1 R IY0	ˈbɛɹi
b/bury.txt	2	m n	burial	berial -s	B EH1 R IY0 AH0 L	ˈbɛɹiəl
b/bury.txt	3	m n	barrow	bero -s	B AE1 R OW0	ˈbæɹoʊ
b/bury.txt	3	m n	barrow	bero -s	B EH1 R OW0	ˈbɛɹoʊ
b/bury.txt	4	m n	burrow	bouro -s	B ER1 OW0	ˈbɝoʊ
b/bury.txt	5	v	burrow	to bouroe -s -d -uing	B ER1 OW0	ˈbɝoʊ
b/bury.txt	6	m n	borough	bouroh -s	B ER1 OW2	ˈbɝˌoʊ
b/bawk.txt	1	v	bawk	to bòc -s bòched bòching		
b/bawk.txt	2	m n	bawk	bòc, bòx		
b/billow.txt	1	m n	billow	bylho, bylhos	B IH1 L OW0	ˈbɪloʊ
b/billow.txt	2	v	billow	to bylhaue -s -d bylhauing	B IH1 L OW0	ˈbɪloʊ
b/baptism.txt	1	m n	baptism	baptism -s	B AE1 P T IH0 Z AH0 M	ˈbæptɪzəm
b/baptism.txt	2	v	baptize	to baptyse -s -d -ing	B AE0 P T AY1 Z	bæpˈtaɪz
b/blue.txt	1	adj, m n	blue	bleu bleuar bleuest	B L UW1	ˈblu
b/blue.txt	2	m n	blues	bleus	B L UW1 Z	ˈbluz
b/bulk.txt	1	m n	bulk	bulc, bulcs	B AH1 L K	ˈbʌlk
b/bulk.txt	2	v	bulk	to bulc -s -hed -hing	B AH1 L K	ˈbʌlk
b/back.txt	1	m n	back	bac -s	B AE1 K	ˈbæk
b/back.txt	2	v	back	to bac -s bached baching	B AE1 K	ˈbæk
b/back.txt	3	adj, adv	aback	abàc	AH0 B AE1 K	əˈbæk
b/back.txt	4	adj, adv	back	bac	B AE1 K	ˈbæk
b/ballet.txt	1	f n	ballet	baleie, baléis	B AE0 L EY1	bæˈleɪ
b/ballet.txt	2	m n	ball	balle, balls	B AO1 L	ˈbɔl
b/beadle.txt	1	m n	beadle	beidle, beidels	B IY1 D AH0 L	ˈbidəl
b/berserk.txt	1	adj	berserk	besêc	B ER0 S ER1 K	bɚˈsɝk
b/berserk.txt	2	f n	berserker	besêcor		
b/bare.txt	1	adj	bare	bair -ar -est	B EH1 R	ˈbɛɹ
b/bare.txt	2	adv	barely	bairly	B EH1 R L IY0	ˈbɛɹli
b/bare.txt	3	v	bare	to baire -s -d -ing	B EH1 R	ˈbɛɹ
b/bread.txt	2	v	bread	to breade -s -d -ing	B R EH1 D	ˈbɹɛd
b/Brazil.txt	1	f n	Brazil	Brasille	B R AH0 Z IH1 L	bɹəˈzɪl
b/Brazil.txt	2	adj	Brazilian	brasillian	B R AH0 Z IH1 L Y AH0 N	bɹəˈzɪljən
b/bonnet.txt	1	m n	bonnet	bonnete, bonnets	B AA1 N AH0 T	ˈbɑnət
b/build.txt	1	irv	build	to bylde -s bylt -ing	B IH1 L D	ˈbɪld
b/build.txt	2	m n	build	bylde, bylds	B IH1 L D	ˈbɪld
b/build.txt	3	m n	building	bylding -s	B IH1 L D IH0 NG	ˈbɪldɪŋ
b/bulldoze.txt	1	v	bulldoze	to bûldoze -s -d -ing	B UH1 L D OW2 Z	ˈbʊlˌdoʊz
b/bulldoze.txt	2	m n	bulldozer	bûldozor -s	B UH1 L D OW2 Z ER0	ˈbʊlˌdoʊzɚ
b/barrel.txt	1	m n	barrel	bârile, bârils	B AE1 R AH0 L	ˈbæɹəl
b/barrel.txt	1	m n	barrel	bârile, bârils	B EH1 R AH0 L	ˈbɛɹəl
b/barrel.txt	2	v	barrel	to bârile -s -d -ing	B AE1 R AH0 L	ˈbæɹəl
b/barrel.txt	2	v	barrel	to bârile -s -d -ing	B EH1 R AH0 L	ˈbɛɹəl
b/barrel.txt	4	v	barricade	to bâricaide -s -d -ing	B AE1 R AH0 K EY2 D	ˈbæɹəˌkeɪd
b/barrel.txt	4	v	barricade	to bâricaide -s -d -ing	B EH1 R AH0 K EY2 D	ˈbɛɹəˌkeɪd
b/brood.txt	1	m n	brood	broude, brouds	B R UW1 D	ˈbɹud
b/brood.txt	2	v	brood	to broude -s -d -ing	B R UW1 D	ˈbɹud
b/beaker.txt	1	m n	beaker	biecre, biecars	B IY1 K ER0	ˈbikɚ
p/prey.txt	1	m n	prey	preie, preys	P R EY1	ˈpɹeɪ
p/prey.txt	2	v	prey	to preie -s -d preying	P R EY1	ˈpɹeɪ
p/precipice.txt	1	m n	precipice	prècipice  -s	P R EH1 S AH0 P AH0 S	ˈpɹɛsəpəs
p/person.txt	1	m n	person	person -s	P ER1 S AH0 N	ˈpɝsən
p/person.txt	3	adv	personally	personally	P ER1 S AH0 N AH0 L IY0	ˈpɝsənəli
p/person.txt	3	adv	personally	personally	P ER1 S AH0 N L IY0	ˈpɝsənli
p/person.txt	3	adv	personally	personally	P ER1 S N AH0 L IY0	ˈpɝsnəli
p/person.txt	4	f n	personality	personaletie -is	P ER2 S AH0 N AE1 L IH0 T IY0	ˌpɝsəˈnælɪti
p/person.txt	8	m n	personhood	personhud -s		
p/person.txt	9	v	personalize	to pêrsonalyse -s -d -ing	P ER1 S AH0 N AH0 L AY2 Z	ˈpɝsənəˌlaɪz
p/person.txt	10	f n	personalization	personalisâcion -s	P ER2 S AH0 N AH0 L AH0 Z EY1 SH AH0 N	ˌpɝsənələˈzeɪʃən
p/person.txt	11	v	personify	to personnifae -s -d personnifyhing	P ER0 S AA1 N AH0 F AY2	pɚˈsɑnəˌfaɪ
p/person.txt	12	f n	personification	personificâcion -s	P ER0 S AA2 N AH0 F AH0 K EY1 SH AH0 N	pɚˌsɑnəfəˈkeɪʃən
p/paw.txt	1	m n	paw	paue, paus	P AO1	ˈpɔ
p/paw.txt	2	v	paw	to paue -s -d pauing	P AO1	ˈpɔ
p/pursue.txt	1	v	pursue	to porsue -s -d -ing	P ER0 S UW1	pɚˈsu
p/pursue.txt	2	f n	pursuer	porsuer -s	P ER0 S UW1 ER0	pɚˈsuɚ
p/pursue.txt	3	adj	pursuant	porsúant	P ER0 S UW1 AH0 N T	pɚˈsuənt
p/pursue.txt	4	f n	pursuance	porsúance		
p/pursue.txt	5	f n	pursuit	porsute, porsúts	P ER0 S UW1 T	pɚˈsut
p/park.txt	1	v	park	to parque parc(s -d -ing	P AA1 R K	ˈpɑɹk
p/park.txt	2	m n	park	parque, parcs	P AA1 R K	ˈpɑɹk
p/profane.txt	1	v	profane	to profâne -s -d -ing	P R OW0 F EY1 N	pɹoʊˈfeɪn
p/profane.txt	3	f n	profanity	profanetie -is	P R OW0 F AE1 N AH0 T IY0	pɹoʊˈfænəti
p/profane.txt	5	adj	profanatory	profànatory		
p/pane.txt	1	m n	pane	pâne, pâns	P EY1 N	ˈpeɪn
p/polish.txt	1	v	polish	to polișe -s -d -ing	P AA1 L IH0 SH	ˈpɑlɪʃ
p/polish.txt	1	v	polish	to polișe -s -d -ing	P OW1 L IH0 SH	ˈpoʊlɪʃ
p/polish.txt	2	m n	polish	polișe	P AA1 L IH0 SH	ˈpɑlɪʃ
p/polish.txt	2	m n	polish	polișe	P OW1 L IH0 SH	ˈpoʊlɪʃ
p/polish.txt	3	adj	polite	polîte	P AH0 L AY1 T	pəˈlaɪt
p/pejorative.txt	1	adj, f n	pejorative	pejóratif -s	P AH0 JH AO1 R AH0 T IH0 V	pəˈdʒɔɹətɪv
p/pejorative.txt	2	f n	pejoration	pejorâcion -s		
p/paralyze.txt	2	v	paralyse	to pâralyse -s -d -ing		
p/paralyze.txt	2	v	paralyze	to pâralyse -s -d -ing	P EH1 R AH0 L AY2 Z	ˈpɛɹəˌlaɪz
p/paralyze.txt	3	adj, f n	paralytic	paralÿtic -s -ly	P EH2 R AH0 L IH1 T IH0 K	ˌpɛɹəˈlɪtɪk
p/profess.txt	1	v	profess	to professe -s -d -ing	P R AH0 F EH1 S	pɹəˈfɛs
p/profess.txt	3	adj, f n	professional	professional -s	P R AH0 F EH1 SH AH0 N AH0 L	pɹəˈfɛʃənəl
p/profess.txt	4	f n	professor	professor -s	P R AH0 F EH1 S ER0	pɹəˈfɛsɚ
p/pterodactyl.txt	1	f n	pterodactyl	pterodàctil -s		
p/plummet.txt	1	m n	plummet	plomete, plomets	P L AH1 M AH0 T	ˈplʌmət
p/plummet.txt	2	v	plummet	to plomete -s -d -ing	P L AH1 M AH0 T	ˈplʌmət
p/proper.txt	1	adj, adv, m n	proper	propre properly propreness	P R AA1 P ER0	ˈpɹɑpɚ
p/psychic.txt	2	adj, m n	psychic	sîchic -ly	S AY1 K IH0 K	ˈsaɪkɪk
p/psychic.txt	3	m n	psycho	sŷco -s	S AY1 K OW0	ˈsaɪkoʊ
p/psychic.txt	4	m n	psychopath	sŷcopaþ -s	S AY1 K OW0 P AE2 TH	ˈsaɪkoʊˌpæθ
p/psychic.txt	5	adj	psychopathic	sycopaþic -ly	S AY2 K AH0 P AE1 TH IH0 K	ˌsaɪkəˈpæθɪk
p/psychic.txt	6	f n	psychopathy	sycopaþie	S AY0 K AA1 P AH0 TH IY0	saɪˈkɑpəθi
p/psychic.txt	7	f n	psychology	sycologie -is	S AY0 K AA1 L AH0 JH IY0	saɪˈkɑlədʒi
p/psychic.txt	8	adj	psychological	sycological	S AY2 K AH0 L AA1 JH IH0 K AH0 L	ˌsaɪkəˈlɑdʒɪkəl
p/psychic.txt	9	adv	psychologically	sycologichly	S AY2 K AH0 L AA1 JH IH0 K L IY0	ˌsaɪkəˈlɑdʒɪkli
p/psychic.txt	10	v	psychologize	to sycologyse -s -d -ing		
p/pink.txt	1	adj	pink	pinc, pincar, pinchest	P IH1 NG K	ˈpɪŋk
p/patrilineal.txt	1	adj	patrilineal	patrilïnial	P AE2 T R IH0 L IH1 N IY0 AH0 L	ˌpætɹɪˈlɪniəl
p/patrilineal.txt	2	adj	patrilocal	patrilocal -ly		
p/plume.txt	1	m n	plume	plume, plúms	P L UW1 M	ˈplum
p/plume.txt	2	v	plume	to plume -s -d -ing	P L UW1 M	ˈplum
p/plume.txt	3	m n	plumage	plúmage -s	P L UW1 M AH0 JH	ˈplumədʒ
p/plume.txt	3	m n	plumage	plúmage -s	P L UW1 M IH0 JH	ˈplumɪdʒ
p/pertinacious.txt	1	adj	pertinacious	pertinâceus -ly -ness		
p/pertinacious.txt	2	f n	pertinacity	pertinacetie -is		
p/partner.txt	1	m n	partner	partenar -s	P AA1 R T N ER0	ˈpɑɹtnɚ
p/partner.txt	2	v	partner	to partenare -s -d -ing	P AA1 R T N ER0	ˈpɑɹtnɚ
p/partner.txt	3	m n	partnership	partenarship -s	P AA1 R T N ER0 SH IH2 P	ˈpɑɹtnɚˌʃɪp
p/purchase.txt	1	v	purchase	to porc̃ace -s -d -ing	P ER1 CH AH0 S	ˈpɝtʃəs
p/purchase.txt	2	m n	purchase	porc̃ace -s	P ER1 CH AH0 S	ˈpɝtʃəs
p/prawn.txt	1	m n	prawn	praone, praons	P R AO1 N	ˈpɹɔn
p/Poland.txt	1	m n	Poland	Póland	P OW1 L AH0 N D	ˈpoʊlənd
p/Poland.txt	2	adj	Polish	pólisce	P AA1 L IH0 SH	ˈpɑlɪʃ
p/Poland.txt	2	adj	Polish	pólisce	P OW1 L IH0 SH	ˈpoʊlɪʃ
p/Poland.txt	3	m n	Polish	Pólisce	P AA1 L IH0 SH	ˈpɑlɪʃ
p/Poland.txt	3	m n	Polish	Pólisce	P OW1 L IH0 SH	ˈpoʊlɪʃ
p/parrot.txt	1	m n	parrot	perrot -s	P EH1 R AH0 T	ˈpɛɹət
p/parrot.txt	2	v	parrot	perrote -s -d -ing	P EH1 R AH0 T	ˈpɛɹət
p/pave.txt	1	v	pave	to paive -s -d -ing	P EY1 V	ˈpeɪv
p/powder.txt	1	m n	powder	pôudre, pôudars	P AW1 D ER0	ˈpaʊdɚ
p/powder.txt	2	v	powder	to pôuder pôudre(s pôudred pôudering	P AW1 D ER0	ˈpaʊdɚ
p/pace.txt	1	m n	pace	paice -s	P EY1 S	ˈpeɪs
p/pace.txt	2	v	pace	to paice -s -d -ing	P EY1 S	ˈpeɪs
p/parenteral.txt	1	adj	parenteral	parèntral -ly		
p/profit.txt	1	v	profit	to profit -s -ted -ting	P R AA1 F AH0 T	ˈpɹɑfət
p/profit.txt	1	v	profit	to profit -s -ted -ting	P R AA1 F IH0 T	ˈpɹɑfɪt
p/property.txt	1	m n	property	propertie -is	P R AA1 P ER0 T IY0	ˈpɹɑpɚti
p/paper.txt	1	m n	paper	pâpre, pâpirs	P EY1 P ER0	ˈpeɪpɚ
p/prune.txt	1	m n	prune	proune, prouns	P R UW1 N	ˈpɹun
p/prune.txt	2	v	prune	to prugne -s -d -ing	P R UW1 N	ˈpɹun
p/panic.txt	1	m n	panic	panic	P AE1 N IH0 K	ˈpænɪk
p/panic.txt	2	v	panic	to paniche panic(s -d -ing	P AE1 N IH0 K	ˈpænɪk
p/pale.txt	1	adj	pale	pâll -ar -est	P EY1 L	ˈpeɪl
p/pale.txt	2	v	pale	to pâlle -s -d -ing	P EY1 L	ˈpeɪl
p/pale.txt	3	m n	pale	pâle, pâls	P EY1 L	ˈpeɪl
p/progress.txt	1	m n	progress	progress -es	P R AA1 G R EH2 S	ˈpɹɑˌɡɹɛs
p/progress.txt	1	m n	progress	progress -es	P R AH0 G R EH1 S	pɹəˈɡɹɛs
p/progress.txt	1	m n	progress	progress -es	P R OW0 G R EH1 S	pɹoʊˈɡɹɛs
p/progress.txt	2	v	progress	to progresse -s -d -ing	P R AA1 G R EH2 S	ˈpɹɑˌɡɹɛs
p/progress.txt	2	v	progress	to progresse -s -d -ing	P R AH0 G R EH1 S	pɹəˈɡɹɛs
p/progress.txt	2	v	progress	to progresse -s -d -ing	P R OW0 G R EH1 S	pɹoʊˈɡɹɛs
p/progress.txt	4	adj	progressive	progressif -vly	P R AH0 G R EH1 S IH0 V	pɹəˈɡɹɛsɪv
p/progress.txt	5	f n	progressivism	progrèssivism		
p/patriot.txt	1	m n	patriot	pâtriot -s	P EY1 T R IY0 AH0 T	ˈpeɪtɹiət
p/patriot.txt	2	adj	patriotic	pâtriotic -ly	P EY2 T R IY0 AA1 T IH0 K	ˌpeɪtɹiˈɑtɪk
p/patriot.txt	3	m n	patriotism	pâtriotism	P EY1 T R IY0 AH0 T IH2 Z AH0 M	ˈpeɪtɹiəˌtɪzəm
p/parabola.txt	3	adj	parabolic	parabolic -ly	P EH2 R AH0 B AA1 L IH0 K	ˌpɛɹəˈbɑlɪk
p/parabola.txt	4	f n	parabole	paràbolie, paràbolis		
p/promote.txt	1	v	promote	to promote -s -d -ing	P R AH0 M OW1 T	pɹəˈmoʊt
p/promote.txt	2	f n	promotion	promocion -s	P R AH0 M OW1 SH AH0 N	pɹəˈmoʊʃən
p/promote.txt	2	f n	promotion	promocion -s	P ER0 M OW1 SH AH0 N	pɚˈmoʊʃən
p/promote.txt	3	adj	promotional	promocional	P R AH0 M OW1 SH AH0 N AH0 L	pɹəˈmoʊʃənəl
p/promote.txt	3	adj	promotional	promocional	P ER0 M OW1 SH AH0 N AH0 L	pɚˈmoʊʃənəl
p/pillow.txt	1	m n	pillow	pylo -s	P IH1 L OW0	ˈpɪloʊ
p/pillow.txt	2	v	pillow	to pylaue -s -d pylauing	P IH1 L OW0	ˈpɪloʊ
p/premotion.txt	1	f n	premotion	primocion -s		
p/piss.txt	1	v	piss	to pisse -s -d -ing	P IH1 S	ˈpɪs
p/piss.txt	2	m n	piss	piss	P IH1 S	ˈpɪs
p/piss.txt	3	v	pee	to pihe -s -d -ing	P IY1	ˈpi
p/plum.txt	1	m n	plum	plomme, ploms	P L AH1 M	ˈplʌm
p/private.txt	1	adj	private	prîvate -ly	P R AY1 V AH0 T	ˈpɹaɪvət
p/private.txt	2	m n	private	prîvate, prîvats	P R AY1 V AH0 T	ˈpɹaɪvət
p/private.txt	3	m n	privacy	prîvacie -is	P R AY1 V AH0 S IY0	ˈpɹaɪvəsi
p/private.txt	4	f n	privateer	prîvatire, prîvatiers		
p/private.txt	5	v	privateer	to prîvatier prîvatire(s prîvatired prîvatiering		
p/private.txt	6	v	privatize	to prîvatyse -s -d -ing	P R IH1 V AH0 T AY2 Z	ˈpɹɪvəˌtaɪz
p/private.txt	7	f n	privatization	privatisâcion -s	P R AY1 V AH0 T AH0 Z EY1 SH AH0 N	ˈpɹaɪvətəˈzeɪʃən
p/private.txt	8	f n	privation	privâcion -s	P R AY0 V EY1 SH AH0 N	pɹaɪˈveɪʃən
p/private.txt	9	adj	privative	prîvatif -vly -ness		
p/parlay.txt	1	f n	parlay	parleie, parléis	P AA1 R L EY0	ˈpɑɹleɪ
p/parlay.txt	2	v	parlay	to parleie -s -d parleying	P AA1 R L EY0	ˈpɑɹleɪ
p/present.txt	2	v	present	to presente -s -d -ing	P R EH1 Z AH0 N T	ˈpɹɛzənt
p/present.txt	2	v	present	to presente -s -d -ing	P R IY0 Z EH1 N T	pɹiˈzɛnt
p/present.txt	2	v	present	to presente -s -d -ing	P ER0 Z EH1 N T	pɚˈzɛnt
p/present.txt	4	f n	presentation	presentâcion -s	P R EH2 Z AH0 N T EY1 SH AH0 N	ˌpɹɛzənˈteɪʃən
p/pig.txt	1	m n	pig	pighe, pigs	P IH1 G	ˈpɪɡ
p/pig.txt	2	v	pig	to pighe -s -d -ing	P IH1 G	ˈpɪɡ
p/pig.txt	3	m n	piglet	piglet -s	P IH1 G L IH0 T	ˈpɪɡlɪt
p/pageant.txt	1	m n	pageant	pagent -s	P AE1 JH AH0 N T	ˈpædʒənt
p/pageant.txt	2	m n	pageantry	pagentrie -is	P AE1 JH AH0 N T R IY0	ˈpædʒəntɹi
p/patriarch.txt	1	m n	patriarch	pâtriarc, pâtriarx	P EY1 T R IY0 AA2 R K	ˈpeɪtɹiˌɑɹk
p/patriarch.txt	2	adj	patriarchal	pâtriarcal	P EY2 T R IY0 AA1 R K AH0 L	ˌpeɪtɹiˈɑɹkəl
p/patriarch.txt	3	m n	patriarchy	pâtriarchie, pâtriarchis	P EY1 T R IY0 AA2 R K IY0	ˈpeɪtɹiˌɑɹki
p/purview.txt	1	m n	purview	porvue, porvuis	P ER1 V Y UW2	ˈpɝˌvju
p/pistol.txt	1	m n	pistol	pistole, pistols	P IH1 S T AH0 L	ˈpɪstəl
p/planet.txt	1	m n	planet	planete, planets	P L AE1 N AH0 T	ˈplænət
p/pope.txt	1	m n	pope	pope, poaps	P OW1 P	ˈpoʊp
p/premier.txt	3	v	premier	to premiere -s -d -ing	P R EH0 M IH1 R	pɹɛˈmɪɹ
p/premier.txt	3	v	premier	to premiere -s -d -ing	P R IY0 M IH1 R	pɹiˈmɪɹ
p/prize.txt	1	v	prize	to prîse -s -d -ing	P R AY1 Z	ˈpɹaɪz
p/prize.txt	2	m n	prize	prîse -s	P R AY1 Z	ˈpɹaɪz
p/peel.txt	1	v	peel	to piale -s -d -ing	P IY1 L	ˈpil
p/peel.txt	2	m n	peel	piale, pials	P IY1 L	ˈpil
p/pomace.txt	1	m n	pomace	pomace -s		
p/pomace.txt	2	adj	pomaceous	pomâceus -ness		
p/panel.txt	1	m n	panel	panele, panels	P AE1 N AH0 L	ˈpænəl
p/panel.txt	2	v	panel	to panele -s -d paneling	P AE1 N AH0 L	ˈpænəl
p/prone.txt	1	adj	prone	prone	P R OW1 N	ˈpɹoʊn
p/prosecute.txt	1	v	prosecute	to prossecute -s -d -ing	P R AA1 S AH0 K Y UW2 T	ˈpɹɑsəˌkjut
p/prosecute.txt	4	adj	prosecutorial	prossecutórial	P R AA2 S IH0 K Y UW0 T AO1 R IY0 AH0 L	ˌpɹɑsɪkjuˈtɔɹiəl
p/pour.txt	1	v	pour	to poure -s -d -ing	P AO1 R	ˈpɔɹ
p/pour.txt	2	m n	pour	poure, pours	P AO1 R	ˈpɔɹ
p/produce.txt	1	m n	produce	próduce	P R AH0 D UW1 S	pɹəˈdus
p/produce.txt	1	m n	produce	próduce	P R OW1 D UW0 S	ˈpɹoʊdus
p/produce.txt	2	v	produce	to produce -s -d -ing	P R AH0 D UW1 S	pɹəˈdus
p/produce.txt	2	v	produce	to produce -s -d -ing	P R OW1 D UW0 S	ˈpɹoʊdus
p/produce.txt	3	m n	product	product, producs	P R AA1 D AH0 K T	ˈpɹɑdəkt
p/produce.txt	5	adj	productive	productif	P R AH0 D AH1 K T IH0 V	pɹəˈdʌktɪv
p/produce.txt	5	adj	productive	productif	P R OW0 D AH1 K T IH0 V	pɹoʊˈdʌktɪv
p/produce.txt	5	adj	productive	productif	P ER0 D AH1 K T IH0 V	pɚˈdʌktɪv
p/produce.txt	6	f n	productivity	productivitie -is	P R OW2 D AH0 K T IH1 V AH0 T IY0	ˌpɹoʊdəkˈtɪvəti
p/produce.txt	6	f n	productivity	productivitie -is	P R OW2 D AH0 K T IH1 V IH0 T IY0	ˌpɹoʊdəkˈtɪvɪti
p/parcel.txt	1	m n	parcel	parçle, parcels	P AA1 R S AH0 L	ˈpɑɹsəl
p/parcel.txt	2	v	parcel	to parçle -s -d -ing	P AA1 R S AH0 L	ˈpɑɹsəl
p/Persia.txt	2	m n, adj	Persian	pêsian	P ER1 ZH AH0 N	ˈpɝʒən
p/Persia.txt	3	m n	Persian	Pêsian	P ER1 ZH AH0 N	ˈpɝʒən
p/partition.txt	1	f n	partition	particion -s	P AA0 R T IH1 SH AH0 N	pɑɹˈtɪʃən
p/partition.txt	2	v	partition	to particione -s -d -ing	P AA0 R T IH1 SH AH0 N	pɑɹˈtɪʃən
p/party.txt	1	m n	party	partie, partis	P AA1 R T IY0	ˈpɑɹti
p/party.txt	2	v	party	to partie -s -d partying	P AA1 R T IY0	ˈpɑɹti
p/posit.txt	1	v	posit	to posit -s -ed -ing	P AA1 Z AH0 T	ˈpɑzət
p/posit.txt	2	f n	position	posicion -s	P AH0 Z IH1 SH AH0 N	pəˈzɪʃən
p/posit.txt	3	v	position	to posicione -s -d -ing	P AH0 Z IH1 SH AH0 N	pəˈzɪʃən
p/posit.txt	4	adj	positional	posicional -ly		
p/patristic.txt	1	adj	patristic	patrïstic, patrïstical	P AH0 T R IH1 S T IH0 K	pəˈtɹɪstɪk
p/patron.txt	2	adj	patronal	patrónal		
p/patron.txt	3	m n	patronage	pâtronage -s	P AE1 T R AH0 N IH0 JH	ˈpætɹənɪdʒ
p/patron.txt	3	m n	patronage	pâtronage -s	P EY1 T R AH0 N AH0 JH	ˈpeɪtɹənədʒ
p/patron.txt	3	m n	patronage	pâtronage -s	P EY1 T R AH0 N IH0 JH	ˈpeɪtɹənɪdʒ
p/patron.txt	4	v	patronize	to patronyse -s -d -ing	P EY1 T R AH0 N AY2 Z	ˈpeɪtɹəˌnaɪz
p/patron.txt	4	v	patronize	to patronyse -s -d -ing	P AE1 T R AH0 N AY2 Z	ˈpætɹəˌnaɪz
p/patron.txt	5	f n	patronization	patronisâcion -s		
p/pardon.txt	1	m n	pardon	pardon -s	P AA1 R D AH0 N	ˈpɑɹdən
p/pardon.txt	2	v	pardon	to párdone -s -d -ing	P AA1 R D AH0 N	ˈpɑɹdən
p/pay.txt	1	v	pay	to paie -s -d paying	P EY1	ˈpeɪ
p/pay.txt	2	m n	pay	paie, pays	P EY1	ˈpeɪ
p/pay.txt	3	m n	payout	payaute, payauts	P EY1 AW2 T	ˈpeɪˌaʊt
p/plane.txt	1	m n	plane	plagne, plagns	P L EY1 N	ˈpleɪn
p/plane.txt	2	v	plane	to plagne -s -d -ing	P L EY1 N	ˈpleɪn
p/publish.txt	3	v	publicize	to publicyse -s -d -ing	P AH1 B L IH0 S AY2 Z	ˈpʌblɪˌsaɪz
p/publish.txt	4	f n	publicization	publicisâcion -s		
p/publish.txt	5	m n	publicist	publicist -s	P AH1 B L IH0 S IH0 S T	ˈpʌblɪsɪst
p/publish.txt	6	v	publish	to publiçe -s -d -ing	P AH1 B L IH0 SH	ˈpʌblɪʃ
p/publish.txt	7	adj	publishable	publiciable		
p/publish.txt	8	f n	publication	publicâcion -s	P AH2 B L IH0 K EY1 SH AH0 N	ˌpʌblɪˈkeɪʃən
p/publish.txt	9	f n	publicity	publicitie -is	P AH0 B L IH1 S AH0 T IY0	pəˈblɪsəti
p/publish.txt	9	f n	publicity	publicitie -is	P AH0 B L IH1 S IH0 T IY0	pəˈblɪsɪti
p/prime.txt	3	adj	primary	prîmairy -ily	P R AY1 M EH2 R IY0	ˈpɹaɪˌmɛɹi
p/prime.txt	4	m n	primary	prîmarie, prîmaris	P R AY1 M EH2 R IY0	ˈpɹaɪˌmɛɹi
p/phase.txt	1	v	phase	to fâse -s -d -ing	F EY1 Z	ˈfeɪz
p/phase.txt	2	m n	phase	fâse -s	F EY1 Z	ˈfeɪz
p/phase.txt	3	adj	phasic	fâsic		
p/phase.txt	4	f n	phasicity	fasicitie -is		
p/poll.txt	1	m n	poll	pole, póls	P OW1 L	ˈpoʊl
p/poll.txt	2	v	poll	to pole -s -d -ing	P OW1 L	ˈpoʊl
p/pinch.txt	1	v	pinch	to pinc̃e -s -d -ing	P IH1 N CH	ˈpɪntʃ
p/pinch.txt	2	m n	pinch	pinc̃e -s	P IH1 N CH	ˈpɪntʃ
p/praise.txt	1	v	praise	to preise -s -d -ing	P R EY1 Z	ˈpɹeɪz
p/praise.txt	2	m n	praise	preise -s	P R EY1 Z	ˈpɹeɪz
p/pretend.txt	1	v	pretend	to pretende -s -d -ing	P R IY0 T EH1 N D	pɹiˈtɛnd
p/pretend.txt	2	m n	pretense	prítense -s	P R IY0 T EH1 N S	pɹiˈtɛns
p/pretend.txt	3	f n	pretension	pretension -s	P R IY0 T EH1 N SH AH0 N	pɹiˈtɛnʃən
p/pretend.txt	4	adj	pretentious	pretenceus	P R IY0 T EH1 N SH AH0 S	pɹiˈtɛnʃəs
p/posh.txt	1	adj	posh	poș	P AA1 SH	ˈpɑʃ
p/provide.txt	1	v	provide	to provîde -s -d -ing	P R AH0 V AY1 D	pɹəˈvaɪd
p/provide.txt	4	adj	providential	providencial	P R AA2 V AH0 D EH1 N SH AH0 L	ˌpɹɑvəˈdɛnʃəl
p/provide.txt	6	adj	provisional	provisional	P R AH0 V IH1 ZH AH0 N AH0 L	pɹəˈvɪʒənəl
p/provoke.txt	1	v	provoke	to provoque provoac(s provoqued provoquing	P R AH0 V OW1 K	pɹəˈvoʊk
p/provoke.txt	2	v	provocate	to provocait -s -ed -ing		
p/provoke.txt	4	f n	provocation	provocâcion -s	P R AA2 V AH0 K EY1 SH AH0 N	ˌpɹɑvəˈkeɪʃən
p/provoke.txt	5	adj	provocative	provocatif -vly -ness	P R OW0 V AA1 K AH0 T IH0 V	pɹoʊˈvɑkətɪv
p/prologue.txt	1	m n	prologue	prólogue, prólogs	P R OW1 L AA0 G	ˈpɹoʊlɑɡ
p/pick.txt	1	v	pick	to pic -s piched piching	P IH1 K	ˈpɪk
p/pick.txt	2	m n	pick	pic, pix	P IH1 K	ˈpɪk
p/phrase.txt	1	m n	phrase	frâse -s	F R EY1 Z	ˈfɹeɪz
p/phrase.txt	2	v	phrase	to frâse -s -d -ing	F R EY1 Z	ˈfɹeɪz
p/palm.txt	1	m n, adj	palm	palme, palms	P AA1 M	ˈpɑm
p/palm.txt	1	m n, adj	palm	palme, palms	P AA1 L M	ˈpɑlm
p/palm.txt	2	v	palm	to palme -s -d -ing	P AA1 M	ˈpɑm
p/palm.txt	2	v	palm	to palme -s -d -ing	P AA1 L M	ˈpɑlm
p/possess.txt	1	v	possess	to posesse -s -d -ing	P AH0 Z EH1 S	pəˈzɛs
p/possess.txt	2	f n	possession	posession -s	P AH0 Z EH1 SH AH0 N	pəˈzɛʃən
p/possess.txt	3	adj	possessive	posessif	P AH0 Z EH1 S IH0 V	pəˈzɛsɪv
p/permit.txt	1	v	permit	to permitte -s -d -ing	P ER0 M IH1 T	pɚˈmɪt
p/permit.txt	1	v	permit	to permitte -s -d -ing	P ER1 M IH2 T	ˈpɝˌmɪt
p/permit.txt	2	m n	permit	pêmit -s	P ER0 M IH1 T	pɚˈmɪt
p/permit.txt	2	m n	permit	pêmit -s	P ER1 M IH2 T	ˈpɝˌmɪt
p/permit.txt	4	adj	permissive	permissif -vly	P ER0 M IH1 S IH0 V	pɚˈmɪsɪv
p/picture.txt	1	m n	picture	picțure, picțurs	P IH1 K CH ER0	ˈpɪktʃɚ
p/picture.txt	2	m n	pic	pic, pics	P IH1 K	ˈpɪk
p/picture.txt	3	v	picture	to picțure -s -d -ing	P IH1 K CH ER0	ˈpɪktʃɚ
p/picture.txt	4	adj	picturable	picțurable		
p/picture.txt	5	f n	picturability	picțurabilitie -is		
p/picture.txt	6	adj	pictural	picțural		
p/picture.txt	7	adj	picturesque	picțuresque	P IH1 K CH ER0 AH0 S K	ˈpɪktʃɚəsk
p/Palestine.txt	1	m n	Palestine	Palastîn	P AE1 L AH0 S T AY2 N	ˈpæləˌstaɪn
p/Palestine.txt	2	adj, f n	Palestinian	palastiñan	P AE2 L IH0 S T IH1 N IY0 AH0 N	ˌpælɪˈstɪniən
p/plow.txt	1	m n	plow	plôe, plôus	P L AW1	ˈplaʊ
p/plow.txt	2	v	plough	to plôe -s -d plôuing	P L AW1	ˈplaʊ
p/plow.txt	2	v	plough	to plôe -s -d plôuing	P L OW1	ˈploʊ
p/plow.txt	2	v	plow	to plôe -s -d plôuing	P L AW1	ˈplaʊ
p/plow.txt	3	m n	plowshare	plôhseare, plôhsears	P L AW1 SH EY2 R	ˈplaʊˌʃeɪɹ
p/purple.txt	1	adj	purple	purple	P ER1 P AH0 L	ˈpɝpəl
p/purple.txt	2	m n	purple	purple, purpels	P ER1 P AH0 L	ˈpɝpəl
p/purple.txt	3	v	purple	to purple -s -d -ing	P ER1 P AH0 L	ˈpɝpəl
p/pair.txt	1	m n	pair	paire, pairs	P EH1 R	ˈpɛɹ
p/pair.txt	2	v	pair	to paire -s -d -ing	P EH1 R	ˈpɛɹ
p/pair.txt	5	prep	per	per	P ER1	ˈpɝ
p/pair.txt	6	m n	parity	pairetie -is	P EH1 R AH0 T IY0	ˈpɛɹəti
p/pewter.txt	1	m n	pewter	pútre	P Y UW1 T ER0	ˈpjutɚ
p/parent.txt	4	adj	parental	parental	P ER0 EH1 N T AH0 L	pɚˈɛntəl
p/parent.txt	5	m n	parentcraft	pârentcraft		
p/pudge.txt	1	m n	pudge	poge -s		
p/pudge.txt	2	v	pudge	to poge -s -d -ing		
p/pudge.txt	3	adj	podgy	pogy		
p/pudge.txt	3	adj	pudgy	pogy	P AH1 JH IY0	ˈpʌdʒi
p/purpose.txt	1	m n	purpose	pourpace -s	P ER1 P AH0 S	ˈpɝpəs
p/purpose.txt	2	v	purpose	to pourpace -s -d -ing	P ER1 P AH0 S	ˈpɝpəs
p/porcelain.txt	1	adj, m n	porcelain	porcelain	P AO1 R S AH0 L AH0 N	ˈpɔɹsələn
p/perfect.txt	2	adj	perfect	perfect -ly	P ER0 F EH1 K T	pɚˈfɛkt
p/perfect.txt	2	adj	perfect	perfect -ly	P ER1 F IH2 K T	ˈpɝˌfɪkt
p/perfect.txt	3	v	perfect	to perfecte -s -d -ing	P ER0 F EH1 K T	pɚˈfɛkt
p/perfect.txt	3	v	perfect	to perfecte -s -d -ing	P ER1 F IH2 K T	ˈpɝˌfɪkt
p/perfect.txt	4	adj	perfectible	perfèctable -y		
p/perfect.txt	6	adj	perfective	perfectif -vly		
p/pledge.txt	1	m n	pledge	plege -s	P L EH1 JH	ˈplɛdʒ
p/pledge.txt	2	v	pledge	to plege -s -d -ing	P L EH1 JH	ˈplɛdʒ
p/pull.txt	1	v	pull	to pûle -s -d -ing	P UH1 L	ˈpʊl
p/prostitute.txt	1	v	prostitute	to prostitute -s -d -ing	P R AA1 S T AH0 T UW2 T	ˈpɹɑstəˌtut
p/prostitute.txt	2	m n	prostitute	prostitute, prostituts	P R AA1 S T AH0 T UW2 T	ˈpɹɑstəˌtut
p/patroclinous.txt	1	adj	patroclinous	patroclînus		
p/pitcher.txt	1	m n	pitcher	pic̃re, pic̃ars	P IH1 CH ER0	ˈpɪtʃɚ
p/pose.txt	1	v	pose	to pose -s -d -ing	P OW1 Z	ˈpoʊz
p/pose.txt	2	m n	pose	pose -s	P OW1 Z	ˈpoʊz
p/pose.txt	3	v	appose	to pose -s -d -ing		
p/pose.txt	3	v	oppose	to pose -s -d -ing	AH0 P OW1 Z	əˈpoʊz
p/plate.txt	2	v	plate	to plâte -s -d -ing	P L EY1 T	ˈpleɪt
p/pile.txt	2	v	pile	to pîle -s -d -ing	P AY1 L	ˈpaɪl
p/Pennsylvania.txt	1	f n	Pennsylvania	Pennsilvânia	P EH2 N S AH0 L V EY1 N Y AH0	ˌpɛnsəlˈveɪnjə
p/Pennsylvania.txt	2	adj, f n	Pennsylvanian	pennsilvânian -s	P EH2 N S IH0 L V EY1 N IY0 AH0 N	ˌpɛnsɪlˈveɪniən
p/prosper.txt	1	v	prosper	to prosper prospre(s prospred prospering	P R AA1 S P ER0	ˈpɹɑspɚ
p/prosper.txt	2	f n	prosperity	prospèretie -is	P R AA0 S P EH1 R AH0 T IY0	pɹɑˈspɛɹəti
p/prosper.txt	3	adj	prosperous	prosperus	P R AA1 S P ER0 AH0 S	ˈpɹɑspɚəs
p/peace.txt	1	m n	peace	peice	P IY1 S	ˈpis
p/peace.txt	2	adj	peaceable	peiçable -y	P IY1 S AH0 B AH0 L	ˈpisəbəl
p/peace.txt	3	adj	peaceful	peiceful -ly	P IY1 S F AH0 L	ˈpisfəl
p/peace.txt	4	adj, m n	peace-keeping	peice-chieping	P IY1 S K IY1 P IH0 NG	ˈpiˈskipɪŋ
p/peace.txt	5	m n	peacemaker	peice-mâcor -s	P IY1 S M EY2 K ER0	ˈpiˌsmeɪkɚ
p/peace.txt	6	m n	peacenik	peicenic -x	P IY1 S N IH2 K	ˈpiˌsnɪk
p/peace.txt	7	m n	peacetime	peicetîme	P IY1 S T AY2 M	ˈpiˌstaɪm
p/pure.txt	1	adj	pure	pure, more pure, purest -ly -ness	P Y UH1 R	ˈpjʊɹ
p/pure.txt	2	m n	purity	puretie, puretis	P Y UH1 R AH0 T IY0	ˈpjʊɹəti
p/pure.txt	2	m n	purity	puretie, puretis	P Y UH1 R IH0 T IY0	ˈpjʊɹɪti
p/pure.txt	3	v	purify	to púrifae -s -d púrifyhing	P Y UH1 R AH0 F AY2	ˈpjʊɹəˌfaɪ
p/pure.txt	4	f n	purification	purificâcion -s	P Y UH2 R AH0 F AH0 K EY1 SH AH0 N	ˌpjʊɹəfəˈkeɪʃən
p/pure.txt	5	f n	impurity	impuretie, impuretis	IH2 M P Y UH1 R AH0 T IY0	ˌɪmˈpjʊɹəti
p/point.txt	1	m n	point	pointe, points	P OY1 N T	ˈpɔɪnt
p/point.txt	2	v	point	to pointe -s -d -ing	P OY1 N T	ˈpɔɪnt
p/perceive.txt	1	v	perceive	to perceive -s -d -ing	P ER0 S IY1 V	pɚˈsiv
p/perceive.txt	2	adj	perceivable	perceivable -y		
p/perceive.txt	3	f n	perception	perception -s	P ER0 S EH1 P SH AH0 N	pɚˈsɛpʃən
p/pain.txt	1	m n	pain	peine, peins	P EY1 N	ˈpeɪn
p/pain.txt	2	v	pain	to peine -s -d -ing	P EY1 N	ˈpeɪn
p/pain.txt	3	adj	painful	peinful -ly	P EY1 N F AH0 L	ˈpeɪnfəl
p/prefer.txt	1	v	prefer	to prefêr prefê(s prefêd prefêring	P R AH0 F ER1	pɹəˈfɝ
p/prefer.txt	1	v	prefer	to prefêr prefê(s prefêd prefêring	P R IH0 F ER1	pɹɪˈfɝ
p/prefer.txt	1	v	prefer	to prefêr prefê(s prefêd prefêring	P R IY0 F ER1	pɹiˈfɝ
p/prefer.txt	2	adj	preferable	prefêrable -y	P R EH1 F ER0 AH0 B AH0 L	ˈpɹɛfɚəbəl
p/prefer.txt	2	adj	preferable	prefêrable -y	P R EH1 F R AH0 B AH0 L	ˈpɹɛfɹəbəl
p/prefer.txt	4	f n	preferment	prefêment -s		
p/prefer.txt	5	adj	preferential	preferencial -ly	P R EH2 F ER0 EH1 N SH AH0 L	ˌpɹɛfɚˈɛnʃəl
p/pussy.txt	1	m n	pussy	pûssie -is	P UH1 S IY0	ˈpʊsi
p/presume.txt	1	v	presume	to presoume -s -d -ing	P R IH0 Z UW1 M	pɹɪˈzum
p/presume.txt	2	adj	presumable	presoumable		
p/presume.txt	3	adv	presumably	presoumably	P R AH0 Z UW1 M AH0 B L IY0	pɹəˈzuməbli
p/presume.txt	3	adv	presumably	presoumably	P R IH0 Z UW1 M AH0 B L IY0	pɹɪˈzuməbli
p/presume.txt	3	adv	presumably	presoumably	P R IY0 Z UW1 M AH0 B L IY0	pɹiˈzuməbli
p/presume.txt	4	adj	presumtuous	presompțueus		
p/presume.txt	5	f n	presumption	presomption -s	P R IH0 Z AH1 M P SH AH0 N	pɹɪˈzʌmpʃən
p/presume.txt	5	f n	presumption	presomption -s	P R IY0 Z AH1 M P SH AH0 N	pɹiˈzʌmpʃən
p/presume.txt	6	adj	presumptive	presomptif	P R IY0 Z AH1 M P T IH0 V	pɹiˈzʌmptɪv
p/potato.txt	1	f n	potato	potâto -s	P AH0 T EY1 T OW2	pəˈteɪˌtoʊ
p/proceed.txt	1	v	proceed	to procide -s -d -ing	P R AH0 S IY1 D	pɹəˈsid
p/proceed.txt	1	v	proceed	to procide -s -d -ing	P R OW0 S IY1 D	pɹoʊˈsid
p/proceed.txt	1	v	proceed	to procide -s -d -ing	P ER0 S IY1 D	pɚˈsid
p/proceed.txt	2	f n	procedure	procíd̦ure -s	P R AH0 S IY1 JH ER0	pɹəˈsidʒɚ
p/proceed.txt	2	f n	procedure	procíd̦ure -s	P R OW0 S IY1 JH ER0	pɹoʊˈsidʒɚ
p/proceed.txt	3	adj	procedural	procíd̦ural	P R AH0 S IY1 JH ER0 AH0 L	pɹəˈsidʒɚəl
p/proceed.txt	4	adv	procedurally	procíd̦rally	P R AH0 S IY1 JH ER0 AH0 L IY0	pɹəˈsidʒɚəli
p/proceed.txt	4	adv	procedurally	procíd̦rally	P R AH0 S IY1 JH R AH0 L IY0	pɹəˈsidʒɹəli
p/proceed.txt	5	f n	proceeding	prociding -s	P R AH0 S IY1 D IH0 NG	pɹəˈsidɪŋ
p/proceed.txt	5	f n	proceeding	prociding -s	P R OW0 S IY1 D IH0 NG	pɹoʊˈsidɪŋ
p/proceed.txt	6	m n	proceeds	procieds	P R AH0 S IY1 D Z	pɹəˈsidz
p/proceed.txt	6	m n	proceeds	procieds	P R OW0 S IY1 D Z	pɹoʊˈsidz
p/proceed.txt	7	m n	process	process -es	P R AA1 S EH2 S	ˈpɹɑˌsɛs
p/proceed.txt	7	m n	process	process -es	P R AO1 S EH2 S	ˈpɹɔˌsɛs
p/proceed.txt	8	v	process	to processe -s -d -ing	P R AA1 S EH2 S	ˈpɹɑˌsɛs
p/proceed.txt	8	v	process	to processe -s -d -ing	P R AO1 S EH2 S	ˈpɹɔˌsɛs
p/proceed.txt	9	v	process	to procèsse -s -d -ing	P R AA1 S EH2 S	ˈpɹɑˌsɛs
p/proceed.txt	9	v	process	to procèsse -s -d -ing	P R AO1 S EH2 S	ˈpɹɔˌsɛs
p/place.txt	2	v	place	to plâce -s -d -ing	P L EY1 S	ˈpleɪs
p/place.txt	3	m n	plaice	plaisse		
p/place.txt	4	adj	placeable	plâçable		
p/place.txt	5	m n	placement	plâcement -s	P L EY1 S M AH0 N T	ˈpleɪsmənt
p/place.txt	6	m n	palace	palace -s	P AE1 L AH0 S	ˈpæləs
p/power.txt	1	v	power	to pôuir pôure(s pôured pôuiring	P AW1 ER0	ˈpaʊɚ
p/power.txt	2	m n	power	pôure, pôuirs	P AW1 ER0	ˈpaʊɚ
p/pit.txt	1	irv	pit	to pytte pyt(s pyt pytting	P IH1 T	ˈpɪt
p/pit.txt	2	m n	pit	pytte, pyts	P IH1 T	ˈpɪt
p/pit.txt	4	v	pit	to pitte pit(s pitted pitting	P IH1 T	ˈpɪt
p/premise.txt	1	m n	premise	prèmiss -es	P R EH1 M IH0 S	ˈpɹɛmɪs
p/premise.txt	2	v	premise	to prèmisse -s -d -ing	P R EH1 M IH0 S	ˈpɹɛmɪs
p/patrimony.txt	1	m n	patrimony	patrimonie, patrimonis	P AE1 T R AH0 M OW2 N IY0	ˈpætɹəˌmoʊni
p/patrimony.txt	2	adj	patrimonial	patrimónial	P AE1 T R AH0 M OW2 N Y AH0 L	ˈpætɹəˌmoʊnjəl
p/patrimony.txt	2	adj	patrimonial	patrimónial	P AE1 T R AH0 M OW2 N IY0 AH0 L	ˈpætɹəˌmoʊniəl
p/plait.txt	1	m n	plait	pleite, pleits	P L EY1 T	ˈpleɪt
p/plait.txt	2	v	plait	to pleite -s -d -ing	P L EY1 T	ˈpleɪt
p/preserve.txt	1	v	preserve	to presêve -s -d -ing	P R AH0 Z ER1 V	pɹəˈzɝv
p/preserve.txt	1	v	preserve	to presêve -s -d -ing	P R IH0 Z ER1 V	pɹɪˈzɝv
p/preserve.txt	1	v	preserve	to presêve -s -d -ing	P R IY0 Z ER1 V	pɹiˈzɝv
p/preserve.txt	2	f n	preservation	preservâcion -s	P R EH2 Z ER0 V EY1 SH AH0 N	ˌpɹɛzɚˈveɪʃən
p/preserve.txt	3	adj, f n	preservative	presêvatif -s	P R IY0 Z ER1 V AH0 T IH0 V	pɹiˈzɝvətɪv
p/panacea.txt	2	adj	panacean	panacían		
p/push.txt	1	v	push	to pusce -s -d -ing	P UH1 SH	ˈpʊʃ
p/push.txt	2	m n	push	pusce -s	P UH1 SH	ˈpʊʃ
p/pickle.txt	1	m n	pickle	pichle, pichels	P IH1 K AH0 L	ˈpɪkəl
p/pickle.txt	2	v	pickle	pichle -s -d -ing	P IH1 K AH0 L	ˈpɪkəl
p/pole.txt	1	m n	pole	pole, poals	P OW1 L	ˈpoʊl
p/pole.txt	3	v	pole	to pole -s -d -ing	P OW1 L	ˈpoʊl
p/pole.txt	4	adj	polar	pólar	P OW1 L ER0	ˈpoʊlɚ
p/pole.txt	5	f n	polarity	polaretie -is	P OW0 L EH1 R AH0 T IY0	poʊˈlɛɹəti
p/pole.txt	6	v	polarize	to pólaryse -s -d -ing	P OW1 L ER0 AY2 Z	ˈpoʊlɚˌaɪz
p/pole.txt	7	f n	polarization	polarisâcion -s	P OW2 L ER0 AH0 Z EY1 SH AH0 N	ˌpoʊlɚəˈzeɪʃən
p/pole.txt	7	f n	polarization	polarisâcion -s	P OW2 L ER0 IH0 Z EY1 SH AH0 N	ˌpoʊlɚɪˈzeɪʃən
p/phoenix.txt	1	m n	phoenix	fínix -es	F IY1 N IH0 K S	ˈfinɪks
p/pawn.txt	1	m n	pawn	paugne, paugns	P AO1 N	ˈpɔn
p/pawn.txt	2	v	pawn	to paugne -s -d -ing	P AO1 N	ˈpɔn
p/pawn.txt	3	m n	pawn	paone, paons	P AO1 N	ˈpɔn
p/poison.txt	1	m n	poison	poison -s	P OY1 Z AH0 N	ˈpɔɪzən
p/poison.txt	2	v	poison	to poisone -s -d -ing	P OY1 Z AH0 N	ˈpɔɪzən
p/poison.txt	3	adj	poisonous	poisonus	P OY1 Z AH0 N AH0 S	ˈpɔɪzənəs
p/plague.txt	1	m n	plague	plâgue, plâgs	P L EY1 G	ˈpleɪɡ
p/plague.txt	2	v	plague	to plâgue plâg(s -d -ing	P L EY1 G	ˈpleɪɡ
p/parboil.txt	1	v	parboil	to párboile -s -d -ing	P AA1 R B OY2 L	ˈpɑɹˌbɔɪl
p/prejudge.txt	1	v	prejudge	to priejoge -s -d -ing	P R IY0 JH AH1 JH	pɹiˈdʒʌdʒ
p/prevail.txt	1	v	prevail	to prevâle -s -d -ing	P R IH0 V EY1 L	pɹɪˈveɪl
p/prevail.txt	1	v	prevail	to prevâle -s -d -ing	P R IY0 V EY1 L	pɹiˈveɪl
p/prevail.txt	2	m n	prevalence	prèvalence	P R EH1 V AH0 L AH0 N S	ˈpɹɛvələns
p/prevail.txt	3	adj	prevalent	prèvalent	P R EH1 V AH0 L AH0 N T	ˈpɹɛvələnt
p/poop.txt	1	m n	poop	poupe, poups	P UW1 P	ˈpup
p/poop.txt	2	v	poop	to poupe -s -d -ing	P UW1 P	ˈpup
p/portion.txt	1	m n	portion	porcion -s	P AO1 R SH AH0 N	ˈpɔɹʃən
p/portion.txt	2	v	portion	to porcione -s -d -ing	P AO1 R SH AH0 N	ˈpɔɹʃən
p/project.txt	1	m n	project	project, projecs	P R AA1 JH EH0 K T	ˈpɹɑdʒɛkt
p/project.txt	1	m n	project	project, projecs	P R AH0 JH EH1 K T	pɹəˈdʒɛkt
p/project.txt	2	v	project	to projecte projecs -d -ing	P R AA1 JH EH0 K T	ˈpɹɑdʒɛkt
p/project.txt	2	v	project	to projecte projecs -d -ing	P R AH0 JH EH1 K T	pɹəˈdʒɛkt
p/project.txt	3	f n	projection	projeccion -s	P R AH0 JH EH1 K SH AH0 N	pɹəˈdʒɛkʃən
p/project.txt	4	adj, f n	projectile	projectil -s	P R AH0 JH EH1 K T AH0 L	pɹəˈdʒɛktəl
p/project.txt	4	adj, f n	projectile	projectil -s	P R AH0 JH EH1 K T AY0 L	pɹəˈdʒɛktaɪl
p/positive.txt	1	adj	positive	positif -vly -ness	P AA1 Z AH0 T IH0 V	ˈpɑzətɪv
p/positive.txt	2	m n	positive	positif -s	P AA1 Z AH0 T IH0 V	ˈpɑzətɪv
p/positive.txt	3	f n	positivity	positivitie -is		
p/positive.txt	4	m n	positivism	positivism	P AA1 Z AH0 T IH0 V IH2 Z AH0 M	ˈpɑzətɪˌvɪzəm
p/pinnace.txt	1	m n	pinnace	pinace -s		
p/pork.txt	1	m n	pork	porc	P AO1 R K	ˈpɔɹk
p/pork.txt	2	v	pork	to porque porc(s -d -ing	P AO1 R K	ˈpɔɹk
p/pass.txt	1	v	pass	to passe -s -d -ing	P AE1 S	ˈpæs
p/pass.txt	2	m n	pass	pass -es	P AE1 S	ˈpæs
p/persecute.txt	1	v	persecute	to persecute -s -d -ing	P ER1 S AH0 K Y UW2 T	ˈpɝsəˌkjut
p/persecute.txt	2	f n	persecution	persecúcion -s	P ER2 S AH0 K Y UW1 SH AH0 N	ˌpɝsəˈkjuʃən
p/persecute.txt	4	adj	persecutory	persecutory		
p/pie.txt	1	m n	pie	pîe, pîs	P AY1	ˈpaɪ
p/partial.txt	1	adj	partial	parcial -ly	P AA1 R SH AH0 L	ˈpɑɹʃəl
p/partial.txt	2	f n	partiality	parçialetie, parçialetis	P AA2 R SH IY0 AE1 L AH0 T IY0	ˌpɑɹʃiˈæləti
p/pizza.txt	2	f n	pizzeria	pizzería -s	P IY2 T S ER0 IY1 AH0	ˌpitsɚˈiə
p/pumpkin.txt	1	m n	pumpkin	pompchin, poncon -s	P AH1 M P K IH0 N	ˈpʌmpkɪn
p/pumpkin.txt	1	m n	pumpkin	pompchin, poncon -s	P AH1 M K IH0 N	ˈpʌmkɪn
p/photograph.txt	1	m n	photograph	fótograph, foto -s	F OW1 T AH0 G R AE2 F	ˈfoʊtəˌɡɹæf
p/photograph.txt	1	m n	photo	fótograph, foto -s	F OW1 T OW2	ˈfoʊˌtoʊ
p/photograph.txt	2	v	photograph	to fótographe -s -d -ing	F OW1 T AH0 G R AE2 F	ˈfoʊtəˌɡɹæf
p/photograph.txt	3	f n	photographer	fotographor -s	F AH0 T AA1 G R AH0 F ER0	fəˈtɑɡɹəfɚ
p/photograph.txt	4	f n	photography	fotographie -is	F AH0 T AA1 G R AH0 F IY0	fəˈtɑɡɹəfi
p/photograph.txt	5	adj	photographic	fotographic	F OW2 T AH0 G R AE1 F IH0 K	ˌfoʊtəˈɡɹæfɪk
p/puck.txt	1	m n	puck	puc, pux	P AH1 K	ˈpʌk
p/puck.txt	2	v	poke	to puc -s puched puching	P OW1 K	ˈpoʊk
p/puck.txt	2	v	puck	to puc -s puched puching	P AH1 K	ˈpʌk
p/putt.txt	1	v	putt	to putte put(s -d -ing	P AH1 T	ˈpʌt
p/putt.txt	2	m n	putt	putte, puts	P AH1 T	ˈpʌt
p/proclaim.txt	1	v	proclaim	to proclâme -s -d -ing	P R OW0 K L EY1 M	pɹoʊˈkleɪm
p/proclaim.txt	2	f n	proclamation	proclamâcion -s	P R AA2 K L AH0 M EY1 SH AH0 N	ˌpɹɑkləˈmeɪʃən
p/proclaim.txt	3	adj	proclamatory	proclàmatory		
p/parody.txt	1	m n	parody	pârodie, pârodis	P EH1 R AH0 D IY0	ˈpɛɹədi
p/parody.txt	2	v	parody	to pârodie -s -d pârodying	P EH1 R AH0 D IY0	ˈpɛɹədi
p/pacific.txt	1	f n	pacificism	pacïficism		
p/pacific.txt	2	adj	pacific	pacïfic	P AH0 S IH1 F IH0 K	pəˈsɪfɪk
p/price.txt	1	m n	price	prîce -s	P R AY1 S	ˈpɹaɪs
p/price.txt	2	v	price	to prîce -s -d -ing	P R AY1 S	ˈpɹaɪs
p/perform.txt	1	v	perform	to performe -s -d -ing	P ER0 F AO1 R M	pɚˈfɔɹm
p/perform.txt	2	f n	performance	perfórmance -s	P ER0 F AO1 R M AH0 N S	pɚˈfɔɹməns
p/perform.txt	3	adj	performative	perfórmatif -vly	P ER0 F AO1 R M AH0 T IH0 V	pɚˈfɔɹmətɪv
p/perform.txt	4	f n	performer	performer -s	P ER0 F AO1 R M ER0	pɚˈfɔɹmɚ
p/pharmacy.txt	1	m n	pharmacy	pharmacie, pharmacis	F AA1 R M AH0 S IY0	ˈfɑɹməsi
p/pharmacy.txt	2	m n	pharmacist	pharmacist -s	F AA1 R M AH0 S IH0 S T	ˈfɑɹməsɪst
p/pharmacy.txt	3	adj	pharmaceutical	pharmaçútical	F AA2 R M AH0 S UW1 T IH0 K AH0 L	ˌfɑɹməˈsutɪkəl
p/pharmacy.txt	4	f n	pharmaceutics	pharmaçútics		
p/pronounce.txt	1	v	prnounce	to pronônce -s -d -ing		
p/pronounce.txt	2	f n	pronouncement	pronôncement -s	P R AH0 N AW1 N S M AH0 N T	pɹəˈnaʊnsmənt
p/pronounce.txt	3	f n	pronunciation	prononciâcion -s	P R OW0 N AH2 N S IY0 EY1 SH AH0 N	pɹoʊˌnʌnsiˈeɪʃən
p/pronounce.txt	3	f n	pronunciation	prononciâcion -s	P R AH0 N AH2 N S IY0 EY1 SH AH0 N	pɹəˌnʌnsiˈeɪʃən
p/pronounce.txt	4	adj, f n	pronounceable	pronônçable -abils		
p/pare.txt	1	v	pare	to pâre -s -d -ing	P EH1 R	ˈpɛɹ
p/pare.txt	2	m n	pare	pâre, pârs	P EH1 R	ˈpɛɹ
p/pacify.txt	1	v	pacify	to pacifae -s -d pacifyhing	P AE1 S AH0 F AY2	ˈpæsəˌfaɪ
p/pacify.txt	4	m n	pacifist	pacifist -s	P AE1 S IH0 F IH0 S T	ˈpæsɪfɪst
p/pacify.txt	5	m n	pacifism	pacifism	P AE1 S IH0 F IH2 Z AH0 M	ˈpæsɪˌfɪzəm
p/post.txt	2	v	post	to póste -s -d -ing	P OW1 S T	ˈpoʊst
p/precise.txt	1	adj	precise	precîs -ly -ness	P R IH0 S AY1 S	pɹɪˈsaɪs
p/precise.txt	1	adj	precise	precîs -ly -ness	P R IY0 S AY1 S	pɹiˈsaɪs
p/precise.txt	2	f n	precision	precision	P R IY0 S IH1 ZH AH0 N	pɹiˈsɪʒən
p/prove.txt	1	irv	prove	to prouve -s -d prouven -ing	P R UW1 V	ˈpɹuv
p/prove.txt	2	m n	proof	proufe, proufs	P R UW1 F	ˈpɹuf
p/prove.txt	3	v	proof	to proufe -s -d -ing	P R UW1 F	ˈpɹuf
p/prove.txt	5	f n	provability	prouvabilitie -is		
p/peer.txt	1	m n	peer	piare, piars	P IH1 R	ˈpɪɹ
p/peer.txt	2	f n	compeer	compiare, compiars		
p/peer.txt	3	v	peer	to pier pire(s pired piring	P IH1 R	ˈpɪɹ
p/paint.txt	1	v	paint	to peinte -s -d -ing	P EY1 N T	ˈpeɪnt
p/paint.txt	2	m n	paint	peinte, peints	P EY1 N T	ˈpeɪnt
p/put.txt	1	irv	put	to pûte pûte(s pût pûting	P UH1 T	ˈpʊt
p/put.txt	2	m n	put	pûte, pûts	P UH1 T	ˈpʊt
p/privy.txt	1	m n	privity	privitie -is		
p/privy.txt	2	adj	privy	privy	P R IH1 V IY0	ˈpɹɪvi
p/privy.txt	3	m n	privy	privie, privis	P R IH1 V IY0	ˈpɹɪvi
p/parakeet.txt	1	m n	parroket	perochiet -s		
p/parakeet.txt	1	m n	parakeet	perochiet -s	P EH1 R AH0 K IY2 T	ˈpɛɹəˌkit
p/peasant.txt	1	m n	peasant	paisant -s	P EH1 Z AH0 N T	ˈpɛzənt
p/peasant.txt	2	m n	peasantry	paisantrie, paisantris	P EH1 Z AH0 N T R IY0	ˈpɛzəntɹi
p/pillage.txt	2	v	pillage	to pillage -s -d -ing	P IH1 L IH0 JH	ˈpɪlɪdʒ
p/piece.txt	2	v	piece	to piece -s -d -ing	P IY1 S	ˈpis
p/previous.txt	1	adj	previous	prívieus -ly	P R IY1 V IY0 AH0 S	ˈpɹiviəs
p/prior.txt	2	f n	priority	prîoretie -is	P R AY0 AO1 R AH0 T IY0	pɹaɪˈɔɹəti
p/prior.txt	3	v	prioritize	to prîoretyse -s -d -ing	P R AY0 AO1 R AH0 T AY2 Z	pɹaɪˈɔɹəˌtaɪz
p/prior.txt	4	f n	prioritization	prioretisâcion -s		
p/Portugal.txt	2	adj	Portuguese	porțuguise	P AO1 R CH AH0 G IY2 Z	ˈpɔɹtʃəˌɡiz
p/Portugal.txt	3	m n	Portuguese	Porțuguise	P AO1 R CH AH0 G IY2 Z	ˈpɔɹtʃəˌɡiz
p/practice.txt	1	v	practice	to pràctice -s -d -ing	P R AE1 K T AH0 S	ˈpɹæktəs
p/practice.txt	1	v	practice	to pràctice -s -d -ing	P R AE1 K T IH0 S	ˈpɹæktɪs
p/practice.txt	2	m n	practice	pràctice -s	P R AE1 K T AH0 S	ˈpɹæktəs
p/practice.txt	2	m n	practice	pràctice -s	P R AE1 K T IH0 S	ˈpɹæktɪs
p/practice.txt	3	adj	practical	practical	P R AE1 K T AH0 K AH0 L	ˈpɹæktəkəl
p/practice.txt	3	adj	practical	practical	P R AE1 K T IH0 K AH0 L	ˈpɹæktɪkəl
p/practice.txt	4	f n	practician	practician, practicianor -s		
p/practice.txt	4	f n	practitioner	practician, practicianor -s	P R AE0 K T IH1 SH AH0 N ER0	pɹækˈtɪʃənɚ
p/practice.txt	4	f n	practitioner	practician, practicianor -s	P R AE0 K T IH1 SH N ER0	pɹækˈtɪʃnɚ
p/pertain.txt	1	v	pertain	to perteine -s -d -ing	P ER0 T EY1 N	pɚˈteɪn
p/pertain.txt	2	adj	pertinent	pêrtinent -ly	P ER1 T IH0 N IH0 N T	ˈpɝtɪnɪnt
p/pertain.txt	3	m n	pertinence	pêrtinence -s		
p/pertain.txt	4	m n	pertinency	pêrtinencie -is		
p/pore.txt	2	adj	porous	pórus -ly -ness	P AO1 R AH0 S	ˈpɔɹəs
p/pore.txt	3	v	pore	to pore -s -d -ing	P AO1 R	ˈpɔɹ
p/posture.txt	1	m n	posture	posțure, posțurs	P AA1 S CH ER0	ˈpɑstʃɚ
p/posture.txt	2	v	posture	to posțure -s -d -ing	P AA1 S CH ER0	ˈpɑstʃɚ
p/prophet.txt	1	m n	prophet	prophet -s	P R AA1 F AH0 T	ˈpɹɑfət
p/prophet.txt	2	m n	prophecy	prophecie -is	P R AA1 F AH0 S IY0	ˈpɹɑfəsi
p/prophet.txt	3	v	prophesy	to prophiçae -s -d prophicyhing		
p/prophet.txt	4	v	prophesize	to prophicyse -s -d -ing		
p/prophet.txt	5	adj	prophetic	prophetic -ly	P R AH0 F EH1 T IH0 K	pɹəˈfɛtɪk
p/phone.txt	1	m n	telephone	phone, phons	T EH1 L AH0 F OW2 N	ˈtɛləˌfoʊn
p/phone.txt	1	m n	phone	phone, phons	F OW1 N	ˈfoʊn
p/phone.txt	2	v	phone	to phone -s -d -ing	F OW1 N	ˈfoʊn
p/preposition.txt	1	f n	preposition	preposicion -s		
p/preposition.txt	2	adj	preposition	preposicional -ly		
p/patch.txt	1	m n	patch	pac̃e -s	P AE1 CH	ˈpætʃ
p/patch.txt	2	v	patch	to pac̃e -s -d -ing	P AE1 CH	ˈpætʃ
p/plead.txt	1	irv	plead	to pliede -s plaid -ing	P L IY1 D	ˈplid
p/precipitate.txt	1	v	precipitate	to precïpitait -s -ed -ing	P R IH0 S IH1 P IH0 T EY2 T	pɹɪˈsɪpɪˌteɪt
p/precipitate.txt	2	f n	precipitate	precïpitate	P R IH0 S IH1 P IH0 T EY2 T	pɹɪˈsɪpɪˌteɪt
p/precipitate.txt	4	adj	precipitant	precïpitant -ly		
p/precipitate.txt	5	f n	precipitant	precïpitant -s		
p/precipitate.txt	6	f n	precipitancy	precïpitancie -is		
p/preamble.txt	1	m n	preamble	príamble, príambuls	P R IY0 AE1 M B AH0 L	pɹiˈæmbəl
p/possible.txt	2	adv	possibly	possibly	P AA1 S AH0 B L IY0	ˈpɑsəbli
p/possible.txt	3	f n	possibility	possibilitie -is	P AA2 S AH0 B IH1 L AH0 T IY2	ˌpɑsəˈbɪləˌti
p/patient.txt	1	adj, m n	patient	pâcient -s	P EY1 SH AH0 N T	ˈpeɪʃənt
p/patient.txt	2	m n	patience	pâcience	P EY1 SH AH0 N S	ˈpeɪʃəns
p/pitch.txt	1	v	pitch	to pic̃e -s -d -ing	P IH1 CH	ˈpɪtʃ
p/poor.txt	1	adj, m n	poor	paur(e -ar -est	P UW1 R	ˈpuɹ
p/poor.txt	2	m n	poorness	paureness		
p/poor.txt	3	v	impoverish	to empávrișe -s -d -ing	IH2 M P AA1 V R IH0 SH	ˌɪmˈpɑvɹɪʃ
p/poor.txt	4	m n	poverty	pávertie -is	P AA1 V ER0 T IY0	ˈpɑvɚti
p/peek.txt	1	v	peek	to piec -s pieched pieching	P IY1 K	ˈpik
p/peek.txt	2	m n	peek	piec, piex	P IY1 K	ˈpik
p/puke.txt	1	v	puke	to puque, púc(s -d -ing	P Y UW1 K	ˈpjuk
p/puke.txt	2	m n	puke	puque	P Y UW1 K	ˈpjuk
p/poke.txt	1	v	poke	to poque poac(s -d -ing	P OW1 K	ˈpoʊk
p/poke.txt	2	m n	pocket	pochet -s	P AA1 K AH0 T	ˈpɑkət
p/poke.txt	3	v	pocket	to pochet -s -ed -ing	P AA1 K AH0 T	ˈpɑkət
p/poke.txt	4	m n	pouch	poac̃e -es	P AW1 CH	ˈpaʊtʃ
p/poke.txt	5	v	poach	to poc̃e -s -d -ing	P OW1 CH	ˈpoʊtʃ
p/pelt.txt	1	v	pelt	to pelte -s -d -ing	P EH1 L T	ˈpɛlt
p/pelt.txt	2	m n	pelt	pelte, pelts	P EH1 L T	ˈpɛlt
p/pillar.txt	1	m n	pillar	pillere, pillars	P IH1 L ER0	ˈpɪlɚ
p/porpoise.txt	1	m n	porpoise	porpace -s	P AO1 R P AH0 S	ˈpɔɹpəs
p/penguin.txt	1	m n	penguin	pengoine, pengoins	P EH1 NG G W AH0 N	ˈpɛŋɡwən
p/peak.txt	1	m n	peak	pique, pícs	P IY1 K	ˈpik
p/peak.txt	2	v	peak	to pique píc(s -d -ing	P IY1 K	ˈpik
p/pear.txt	1	m n	pear	peare, pears	P EH1 R	ˈpɛɹ
p/plaid.txt	1	adj	plaid	plad	P L AE1 D	ˈplæd
p/parmesan.txt	1	adj, m n	parmesan	parmegian	P AA1 R M AH0 Z AA2 N	ˈpɑɹməˌzɑn
p/populate.txt	2	v	populate	to populait -s -ed -ing	P AA1 P Y AH0 L EY2 T	ˈpɑpjəˌleɪt
p/populate.txt	3	f n	population	populâcion -s	P AA2 P Y AH0 L EY1 SH AH0 N	ˌpɑpjəˈleɪʃən
p/populate.txt	4	adj	popular	popular	P AA1 P Y AH0 L ER0	ˈpɑpjəlɚ
p/populate.txt	5	f n	popularity	popularetie -is	P AA2 P Y AH0 L EH1 R AH0 T IY0	ˌpɑpjəˈlɛɹəti
p/populate.txt	6	v	popularize	to popularyse -s -d -ing	P AA1 P Y AH0 L ER0 AY2 Z	ˈpɑpjəlɚˌaɪz
p/populate.txt	7	f n	popularization	popularisâcion -s	P AA2 P Y AH0 L ER0 AH0 Z EY1 SH AH0 N	ˌpɑpjəlɚəˈzeɪʃən
p/populate.txt	8	m n	populism	populism	P AA1 P Y AH0 L IH2 Z AH0 M	ˈpɑpjəˌlɪzəm
p/populate.txt	9	m n	populist	populist -s	P AA1 P Y AH0 L AH0 S T	ˈpɑpjələst
p/populate.txt	10	adj	populous	populus -ly	P AA1 P Y AH0 L AH0 S	ˈpɑpjələs
p/phyllo.txt	1	adj, m n	phyllo	phýlo		
p/phyllo.txt	1	adj, m n	filo	phýlo	F IY1 L OW0	ˈfiloʊ
p/paradigm.txt	1	m n	paradigm	pâradigm -s	P EH1 R AH0 D AY2 M	ˈpɛɹəˌdaɪm
p/paradigm.txt	2	adj	paradigmatic	paradigmatic -ly		
p/porn.txt	1	f n	pornography	pornographie -is	P AO0 R N AA1 G R AH0 F IY0	pɔɹˈnɑɡɹəfi
p/porn.txt	2	m n, adj	pornography	porne, porno	P AO0 R N AA1 G R AH0 F IY0	pɔɹˈnɑɡɹəfi
p/porn.txt	2	m n, adj	porn	porne, porno	P AO1 R N	ˈpɔɹn
p/polytheism.txt	1	m n	polytheism	polyþÿism	P AA1 L IY2 TH IY0 IH0 Z AH0 M	ˈpɑˌliθiɪzəm
p/pandemic.txt	1	adj	pandemic	pandemic	P AE0 N D EH1 M IH0 K	pænˈdɛmɪk
p/pandemic.txt	2	f n	pandemic	pandemic -s	P AE0 N D EH1 M IH0 K	pænˈdɛmɪk
p/preside.txt	1	v	preside	to presîde -s -d -ing	P R IH0 Z AY1 D	pɹɪˈzaɪd
p/preside.txt	1	v	preside	to presîde -s -d -ing	P R IY0 Z AY1 D	pɹiˈzaɪd
p/preside.txt	3	m n	presidence	prèsidence -s		
p/preside.txt	4	m n	presidency	prèsidencie -is	P R EH1 Z AH0 D AH0 N S IY0	ˈpɹɛzədənsi
p/preside.txt	5	adj	presidential	presidencial	P R EH2 Z AH0 D EH1 N SH AH0 L	ˌpɹɛzəˈdɛnʃəl
p/pry.txt	1	v	pry	to prîe -s -d pryhing	P R AY1	ˈpɹaɪ
p/pry.txt	2	m n	pry	prîe, prîs	P R AY1	ˈpɹaɪ
p/pry.txt	3	m n	pryer	prîer -s	P R AY1 ER0	ˈpɹaɪɚ
p/pry.txt	3	m n	prier	prîer -s	P R AY1 ER0	ˈpɹaɪɚ
p/play.txt	1	v	play	to plaie -s -d playing	P L EY1	ˈpleɪ
p/play.txt	2	m n	play	plaie, plays	P L EY1	ˈpleɪ
p/play.txt	3	m n	cosplay	cosplaie, cosplays		
p/play.txt	4	adj	playful	playful -ly	P L EY1 F AH0 L	ˈpleɪfəl
p/play.txt	5	m n	playtime	playtîme, playtîms		
p/play.txt	6	adj	playable	playable		
p/play.txt	7	m n	playmate	playmâte, playmâts	P L EY1 M EY2 T	ˈpleɪˌmeɪt
p/play.txt	8	m n	playfield	playfielde, playfields		
p/prejudice.txt	2	v	prejudice	to prèjudice -s -d -ing	P R EH1 JH AH0 D IH0 S	ˈpɹɛdʒədɪs
p/priest.txt	1	m n	priest	prieste, priests	P R IY1 S T	ˈpɹist
p/pummel.txt	1	v	pommel	to pomle -s -d pomeling	P AA1 M AH0 L	ˈpɑməl
p/pummel.txt	1	v	pummel	to pomle -s -d pomeling	P AH1 M AH0 L	ˈpʌməl
p/pummel.txt	2	m n	pommel	pomle, pomels	P AA1 M AH0 L	ˈpɑməl
p/pirate.txt	2	v	pirate	to pîrate -s -d -ing	P AY1 R AH0 T	ˈpaɪɹət
p/pirate.txt	3	m n	piracy	pîracie, pîracis	P AY1 R AH0 S IY0	ˈpaɪɹəsi
p/passion.txt	2	adj	passionate	passionate -ly	P AE1 SH AH0 N AH0 T	ˈpæʃənət
p/plan.txt	2	v	plan	to plane -s -d -ing	P L AE1 N	ˈplæn
p/patriate.txt	1	v	patriate	to pâtriait -s -d -ing		
p/pike.txt	1	m n	pike	pîc, pîx	P AY1 K	ˈpaɪk
p/press.txt	1	m n	press	press -es	P R EH1 S	ˈpɹɛs
p/press.txt	2	v	press	to presse -s -d -ing	P R EH1 S	ˈpɹɛs
p/press.txt	3	m n	pressure	presșure, presșurs	P R EH1 SH ER0	ˈpɹɛʃɚ
p/press.txt	4	v	pressure	to presșure -s -d -ing	P R EH1 SH ER0	ˈpɹɛʃɚ
p/press.txt	5	v	pressurize	to presșuryse -s -d -ing	P R EH1 SH ER0 AY2 Z	ˈpɹɛʃɚˌaɪz
p/press.txt	6	f n	pressurization	presșurisâcion -s	P R EH2 SH ER0 IH0 Z EY1 SH AH0 N	ˌpɹɛʃɚɪˈzeɪʃən
p/parish.txt	1	m n	parish	pâriçe -s	P AE1 R IH0 SH	ˈpæɹɪʃ
p/parish.txt	1	m n	parish	pâriçe -s	P EH1 R IH0 SH	ˈpɛɹɪʃ
p/parish.txt	3	f n	parishioner	pariçenor, parician -s	P ER0 IH1 SH AH0 N ER0	pɚˈɪʃənɚ
p/pierce.txt	1	v	pierce	to pierce -s -d -ing	P IH1 R S	ˈpɪɹs
p/predator.txt	1	m n	predator	predatre, predators	P R EH1 D AH0 T ER0	ˈpɹɛdətɚ
p/predator.txt	2	adj	predatory	predatory	P R EH1 D AH0 T AO2 R IY0	ˈpɹɛdəˌtɔɹi
p/predator.txt	3	f n	predation	predâcion -s	P R AH0 D EY1 SH AH0 N	pɹəˈdeɪʃən
p/predator.txt	4	v	predation	to predâte -s -d -ing	P R AH0 D EY1 SH AH0 N	pɹəˈdeɪʃən
p/predator.txt	4	v	predate	to predâte -s -d -ing	P R IY0 D EY1 T	pɹiˈdeɪt
p/predator.txt	4	v	predate	to predâte -s -d -ing	P R IY1 D EY1 T	ˈpɹiˈdeɪt
p/promise.txt	1	m n	promise	promess -es	P R AA1 M AH0 S	ˈpɹɑməs
p/promise.txt	2	v	promise	to promesse -s -d -ing	P R AA1 M AH0 S	ˈpɹɑməs
p/promise.txt	3	m n	promisor	promessor -s		
p/promise.txt	4	adj	promissory	promessory	P R AA1 M AH0 S AO2 R IY0	ˈpɹɑməˌsɔɹi
p/purse.txt	2	v	purse	to pourse -s -d -ing	P ER1 S	ˈpɝs
p/pack.txt	1	m n	pack	pac -s	P AE1 K	ˈpæk
p/pack.txt	2	v	pack	to pac -s pached paching	P AE1 K	ˈpæk
p/pecan.txt	1	f n	pecan	pecáne, pecáns	P AH0 K AA1 N	pəˈkɑn
p/pecan.txt	1	f n	pecan	pecáne, pecáns	P IY1 K AA2 N	ˈpiˌkɑn
p/pecan.txt	1	f n	pecan	pecáne, pecáns	P IH0 K AE1 N	pɪˈkæn
p/pray.txt	1	v	pray	to praie -s -d praying	P R EY1	ˈpɹeɪ
p/pray.txt	2	m n	prayer	praire, prairs	P R EH1 R	ˈpɹɛɹ
p/pray.txt	2	m n	prayer	praire, prairs	P R EY1 ER0	ˈpɹeɪɚ
p/pray.txt	3	m n	prayer	prayer -s	P R EH1 R	ˈpɹɛɹ
p/pray.txt	3	m n	prayer	prayer -s	P R EY1 ER0	ˈpɹeɪɚ
p/parley.txt	1	m n	parley	párlie, párlis	P AA1 R L IY0	ˈpɑɹli
p/parley.txt	2	v	parley	to párlie -s -d -ying	P AA1 R L IY0	ˈpɑɹli
p/parley.txt	4	m n	parliament	parlament -s	P AA1 R L AH0 M AH0 N T	ˈpɑɹləmənt
p/parley.txt	5	adj, m n	parlor	parlor -s	P AA1 R L ER0	ˈpɑɹlɚ
p/prestige.txt	1	adj	prestigious	prestigeus -ly	P R EH0 S T IH1 JH AH0 S	pɹɛˈstɪdʒəs
p/prestige.txt	1	adj	prestigious	prestigeus -ly	P ER0 S T IY1 JH AH0 S	pɚˈstidʒəs
p/protest.txt	1	m n	protest	prótest -s	P R OW1 T EH2 S T	ˈpɹoʊˌtɛst
p/protest.txt	1	m n	protest	prótest -s	P R AH0 T EH1 S T	pɹəˈtɛst
p/protest.txt	2	v	protest	to próteste -s -d -ing	P R OW1 T EH2 S T	ˈpɹoʊˌtɛst
p/protest.txt	2	v	protest	to próteste -s -d -ing	P R AH0 T EH1 S T	pɹəˈtɛst
p/protest.txt	3	m n	protester	prótestor -s	P R OW1 T EH2 S T ER0	ˈpɹoʊˌtɛstɚ
p/protest.txt	5	m n	protestantism	protestantism	P R AA1 T AH0 S T AH0 N T IH2 Z AH0 M	ˈpɹɑtəstənˌtɪzəm
p/pheasant.txt	1	m n	pheasant	faisant -s	F EH1 Z AH0 N T	ˈfɛzənt
p/porch.txt	1	m n	porch	porc̃e -s	P AO1 R CH	ˈpɔɹtʃ
p/prepare.txt	1	v	prepare	to prepâre -s -d -ing	P R IY0 P EH1 R	pɹiˈpɛɹ
p/prepare.txt	2	f n	preparation	preparâcion -s	P R EH2 P ER0 EY1 SH AH0 N	ˌpɹɛpɚˈeɪʃən
p/prepare.txt	3	adj	preparative	prepâratif -vly		
p/prepare.txt	4	adj	preparatory	prepratory	P R IH0 P EH1 R AH0 T AO2 R IY0	pɹɪˈpɛɹəˌtɔɹi
p/prepare.txt	4	adj	preparatory	prepratory	P R EH1 P R AH0 T AO2 R IY0	ˈpɹɛpɹəˌtɔɹi
p/pea.txt	1	m n	pea	píe, pís	P IY1	ˈpi
p/punish.txt	1	v	punish	to ponișe -s -d -ing	P AH1 N IH0 SH	ˈpʌnɪʃ
p/punish.txt	2	m n	punisher	ponișer -s	P AH1 N IH0 SH ER0	ˈpʌnɪʃɚ
p/punish.txt	3	m n	punishment	ponișement -s	P AH1 N IH0 SH M AH0 N T	ˈpʌnɪʃmənt
p/punish.txt	4	adj	punishable	ponișable	P AH1 N IH0 SH AH0 B AH0 L	ˈpʌnɪʃəbəl
p/please.txt	1	v	please	to pliese -s -d -ing	P L IY1 Z	ˈpliz
p/please.txt	2	m n	pleasure	plaișure, plaișurs	P L EH1 ZH ER0	ˈplɛʒɚ
p/please.txt	3	v	pleasure	to plaișure -s -d -ing	P L EH1 ZH ER0	ˈplɛʒɚ
p/please.txt	4	adj	pleasurable	plaișurable -y	P L EH1 ZH ER0 AH0 B AH0 L	ˈplɛʒɚəbəl
p/please.txt	5	adj	pleasant	plaisant -ly	P L EH1 Z AH0 N T	ˈplɛzənt
p/please.txt	6	m n	pleasance	plaisance -s		
p/please.txt	7	m n	pleasantry	plaisantrie -is	P L EH1 Z AH0 N T R IY0	ˈplɛzəntɹi
p/potion.txt	1	m n	potion	pocion -s	P OW1 SH AH0 N	ˈpoʊʃən
p/purr.txt	1	v	purr	to purre pur(s -d -ing	P ER1	ˈpɝ
p/purr.txt	2	m n	purr	purre, purs	P ER1	ˈpɝ
p/purge.txt	1	v	purge	to purge -s -d -ing	P ER1 JH	ˈpɝdʒ
p/purge.txt	2	m n	purge	purge -s	P ER1 JH	ˈpɝdʒ
p/purge.txt	3	v	expurgate	to expurgait -s -ed -ing		
p/purge.txt	4	f n	expurgation	expurgâcion -s		
p/purge.txt	5	adj	purgative	purgatif -vly		
p/purge.txt	7	m n	purgatory	purgatorie -is	P ER1 G AH0 T AO2 R IY0	ˈpɝɡəˌtɔɹi
p/purge.txt	8	m n	purgery	purgerie -is		
p/pharaoh.txt	1	m n	Pharaoh	fâraue, fâraus	F EH1 R OW0	ˈfɛɹoʊ
p/pharaoh.txt	1	m n	Pharaoh	fâraue, fâraus	F EY1 R OW0	ˈfeɪɹoʊ
p/precede.txt	1	v	precede	to pricide -s -d -ing	P R IH0 S IY1 D	pɹɪˈsid
p/precede.txt	2	m n	precedence	prècedence	P R EH1 S AH0 D AH0 N S	ˈpɹɛsədəns
p/precede.txt	4	m n	precedency	prècedencie, prècedencis		
p/persuade.txt	1	v	persuade	to persuâde -s -d -ing	P ER0 S W EY1 D	pɚˈsweɪd
p/persuade.txt	3	adj	persuasive	persuâssif -vly	P ER0 S W EY1 S IH0 V	pɚˈsweɪsɪv
p/persuade.txt	4	adj	persuadable	persuâdable	P ER0 S W EY1 D AH0 B AH0 L	pɚˈsweɪdəbəl
p/pail.txt	1	m n	pail	paile, paîls	P EY1 L	ˈpeɪl
p/pervert.txt	1	m n	pervert	pervert -s	P ER1 V ER0 T	ˈpɝvɚt
p/pervert.txt	1	m n	pervert	pervert -s	P ER0 V ER1 T	pɚˈvɝt
p/pervert.txt	2	v	pervert	to perverte -s -d -ing	P ER1 V ER0 T	ˈpɝvɚt
p/pervert.txt	2	v	pervert	to perverte -s -d -ing	P ER0 V ER1 T	pɚˈvɝt
p/pervert.txt	3	f n	perversion	pervêsion -s	P ER0 V ER1 ZH AH0 N	pɚˈvɝʒən
p/pervert.txt	4	adj	perverse	perverse	P ER0 V ER1 S	pɚˈvɝs
p/pervert.txt	5	f n	perversity	pervêrsetie, pervêrsetis	P ER0 V ER1 S AH0 T IY0	pɚˈvɝsəti
p/pump.txt	1	m n	pump	pompe, pomps	P AH1 M P	ˈpʌmp
p/pump.txt	2	v	pump	to pompe -s -d -ing	P AH1 M P	ˈpʌmp
p/permanent.txt	1	adj	permanent	pêmanent -ly	P ER1 M AH0 N AH0 N T	ˈpɝmənənt
p/permanent.txt	2	m n	permanence	pêmanence -s	P ER1 M AH0 N AH0 N S	ˈpɝmənəns
p/permanent.txt	3	m n	permanent wave	pême, pêms	P ER1 M AH0 N AH0 N T W EY1 V	ˈpɝmənənˈtweɪv
p/permanent.txt	3	m n	perm	pême, pêms		
p/permanent.txt	4	v	perm	to pême -s -d -ing		
p/permanent.txt	5	adj	impermanent	impêmanent -ly		
p/permanent.txt	6	m n	permaculture	pêmaculțure -s		
p/privilege.txt	2	v	privilege	to privelage -s -d -ing	P R IH1 V L AH0 JH	ˈpɹɪvlədʒ
p/privilege.txt	2	v	privilege	to privelage -s -d -ing	P R IH1 V L IH0 JH	ˈpɹɪvlɪdʒ
p/privilege.txt	2	v	privilege	to privelage -s -d -ing	P R IH1 V IH0 L AH0 JH	ˈpɹɪvɪlədʒ
p/privilege.txt	2	v	privilege	to privelage -s -d -ing	P R IH1 V IH0 L IH0 JH	ˈpɹɪvɪlɪdʒ
p/peal.txt	1	m n	peal	piele, piels	P IY1 L	ˈpil
p/peal.txt	2	v	peal	to piele -s -d -ing	P IY1 L	ˈpil
p/plumb.txt	1	v	plumb	to plome -s -d -ing	P L AH1 M	ˈplʌm
p/plumb.txt	2	m n	plumb	plome, ploms	P L AH1 M	ˈplʌm
p/plumb.txt	3	m n	plumber	plomer -s	P L AH1 M ER0	ˈplʌmɚ
p/plumb.txt	4	adj	aplomb	aplome	AH0 P L AA1 M	əˈplɑm
p/potent.txt	1	adj	potent	potent	P OW1 T AH0 N T	ˈpoʊtənt
p/potent.txt	3	m n	potency	potencie -is	P OW1 T AH0 N S IY0	ˈpoʊtənsi
p/potent.txt	4	adj, f n	potential	potencial -ly	P AH0 T EH1 N SH AH0 L	pəˈtɛnʃəl
p/potent.txt	5	f n	potentiality	potençialetie, potençialetis		
p/potent.txt	6	m n	potentate	potentait -s	P OW1 T AH0 N T EY2 T	ˈpoʊtənˌteɪt
p/potent.txt	7	v	potentiate	to potençiait -s -ed -ing		
p/potent.txt	8	f n	potentiation	potençiâcion -s		
p/potent.txt	9	f n	potentiator	potençiaitor -s		
p/particle.txt	1	m n	particle	particle, particuls	P AA1 R T AH0 K AH0 L	ˈpɑɹtəkəl
p/particle.txt	1	m n	particle	particle, particuls	P AA1 R T IH0 K AH0 L	ˈpɑɹtɪkəl
p/particle.txt	2	adj, f n	particular	particular -s	P ER0 T IH1 K Y AH0 L ER0	pɚˈtɪkjəlɚ
p/particle.txt	2	adj, f n	particular	particular -s	P AA2 T IH1 K Y AH0 L ER0	ˌpɑˈtɪkjəlɚ
p/particle.txt	3	f n	particularity	particularetie -is	P ER0 T IH2 K Y AH0 L AE1 R AH0 T IY0	pɚˌtɪkjəˈlæɹəti
p/particle.txt	4	v	particularize	to particularyse -s -d -ing		
p/pin.txt	1	m n	pin	pinne, pins	P IH1 N	ˈpɪn
p/pin.txt	2	v	pin	to pinne pin(s -d -ing	P IH1 N	ˈpɪn
p/philosophy.txt	1	f n	philosophy	filosophie -is	F AH0 L AA1 S AH0 F IY0	fəˈlɑsəfi
p/philosophy.txt	2	adj	philosophic	filosophic -ly	F IH2 L AH0 S AA1 F IH0 K	ˌfɪləˈsɑfɪk
p/philosophy.txt	3	adj	philosophical	filosophical	F IH2 L AH0 S AA1 F IH0 K AH0 L	ˌfɪləˈsɑfɪkəl
p/philosophy.txt	4	v	philosophize	to filosophyse -s -d -ing		
p/precious.txt	1	adj	precious	preceus -ly -ness	P R EH1 SH AH0 S	ˈpɹɛʃəs
p/prescribe.txt	1	v	prescribe	to prescrîbe -s -d -ing	P R AH0 S K R AY1 B	pɹəˈskɹaɪb
p/prescribe.txt	1	v	prescribe	to prescrîbe -s -d -ing	P R IY0 S K R AY1 B	pɹiˈskɹaɪb
p/prescribe.txt	3	adj	prescriptive	prescriptif		
p/principal.txt	2	f n	principality	principaletie, principaletis	P R IH2 N S IH0 P AE1 L IH0 T IY0	ˌpɹɪnsɪˈpælɪti
p/phony.txt	1	adj	phony	foany	F OW1 N IY0	ˈfoʊni
p/people.txt	1	m n	people	píple, pípuls	P IY1 P AH0 L	ˈpipəl
p/people.txt	2	v	people	to píple -s -d -ing	P IY1 P AH0 L	ˈpipəl
p/perish.txt	1	v	perish	to perișe	P EH1 R IH0 SH	ˈpɛɹɪʃ
p/perish.txt	2	adj, m n	perishable	perișable -abils	P EH1 R IH0 SH AH0 B AH0 L	ˈpɛɹɪʃəbəl
p/peach.txt	1	m n	peach	poic̃e -s	P IY1 CH	ˈpitʃ
p/persevere.txt	1	v	persevere	to persevier persevire(s persevired perseviering	P ER0 S AH0 V IH1 R	pɚsəˈvɪɹ
p/prerogative.txt	1	f n	prerogative	prerrogatif -s	P R IH0 R AA1 G AH0 T IH0 V	pɹɪˈɹɑɡətɪv
p/prerogative.txt	1	f n	prerogative	prerrogatif -s	P ER1 AA1 G AH0 T IH0 V	ˈpɝˈɑɡətɪv
p/preview.txt	1	v	preview	to prívue -s -d -ing	P R IY1 V Y UW2	ˈpɹiˌvju
p/preview.txt	2	m n	preview	prívue, prívuis	P R IY1 V Y UW2	ˈpɹiˌvju
p/pulse.txt	1	m n	pulse	pulse -s	P AH1 L S	ˈpʌls
p/pulse.txt	2	v	pulse	to pulse -s -d -ing	P AH1 L S	ˈpʌls
p/pulse.txt	3	m n	pulse	polse	P AH1 L S	ˈpʌls
p/propose.txt	1	v	propose	to propose -s -d -ing	P R AH0 P OW1 Z	pɹəˈpoʊz
p/propose.txt	2	f n	proposal	propósal -s	P R AH0 P OW1 Z AH0 L	pɹəˈpoʊzəl
p/propose.txt	3	f n	proposition	proposicion -s	P R AA2 P AH0 Z IH1 SH AH0 N	ˌpɹɑpəˈzɪʃən
p/propose.txt	4	v	proposition	to proposicione -s -d -ing	P R AA2 P AH0 Z IH1 SH AH0 N	ˌpɹɑpəˈzɪʃən
s/saw.txt	1	m n	saw	sahe, saus	S AO1	ˈsɔ
s/saw.txt	2	irv	saw	to sahe -s -d saon sahing	S AO1	ˈsɔ
s/sedate.txt	1	v	sedate	to sedâte -s -d -ing	S IH0 D EY1 T	sɪˈdeɪt
s/sedate.txt	2	m n, adj	sedate	sedâte	S IH0 D EY1 T	sɪˈdeɪt
s/sedate.txt	3	m n, adj	sedative	sedatif	S EH1 D AH0 T IH0 V	ˈsɛdətɪv
s/sedate.txt	4	f n	sedation	sedâcion	S AH0 D EY1 SH AH0 N	səˈdeɪʃən
s/student.txt	1	m n	student	student -s	S T UW1 D AH0 N T	ˈstudənt
s/shear.txt	1	irv	shear	to siere -s -d seorn siering	SH IH1 R	ˈʃɪɹ
s/shear.txt	2	m n	shear	siere, sciars	SH IH1 R	ˈʃɪɹ
s/squat.txt	1	v	squat	to squáte -s -d -ing	S K W AA1 T	ˈskwɑt
s/squat.txt	2	m n	squat	squáte, squáts	S K W AA1 T	ˈskwɑt
s/stunt.txt	1	v	stunt	to stonte -s -d -ing	S T AH1 N T	ˈstʌnt
s/stunt.txt	2	m n	stunt	stonte, stonts	S T AH1 N T	ˈstʌnt
s/surge.txt	1	m n	surge	surge -s	S ER1 JH	ˈsɝdʒ
s/surge.txt	2	v	surge	to surge -s -d -ing	S ER1 JH	ˈsɝdʒ
s/surge.txt	3	f n	insurgent	ensurgent -s	IH2 N S ER1 JH AH0 N T	ˌɪnˈsɝdʒənt
s/surge.txt	4	v	resurge	to resurge -s -d -ing		
s/surge.txt	5	f n	resurgence	resurgence -s	R IY0 S ER1 JH AH0 N S	ɹiˈsɝdʒəns
s/surge.txt	6	adj	resurgent	resurgent -ly	R IH0 S ER1 JH AH0 N T	ɹɪˈsɝdʒənt
s/surge.txt	6	adj	resurgent	resurgent -ly	R IY0 S ER1 JH AH0 N T	ɹiˈsɝdʒənt
s/surge.txt	7	m n	sorty	sortie, sortis		
s/surge.txt	9	adj	surgent	surgent -ly		
s/surge.txt	10	m n	upsurge	upsurge -s	AH1 P S ER2 JH	ˈʌpˌsɝdʒ
s/South-Dakota.txt	1	f n	South Dakota	Sôuþ Dacóta	S AW1 TH D AH0 K OW1 T AH0	ˈsaʊθdəˈkoʊtə
s/South-Dakota.txt	2	adj, f n	South Dakotan	sôuþ dacótan -s	S AW1 TH D AH0 K OW1 T AH0 N	ˈsaʊθdəˈkoʊtən
s/smock.txt	1	m n	smock	smoc, smox	S M AA1 K	ˈsmɑk
s/sky.txt	1	m n	sky	scoihe, scŷs	S K AY1	ˈskaɪ
s/sky.txt	2	v	sky	to scoihe -s -d -ing	S K AY1	ˈskaɪ
s/scoundrel.txt	1	m n	scoundrel	scôndrel -s	S K AW1 N D R AH0 L	ˈskaʊndɹəl
s/sting.txt	1	irv	sting	to stingue sting(s stong -ing	S T IH1 NG	ˈstɪŋ
s/simmer.txt	1	v	simber	to simere -s -d simaring		
s/simmer.txt	1	v	simmer	to simere -s -d simaring	S IH1 M ER0	ˈsɪmɚ
s/simmer.txt	2	m n	simmer	simere, simars	S IH1 M ER0	ˈsɪmɚ
s/soon.txt	1	adv	soon	soun -ar -est	S UW1 N	ˈsun
s/stratum.txt	1	m n	stratum	stratom, strata	S T R AE1 T AH0 M	ˈstɹætəm
s/stratum.txt	1	m n	strata	stratom, strata	S T R AE1 T AH0	ˈstɹætə
s/survive.txt	1	v	survive	to sorvîve -s -d -ing	S ER0 V AY1 V	sɚˈvaɪv
s/survive.txt	2	f n	survival	sorvîval -s	S ER0 V AY1 V AH0 L	sɚˈvaɪvəl
s/slaughter.txt	1	m n	slaughter	slautre	S L AO1 T ER0	ˈslɔtɚ
s/slaughter.txt	2	v	slaughter	to slauter slautre(s slautred slautering	S L AO1 T ER0	ˈslɔtɚ
s/supernatant.txt	1	adj, f n	supernatant	supernâtant		
s/shave.txt	1	v	shave	to seave -s -d -ing	SH EY1 V	ˈʃeɪv
s/shave.txt	2	m n	shave	seave -s	SH EY1 V	ˈʃeɪv
s/shave.txt	3	m n	shaver	seaver -s	SH EY1 V ER0	ˈʃeɪvɚ
s/spray.txt	1	v	spray	to spraie -s -d -aying	S P R EY1	ˈspɹeɪ
s/spray.txt	2	m n	spray	spraie, sprays	S P R EY1	ˈspɹeɪ
s/Slovakia.txt	1	f n	Slovakia	Slovachia	S L OW2 V AA1 K IY2 AH0	ˌsloʊˈvɑˌkiə
s/Slovakia.txt	2	adj, f n	Slovakian	slovachian -s	S L OW1 V AA0 K IY2 AH0 N	ˈsloʊvɑˌkiən
s/Slovakia.txt	3	f n	Slovakian	Slovachian	S L OW1 V AA0 K IY2 AH0 N	ˈsloʊvɑˌkiən
s/Slovakia.txt	4	m n	Slovak	slóvac, slóvax	S L OW1 V AE0 K	ˈsloʊvæk
s/Slovakia.txt	4	m n	Slovak	slóvac, slóvax	S L OW1 V AA0 K	ˈsloʊvɑk
s/Slovakia.txt	5	adj	Slovak	slóvac	S L OW1 V AE0 K	ˈsloʊvæk
s/Slovakia.txt	5	adj	Slovak	slóvac	S L OW1 V AA0 K	ˈsloʊvɑk
s/steal.txt	1	irv	steal	to stiale -s stole stolen -ing	S T IY1 L	ˈstil
s/steal.txt	2	m n	steal	stiale, stials	S T IY1 L	ˈstil
s/starve.txt	1	v	starve	to starve -s -d -ing	S T AA1 R V	ˈstɑɹv
s/starve.txt	2	f n	starvation	starvâcion	S T AA0 R V EY1 SH AH0 N	stɑɹˈveɪʃən
s/slide.txt	1	irv	slide	to slîde -s slid -ing	S L AY1 D	ˈslaɪd
s/slide.txt	2	m n	slide	slîde, slîds	S L AY1 D	ˈslaɪd
s/studious.txt	1	adj	studious	stúdieus	S T UW1 D IY0 AH0 S	ˈstudiəs
s/syncronize.txt	1	v	synchronize	to synque sync(s -d -ing	S IH1 NG K R AH0 N AY2 Z	ˈsɪŋkɹəˌnaɪz
s/syncronize.txt	1	v	sync	to synque sync(s -d -ing	S IH1 NG K	ˈsɪŋk
s/syncronize.txt	2	v	synchronize	to syncronyse -s -d -ing	S IH1 NG K R AH0 N AY2 Z	ˈsɪŋkɹəˌnaɪz
s/syncronize.txt	3	f n	synchronization	syncronisâcion -s	S IH2 NG K R AH0 N AH0 Z EY1 SH AH0 N	ˌsɪŋkɹənəˈzeɪʃən
s/syncronize.txt	4	adj	synchronous	syncronus -ly	S IH1 NG K R AH0 N AH0 S	ˈsɪŋkɹənəs
s/strong.txt	3	adj	strongly	stròngly	S T R AO1 NG L IY0	ˈstɹɔŋli
s/solid.txt	1	adj, m n	solid	solid	S AA1 L AH0 D	ˈsɑləd
s/solid.txt	2	f n	solidarity	solidaretie, solidaretis	S AA2 L AH0 D EH1 R AH0 T IY0	ˌsɑləˈdɛɹəti
s/solid.txt	3	adj	solidary	solidairy		
s/solid.txt	4	v	solidify	to solidifae -s -d solidifyhing	S AH0 L IH1 D AH0 F AY2	səˈlɪdəˌfaɪ
s/solid.txt	5	f n	solidification	solidificâcion -s		
s/solid.txt	6	f n	solidity	soliditie, soliditis	S AH0 L IH1 D AH0 T IY0	səˈlɪdəti
s/spill.txt	1	intr irv	spill	to spille -s spilt -ing	S P IH1 L	ˈspɪl
s/spill.txt	2	tr v	spill	to spille -s -d -ing	S P IH1 L	ˈspɪl
s/spill.txt	3	m n	spill	spille, spills	S P IH1 L	ˈspɪl
s/spill.txt	4	m n	spillage	spillage -s	S P IH1 L IH0 JH	ˈspɪlɪdʒ
s/symbol.txt	1	m n	symbol	symbole, symbols	S IH1 M B AH0 L	ˈsɪmbəl
s/symbol.txt	2	v	symbolize	to symbolyse -s -d -ing	S IH1 M B AH0 L AY2 Z	ˈsɪmbəˌlaɪz
s/symbol.txt	3	adj	symbolic	symbolic	S IH0 M B AA1 L IH0 K	sɪmˈbɑlɪk
s/symbol.txt	4	m n	symbolism	symbolism	S IH1 M B AH0 L IH2 Z AH0 M	ˈsɪmbəˌlɪzəm
s/situate.txt	1	v	situate	to sițuait -s -ed -ing	S IH1 CH UW0 EY2 T	ˈsɪtʃuˌeɪt
s/situate.txt	2	f n	situation	sițuâcion -s	S IH2 CH UW0 EY1 SH AH0 N	ˌsɪtʃuˈeɪʃən
s/situate.txt	3	adj	situational	sițuâcional	S IH2 CH UW0 EY1 SH AH0 N AH0 L	ˌsɪtʃuˈeɪʃənəl
s/system.txt	1	m n	system	sistem -s	S IH1 S T AH0 M	ˈsɪstəm
s/system.txt	2	adj	systemic	sistemic	S IH0 S T EH1 M IH0 K	sɪˈstɛmɪk
s/system.txt	3	adj	systematic	sistematic	S IH2 S T AH0 M AE1 T IH0 K	ˌsɪstəˈmætɪk
s/system.txt	4	v	systematize	to sistematyse -s -d -ing		
s/system.txt	5	f n	systematization	sistematisâcion -s		
s/siege.txt	1	m n	siege	sige -s	S IY1 JH	ˈsidʒ
s/siege.txt	2	v	besiege	to besige -s -d -ing	B IH0 S IY1 JH	bɪˈsidʒ
s/shrink.txt	1	irv	shrink	to șrinc șrinc(s șrânc șronc șrinching	SH R IH1 NG K	ˈʃɹɪŋk
s/shrink.txt	2	m n	shrink	șrinc -s	SH R IH1 NG K	ˈʃɹɪŋk
s/science.txt	2	m n	scientist	cîentist -s	S AY1 AH0 N T IH0 S T	ˈsaɪəntɪst
s/science.txt	3	adj	scientific	cîentific -ly	S AY2 AH0 N T IH1 F IH0 K	ˌsaɪənˈtɪfɪk
s/steel.txt	1	m n	steel	stiele	S T IY1 L	ˈstil
s/steel.txt	2	v	steel	to stiele -s -d -ing	S T IY1 L	ˈstil
s/shoot.txt	1	irv	shoot	to seoute -s siot -ing	SH UW1 T	ˈʃut
s/shoot.txt	2	m n	shoot	seoute, seouts	SH UW1 T	ˈʃut
s/stupefy.txt	1	v	stupefy	to stupefae -s -d stupefyhing		
s/stupefy.txt	2	f n	stupefaction	stupefaccion -s		
s/stupefy.txt	3	adj	stupefactive	stupefactif		
s/synagogue.txt	1	m n	synagogue	synagog -s	S IH1 N AH0 G AO2 G	ˈsɪnəˌɡɔɡ
s/scissors.txt	1	m n	scissors	cisors	S IH1 Z ER0 Z	ˈsɪzɚz
s/scissors.txt	2	v	scissor	to cisere -s -d -ing	S IH1 Z ER0	ˈsɪzɚ
s/swear.txt	1	irv	swear	to sueire -s suore suorn sueiring	S W EH1 R	ˈswɛɹ
s/swear.txt	2	m n	swear	sueire, sueirs	S W EH1 R	ˈswɛɹ
s/suggest.txt	1	v	suggest	to soggeste -s -d -ing	S AH0 JH EH1 S T	səˈdʒɛst
s/suggest.txt	2	f n	suggestion	soggestion -s	S AH0 JH EH1 S CH AH0 N	səˈdʒɛstʃən
s/suggest.txt	3	adj	suggestive	soggestif -vly	S AH0 JH EH1 S T IH0 V	səˈdʒɛstɪv
s/sink.txt	1	irv	sink	to sinc sinc(s sânc sonc sinching	S IH1 NG K	ˈsɪŋk
s/sink.txt	2	m n	sink	sinc -s	S IH1 NG K	ˈsɪŋk
s/shriek.txt	1	v	shriek	to șreic -s șreiched șreiching	SH R IY1 K	ˈʃɹik
s/shriek.txt	2	m n	shriek	șreic, șreix	SH R IY1 K	ˈʃɹik
s/skirmish.txt	1	f n	scaramouche	scaramouçe -s		
s/skirmish.txt	1	f n	scaramouch	scaramouçe -s	S K AE1 R AH0 M AW2 CH	ˈskæɹəˌmaʊtʃ
s/skirmish.txt	2	m n	skirmish	schêmiçe -s	S K ER1 M IH0 SH	ˈskɝmɪʃ
s/skirmish.txt	3	v	skirmish	to schêmiçe -s -d -ing	S K ER1 M IH0 SH	ˈskɝmɪʃ
s/save.txt	1	v	save	to sâve -s -d -ing	S EY1 V	ˈseɪv
s/save.txt	2	prep	save	sâve	S EY1 V	ˈseɪv
s/save.txt	3	adj	saveable	sâvable -y -ness		
s/save.txt	4	m n	saver	sâver -s	S EY1 V ER0	ˈseɪvɚ
s/save.txt	5	m n	save	sâve -s	S EY1 V	ˈseɪv
s/save.txt	6	prep, conj	save	sâve	S EY1 V	ˈseɪv
s/save.txt	7	m n	savior	sâvior -s	S EY1 V Y ER0	ˈseɪvjɚ
s/seat.txt	1	m n	seat	seite, seits	S IY1 T	ˈsit
s/seat.txt	2	v	seat	to seite -s -d -ing	S IY1 T	ˈsit
s/slice.txt	1	v	slice	to slîce -s -d -ing	S L AY1 S	ˈslaɪs
s/slice.txt	2	m n	slice	slîce -s	S L AY1 S	ˈslaɪs
s/slice.txt	3	m n	slicer	slîçor -s	S L AY1 S ER0	ˈslaɪsɚ
s/sulfur.txt	1	m n	sulphur	sulfre	S AH1 L F ER0	ˈsʌlfɚ
s/sulfur.txt	1	m n	sulfur	sulfre	S AH1 L F ER0	ˈsʌlfɚ
s/sulfur.txt	2	adj	sulphuric	sulfúric		
s/sulfur.txt	2	adj	sulfuric	sulfúric	S AH0 L F Y UH1 R IH0 K	səlˈfjʊɹɪk
s/sulfur.txt	3	adj	sulphurous	sulfureus		
s/sulfur.txt	3	adj	sulfurous	sulfureus		
s/sanction.txt	1	f n	sanction	sânccion -s	S AE1 NG K SH AH0 N	ˈsæŋkʃən
s/sanction.txt	2	v	sanction	to sânccione -s -d -ing	S AE1 NG K SH AH0 N	ˈsæŋkʃən
s/soul.txt	1	adj, m n	soul	soale, soals	S OW1 L	ˈsoʊl
s/soul.txt	2	adj	soulful	soalful	S OW1 L F AH0 L	ˈsoʊlfəl
s/soul.txt	3	adj	soulless	soalless -ly -ness	S OW1 L L AH0 S	ˈsoʊlləs
s/Satan.txt	2	adj	satanic	satanic	S AH0 T AE1 N IH0 K	səˈtænɪk
s/shoal.txt	1	m n	shoal	seole, seols		
s/shoal.txt	2	v	shoal	to seole -s -d -ing		
s/shoal.txt	3	m n	shoal	sioale, sioals		
s/shoal.txt	4	v	shoal	to sioale -s -d -ing		
s/semetry.txt	1	m n	semetry	semetrie -is		
s/site.txt	2	v	site	to sîte -s -d -ing	S AY1 T	ˈsaɪt
s/spread.txt	1	irv	spread	to sprede -s spred -ing	S P R EH1 D	ˈspɹɛd
s/spread.txt	2	m n	spread	sprede, spreds	S P R EH1 D	ˈspɹɛd
s/scythe.txt	1	m n	scythe	sŷþ -s	S IH1 TH	ˈsɪθ
s/scythe.txt	1	m n	scythe	sŷþ -s	S AY1 TH	ˈsaɪθ
s/scythe.txt	2	v	scythe	to sŷþe -s -d -ing	S IH1 TH	ˈsɪθ
s/scythe.txt	2	v	scythe	to sŷþe -s -d -ing	S AY1 TH	ˈsaɪθ
s/scan.txt	1	v	scan	to scane -s -d -ing	S K AE1 N	ˈskæn
s/scan.txt	2	m n	scan	scane, scans	S K AE1 N	ˈskæn
s/scan.txt	3	m n	scanner	scaner -s	S K AE1 N ER0	ˈskænɚ
s/steep.txt	1	v	steep	to stipe -s -d -ing	S T IY1 P	ˈstip
s/steep.txt	2	m n	steep	stipe, stíps	S T IY1 P	ˈstip
s/steep.txt	3	adj	steep	stiep -ar -est	S T IY1 P	ˈstip
s/steep.txt	4	m n	steep	stiepe, stieps	S T IY1 P	ˈstip
s/steep.txt	5	m n	steeple	stieple,  stiepels	S T IY1 P AH0 L	ˈstipəl
s/skate.txt	1	m n	skate	scaite, scaîts	S K EY1 T	ˈskeɪt
s/skate.txt	2	v	skate	to scaite -s -d -ing	S K EY1 T	ˈskeɪt
s/skate.txt	3	m n	skater	scaiter -s	S K EY1 T ER0	ˈskeɪtɚ
s/skate.txt	4	m n	skateboard	scaîtbord -s	S K EY1 T B AO2 R D	ˈskeɪtˌbɔɹd
s/skate.txt	5	v	skateboard	to scaîtborde -s -d -ing	S K EY1 T B AO2 R D	ˈskeɪtˌbɔɹd
s/skate.txt	6	m n	skate	scâte, scâts	S K EY1 T	ˈskeɪt
s/stick.txt	1	irv	stick	to stic stic(s steuc -ing	S T IH1 K	ˈstɪk
s/stick.txt	2	m n	stick	stic, stix	S T IH1 K	ˈstɪk
s/slash.txt	1	v	slash	to slasce -s -d -ing	S L AE1 SH	ˈslæʃ
s/slash.txt	2	m n	slash	slasce -s	S L AE1 SH	ˈslæʃ
s/sauce.txt	3	m n	sausage	sauçage -s	S AO1 S AH0 JH	ˈsɔsədʒ
s/sauce.txt	3	m n	sausage	sauçage -s	S AO1 S IH0 JH	ˈsɔsɪdʒ
s/shade.txt	2	v	shade	to seade -s -d -ing	SH EY1 D	ˈʃeɪd
s/sacrifice.txt	1	m n	sacrifice	sacrifîce -s	S AE1 K R AH0 F AY2 S	ˈsækɹəˌfaɪs
s/sacrifice.txt	2	v	sacrifice	to sacrifîce -s -d -ing	S AE1 K R AH0 F AY2 S	ˈsækɹəˌfaɪs
s/sacrifice.txt	3	adj	sacred	sâcrid -ness	S EY1 K R AH0 D	ˈseɪkɹəd
s/sacrifice.txt	3	adj	sacred	sâcrid -ness	S EY1 K R IH0 D	ˈseɪkɹɪd
s/sacrifice.txt	5	adj	sacrilegious	sacriligeus -sly	S AE2 K R AH0 L EH1 JH IH0 S	ˌsækɹəˈlɛdʒɪs
s/specular.txt	1	adj	specular	specular		
s/specular.txt	2	f n	specularity	specularetie -is		
s/specular.txt	3	v	speculate	to speculait -s -ed -ing	S P EH1 K Y AH0 L EY2 T	ˈspɛkjəˌleɪt
s/specular.txt	4	f n	speculation	speculâcion -s	S P EH2 K Y AH0 L EY1 SH AH0 N	ˌspɛkjəˈleɪʃən
s/specular.txt	5	adj	speculative	speculatif -vly	S P EH1 K Y AH0 L AH0 T IH0 V	ˈspɛkjələtɪv
s/shore.txt	1	m n	shore	seore, seors	SH AO1 R	ˈʃɔɹ
s/shore.txt	2	v	shore	to seore -s -d -ing	SH AO1 R	ˈʃɔɹ
s/shore.txt	3	adv	ashore	aseor	AH0 SH AO1 R	əˈʃɔɹ
s/shore.txt	4	adv	inshore	inseor	IH1 N SH AO1 R	ˈɪnˈʃɔɹ
s/Scotland.txt	1	m n	Scotland	Scotland	S K AA1 T L AH0 N D	ˈskɑtlənd
s/Scotland.txt	2	adj	Scottish	scotisce	S K AA1 T IH0 SH	ˈskɑtɪʃ
s/Scotland.txt	3	m n	Scottish	Scotisce	S K AA1 T IH0 SH	ˈskɑtɪʃ
s/Scotland.txt	4	m n	Scot	scotte, scots	S K AA1 T	ˈskɑt
s/sibling.txt	1	adj, m n	sibling	sibling -s	S IH1 B L IH0 NG	ˈsɪblɪŋ
s/shoulder.txt	1	m n	shoulder	seoldre, seoldors	SH OW1 L D ER0	ˈʃoʊldɚ
s/shoulder.txt	2	v	shoulder	to seolder seoldre(s -d -ering	SH OW1 L D ER0	ˈʃoʊldɚ
s/sever.txt	1	v	sever	to sever sevre(s sevred severing	S EH1 V ER0	ˈsɛvɚ
s/sever.txt	2	m n	severance	sevrance -s	S EH1 V ER2 AH0 N S	ˈsɛˌvɝəns
s/sever.txt	2	m n	severance	sevrance -s	S EH1 V R AH0 N S	ˈsɛvɹəns
s/stall.txt	1	m n	stall	stalle, stalls	S T AO1 L	ˈstɔl
s/stall.txt	2	v	stall	to stalle -s -d -ing	S T AO1 L	ˈstɔl
s/support.txt	1	f n	support	soporte, sopórts	S AH0 P AO1 R T	səˈpɔɹt
s/support.txt	2	v	support	to soporte -s -d -ing	S AH0 P AO1 R T	səˈpɔɹt
s/support.txt	3	f n	supporter	soporteur -s	S AH0 P AO1 R T ER0	səˈpɔɹtɚ
s/support.txt	4	adj, adv	supportive	sopórtif -vly	S AH0 P AO1 R T IH0 V	səˈpɔɹtɪv
s/spare.txt	1	v	spare	to spaire -s -d -ing	S P EH1 R	ˈspɛɹ
s/stand.txt	1	irv	stand	to stande -s stôd -ing	S T AE1 N D	ˈstænd
s/sage.txt	2	m n	sage	saige	S EY1 JH	ˈseɪdʒ
s/subtle.txt	1	adj	subtle	sotil	S AH1 T AH0 L	ˈsʌtəl
s/subtle.txt	2	m n	subtlety	sotiltie, sotiltis	S AH1 T AH0 L T IY0	ˈsʌtəlti
s/smudge.txt	1	v	smudge	to smoge -s -d -ing	S M AH1 JH	ˈsmʌdʒ
s/smudge.txt	2	m n	smudge	smoge -s	S M AH1 JH	ˈsmʌdʒ
s/serve.txt	1	v	serve	to sêve -s -d -ing	S ER1 V	ˈsɝv
s/serve.txt	2	m n	serve	sêve -s	S ER1 V	ˈsɝv
s/serve.txt	4	m n	service	sêvice -s	S ER1 V AH0 S	ˈsɝvəs
s/serve.txt	4	m n	service	sêvice -s	S ER1 V IH0 S	ˈsɝvɪs
s/serve.txt	5	v	service	to sêvice -s -d -ing	S ER1 V AH0 S	ˈsɝvəs
s/serve.txt	5	v	service	to sêvice -s -d -ing	S ER1 V IH0 S	ˈsɝvɪs
s/strategy.txt	1	m n	strategy	strategie -is	S T R AE1 T AH0 JH IY0	ˈstɹætədʒi
s/strategy.txt	2	adj	strategic	stratígic -ly	S T R AH0 T IY1 JH IH0 K	stɹəˈtidʒɪk
s/strategy.txt	3	v	strategize	to strategyse -s -d -ing	S T R AE1 T AH0 JH AY0 Z	ˈstɹætədʒaɪz
s/strategy.txt	4	m n	strategist	strategist -s	S T R AE1 T IH0 JH IH0 S T	ˈstɹætɪdʒɪst
s/strange.txt	1	adj	strange	strânge strângiar strângest -ly	S T R EY1 N JH	ˈstɹeɪndʒ
s/strange.txt	2	m n	stranger	strânger -s	S T R EY1 N JH ER0	ˈstɹeɪndʒɚ
s/strange.txt	3	adj	extraneous	extrânieus -ly	EH0 K S T R EY1 N IY0 AH0 S	ɛkˈstɹeɪniəs
s/strange.txt	4	v	estrange	to estrânge -s -d -ing	EH0 S T R EY1 N JH	ɛˈstɹeɪndʒ
s/strange.txt	5	f n	estrangement	estrângement -s	IH0 S T R EY1 N JH M AH0 N T	ɪˈstɹeɪndʒmənt
s/shall.txt	1	modal, aux	shall	sial, seûd, sian't, seûdn't	SH AE1 L	ˈʃæl
s/shall.txt	1	modal, aux	should	sial, seûd, sian't, seûdn't	SH UH1 D	ˈʃʊd
s/shall.txt	1	modal, aux	shan't	sial, seûd, sian't, seûdn't		
s/shall.txt	1	modal, aux	shouldn't	sial, seûd, sian't, seûdn't	SH UH1 D AH0 N T	ˈʃʊdənt
s/speak.txt	1	irv	speak	to speic -s spóc spócan speiching	S P IY1 K	ˈspik
s/speak.txt	2	m n	speaker	speicor -s	S P IY1 K ER0	ˈspikɚ
s/speak.txt	3	m n	speech	speic̃e -s	S P IY1 CH	ˈspitʃ
s/scatter.txt	1	v	scatter	to scatir scatre(s scatred scatiring	S K AE1 T ER0	ˈskætɚ
s/scatter.txt	2	m n	scatter	scatre, scatirs	S K AE1 T ER0	ˈskætɚ
s/size.txt	1	m n	size	sîse -s	S AY1 Z	ˈsaɪz
s/size.txt	2	v	size	to sîse -s -d -ing	S AY1 Z	ˈsaɪz
s/submit.txt	1	v	submit	to sobmitte -s -d -ing	S AH0 B M IH1 T	səbˈmɪt
s/submit.txt	3	adj	submissive	sobmissif	S AH0 B M IH1 S IH0 V	səbˈmɪsɪv
s/submit.txt	4	f n	submittal	sobmittal -s		
s/sleep.txt	1	irv	sleep	to sliepe -s slaipt -ing	S L IY1 P	ˈslip
s/sleep.txt	2	m n	sleep	sliepe	S L IY1 P	ˈslip
s/sleep.txt	3	m n	sleeper	slieper -s	S L IY1 P ER0	ˈslipɚ
s/sleep.txt	4	m n	sleepover	sliepover -s	S L IY1 P OW2 V ER0	ˈsliˌpoʊvɚ
s/sleep.txt	5	adj	sleepy	sliepy -ily	S L IY1 P IY0	ˈslipi
s/sleep.txt	6	adj	sleepless	sliepless -ly	S L IY1 P L AH0 S	ˈslipləs
s/sleep.txt	7	adj, adv	asleep	asliepe	AH0 S L IY1 P	əˈslip
s/smash.txt	1	v	smash	to smasce -s -d -ing	S M AE1 SH	ˈsmæʃ
s/smash.txt	2	m n	smash	smasce -s	S M AE1 SH	ˈsmæʃ
s/sustain.txt	1	v	sustain	to sosteine -s -d -ing	S AH0 S T EY1 N	səˈsteɪn
s/sustain.txt	2	adj	sustainable	sostéinable -y	S AH0 S T EY1 N AH0 B AH0 L	səˈsteɪnəbəl
s/sustain.txt	3	f n	sustentation	sostentâcion -s		
s/sustain.txt	4	m n	sustenance	sostenance -s	S AH1 S T AH0 N AH0 N S	ˈsʌstənəns
s/sustain.txt	5	f n	sustainment	sostéinment -s		
s/seel.txt	1	v	seel	to cile -s -d -ing	S IY1 L	ˈsil
s/scooch.txt	1	v	scooch	to scouc̃e -s -d -ing		
s/serious.txt	1	adj	serious	sírieus -ly -ness	S IH1 R IY0 AH0 S	ˈsɪɹiəs
s/smell.txt	1	intr v	smell	to smelle -s smelt -ing	S M EH1 L	ˈsmɛl
s/smell.txt	2	tr v	smell	to smelle -s -d -ing	S M EH1 L	ˈsmɛl
s/smell.txt	3	m n	smell	smelle, smells	S M EH1 L	ˈsmɛl
s/smell.txt	4	adj	smelly	smelly	S M EH1 L IY0	ˈsmɛli
s/shop.txt	1	m n	shop	siope, siops	SH AA1 P	ˈʃɑp
s/shop.txt	2	v	shoppe	to siope -s -d -ing	SH AA1 P	ˈʃɑp
s/shop.txt	2	v	shop	to siope -s -d -ing	SH AA1 P	ˈʃɑp
s/sack.txt	1	m n	sack	sac -s	S AE1 K	ˈsæk
s/sack.txt	2	v	sack	to sac -s sached saching	S AE1 K	ˈsæk
s/sack.txt	3	m n	satchel	sac̃ele, sac̃els		
s/savor.txt	2	v	savor	to sâvore -s -d -ing	S EY1 V ER0	ˈseɪvɚ
s/savor.txt	3	adj	savory	sâvry	S EY1 V ER0 IY0	ˈseɪvɚi
s/savor.txt	4	m n	savory	sâvrie -is	S EY1 V ER0 IY0	ˈseɪvɚi
s/Sweden.txt	2	m n	Swedish	Suídisce	S W IY1 D IH0 SH	ˈswidɪʃ
s/Sweden.txt	3	adj	Swedish	suídisce	S W IY1 D IH0 SH	ˈswidɪʃ
s/stammer.txt	1	v	stammer	to stamere -s -d stamering	S T AE1 M ER0	ˈstæmɚ
s/stammer.txt	2	m n	stammer	stamere, stamirs	S T AE1 M ER0	ˈstæmɚ
s/set.txt	1	irv	set	to sete -s set -ing	S EH1 T	ˈsɛt
s/set.txt	2	adj	set	set	S EH1 T	ˈsɛt
s/set.txt	3	m n	set	sehte, sehts	S EH1 T	ˈsɛt
s/sluice.txt	1	m n	scluse	sluce -s		
s/sluice.txt	1	m n	sluice	sluce -s	S L UW1 S	ˈslus
s/sluice.txt	2	v	sluice	to sluce -s -d -ing	S L UW1 S	ˈslus
s/stealth.txt	1	m n	stealth	stailþ	S T EH1 L TH	ˈstɛlθ
s/stealth.txt	2	adj	stealthy	stailþy	S T EH1 L TH IY0	ˈstɛlθi
s/shah.txt	1	m n	shah	șahe, șaus	SH AA1	ˈʃɑ
s/sheer.txt	1	adj, m n	sheer	çire, çírs	SH IH1 R	ˈʃɪɹ
s/sheer.txt	2	v	sheer	to sciere -s -d -ing	SH IH1 R	ˈʃɪɹ
s/sheer.txt	3	m n	sheer	sciere, sciers	SH IH1 R	ˈʃɪɹ
s/shudder.txt	1	v	shudder	to șodir șodre(s șodred șodiring	SH AH1 D ER0	ˈʃʌdɚ
s/shudder.txt	2	m n	shudder	șodre, șodirs	SH AH1 D ER0	ˈʃʌdɚ
s/sell.txt	1	irv	sell	to selle -s soald -ing	S EH1 L	ˈsɛl
s/sell.txt	2	m n	sell	selle, sells	S EH1 L	ˈsɛl
s/salmon.txt	1	m n	salmon	samon	S AE1 M AH0 N	ˈsæmən
s/speed.txt	1	m n	speed	spiede, spieds	S P IY1 D	ˈspid
s/speed.txt	2	irv	speed	to spiede -s sped -ing	S P IY1 D	ˈspid
s/stress.txt	1	m n	stress	stress -es	S T R EH1 S	ˈstɹɛs
s/stress.txt	2	v	stress	to stresse -s -d -ing	S T R EH1 S	ˈstɹɛs
s/stress.txt	3	adj	stressful	stressful	S T R EH1 S F AH0 L	ˈstɹɛsfəl
s/stress.txt	4	m n	stressor	stressor -s	S T R EH1 S ER0	ˈstɹɛsɚ
s/serial.txt	1	adj, m n	serial	sírial -s	S IH1 R IY2 AH0 L	ˈsɪˌɹiəl
s/spouse.txt	1	m n	spouse	spôss -es	S P AW1 S	ˈspaʊs
s/sanitary.txt	1	adj	sanitary	sanitairy	S AE1 N IH0 T EH2 R IY0	ˈsænɪˌtɛɹi
s/sanitary.txt	2	f n	sanitation	sanitâcion	S AE2 N AH0 T EY1 SH AH0 N	ˌsænəˈteɪʃən
s/sanitary.txt	2	f n	sanitation	sanitâcion	S AE2 N IH0 T EY1 SH AH0 N	ˌsænɪˈteɪʃən
s/sanitary.txt	3	v	sanitize	to sanityse -s -d -ing	S AE1 N IH0 T AY2 Z	ˈsænɪˌtaɪz
s/sanitary.txt	4	m n	sanitizer	sanitysor -s		
s/smile.txt	1	v	smile	to smîle -s -d -ing	S M AY1 L	ˈsmaɪl
s/smile.txt	2	m n	smile	smîle, smîals	S M AY1 L	ˈsmaɪl
s/sock.txt	1	m n	sock	soc, sox	S AA1 K	ˈsɑk
s/sock.txt	2	v	sock	to soche soc(s -d -ing	S AA1 K	ˈsɑk
s/store.txt	1	v	store	to store -s -d -ing	S T AO1 R	ˈstɔɹ
s/store.txt	2	m n	store	store, stors	S T AO1 R	ˈstɔɹ
s/store.txt	3	m n	storage	storage -s	S T AO1 R AH0 JH	ˈstɔɹədʒ
s/store.txt	3	m n	storage	storage -s	S T AO1 R IH0 JH	ˈstɔɹɪdʒ
s/survey.txt	1	v	survey	to sorveie -s -d sorveying	S ER0 V EY1	sɚˈveɪ
s/survey.txt	1	v	survey	to sorveie -s -d sorveying	S ER1 V EY2	ˈsɝˌveɪ
s/survey.txt	2	m n	survey	sorveie, sorveys	S ER0 V EY1	sɚˈveɪ
s/survey.txt	2	m n	survey	sorveie, sorveys	S ER1 V EY2	ˈsɝˌveɪ
s/satisfy.txt	1	v	satisfy	to satisfae -s -d satisfyhing	S AE1 T AH0 S F AY2	ˈsætəˌsfaɪ
s/satisfy.txt	1	v	satisfy	to satisfae -s -d satisfyhing	S AE1 T IH0 S F AY2	ˈsætɪˌsfaɪ
s/satisfy.txt	3	adj	satisfactory	satisfàctory	S AE2 T AH0 S F AE1 K T R IY0	ˌsætəˈsfæktɹi
s/satisfy.txt	3	adj	satisfactory	satisfàctory	S AE2 T IH0 S F AE1 K T ER0 IY0	ˌsætɪˈsfæktɚi
s/senior.txt	1	m n	senior	síniore, síniors	S IY1 N Y ER0	ˈsinjɚ
s/senior.txt	2	adj	senior	sínior	S IY1 N Y ER0	ˈsinjɚ
s/senior.txt	3	f n	seniority	sinioretie -is	S IY0 N Y AO1 R IH0 T IY0	sinˈjɔɹɪti
s/squirm.txt	1	v	squirm	to squême -s -d -ing	S K W ER1 M	ˈskwɝm
s/squirm.txt	2	m n	squirm	squême, squêms	S K W ER1 M	ˈskwɝm
s/squirm.txt	3	adj	squirmy	squêmy -iar -iest		
s/storm.txt	2	v	storm	to storme -s -d -ing	S T AO1 R M	ˈstɔɹm
s/shelter.txt	1	m n	shelter	scelture, scelturs	SH EH1 L T ER0	ˈʃɛltɚ
s/shelter.txt	2	v	shelter	to scelture -s -d -ing	SH EH1 L T ER0	ˈʃɛltɚ
s/simple.txt	2	adv	simply	simply	S IH1 M P L IY0	ˈsɪmpli
s/simple.txt	3	f n	simplicity	simplicitie, simplicitis	S IH0 M P L IH1 S AH0 T IY0	sɪmˈplɪsəti
s/simple.txt	3	f n	simplicity	simplicitie, simplicitis	S IH0 M P L IH1 S IH0 T IY0	sɪmˈplɪsɪti
s/simple.txt	4	v	simplify	to simplifae -s -d simplifyhing	S IH1 M P L AH0 F AY2	ˈsɪmpləˌfaɪ
s/simple.txt	6	adj	simplistic	simplistic -ly	S IH0 M P L IH1 S T IH0 K	sɪmˈplɪstɪk
s/scent.txt	1	v	scent	to sente -s -d -ing	S EH1 N T	ˈsɛnt
s/scent.txt	2	m n	scent	sente, sents	S EH1 N T	ˈsɛnt
s/sovereign.txt	1	adj, m n	sovereign	sovran -s	S AA1 V R AH0 N	ˈsɑvɹən
s/sovereign.txt	2	m n	sovereignty	sovrantie -is	S AA1 V R AH0 N T IY0	ˈsɑvɹənti
s/splatter.txt	1	m n	splatter	splatre, splatirs	S P L AE1 T ER0	ˈsplætɚ
s/splatter.txt	2	v	splatter	to splatir splatre(s splatred splatiring	S P L AE1 T ER0	ˈsplætɚ
s/suture.txt	1	m n	suture	souțure, souțurs	S UW1 CH ER0	ˈsutʃɚ
s/suture.txt	2	v	suture	to souțure -s -d -ing	S UW1 CH ER0	ˈsutʃɚ
s/steppe.txt	1	m n	steppe	steppe, stèps	S T EH1 P	ˈstɛp
s/stern.txt	1	m n	stern	stêne, stêns	S T ER1 N	ˈstɝn
s/stern.txt	2	adj	stern	stirn	S T ER1 N	ˈstɝn
s/sickle.txt	1	m n	sickle	sicle, siculs	S IH1 K AH0 L	ˈsɪkəl
s/sail.txt	1	m n	sail	séile, séils	S EY1 L	ˈseɪl
s/sail.txt	2	v	sail	to séile -s -d -ing	S EY1 L	ˈseɪl
s/seed.txt	1	m n	seed	seide, seids	S IY1 D	ˈsid
s/seed.txt	2	v	seed	to seide -s -d -ing	S IY1 D	ˈsid
s/shun.txt	1	v	shun	to șone -s -d -ing	SH AH1 N	ˈʃʌn
s/shame.txt	2	adj	shameful	seameful	SH EY1 M F AH0 L	ˈʃeɪmfəl
s/shame.txt	3	adj	shameless	seameless -ly	SH EY1 M L AH0 S	ˈʃeɪmləs
s/shame.txt	4	v	shame	to seame -s -d -ing	SH EY1 M	ˈʃeɪm
s/school.txt	1	m n	school	scoule, scouls	S K UW1 L	ˈskul
s/school.txt	2	v	school	to scoule -s -d -ing	S K UW1 L	ˈskul
s/school.txt	3	m n	school	scoule, scouls	S K UW1 L	ˈskul
s/school.txt	4	v	school	to scoule -s -d -ing	S K UW1 L	ˈskul
s/surreal.txt	1	adj	surreal	sorríal	S ER0 IY1 L	sɚˈil
s/surreal.txt	2	f n	surrealism	sorríalism	S ER0 IY1 L IH0 Z AH0 M	sɚˈilɪzəm
s/surreal.txt	2	f n	surrealism	sorríalism	S ER0 IY1 AH0 L IH2 Z AH0 M	sɚˈiəˌlɪzəm
s/surreal.txt	3	f n	surrealist	sorríalist -s		
s/snack.txt	1	m n	snack	snac, snax	S N AE1 K	ˈsnæk
s/snack.txt	2	v	snack	to snac -s -hed -hing	S N AE1 K	ˈsnæk
s/schism.txt	1	m n	schism	schisme, schisms	S K IH1 Z AH0 M	ˈskɪzəm
s/sleet.txt	1	m n	sleet	sliete	S L IY1 T	ˈslit
s/sleet.txt	2	v	sleet	to sliete -s -d -ing	S L IY1 T	ˈslit
s/suit.txt	1	m n	suit	suite, súts	S UW1 T	ˈsut
s/suit.txt	2	v	suit	to sute -s -d -ing	S UW1 T	ˈsut
s/suit.txt	3	m n	suitcase	sútcaiss -es	S UW1 T K EY2 S	ˈsutˌkeɪs
s/suit.txt	4	adj	suitable	sútable	S UW1 T AH0 B AH0 L	ˈsutəbəl
s/suit.txt	5	f n	suitability	sutabilitie, sutabilitis	S UW2 T AH0 B IH1 L IH0 T IY0	ˌsutəˈbɪlɪti
s/snatch.txt	1	v	snatch	to snac̃e -s -d -ing	S N AE1 CH	ˈsnætʃ
s/snatch.txt	2	m n	snatch	snac̃e -s	S N AE1 CH	ˈsnætʃ
s/sweat.txt	1	v	sweat	to suète -s -d -ing	S W EH1 T	ˈswɛt
s/sweat.txt	2	m n	sweat	suète	S W EH1 T	ˈswɛt
s/shale.txt	1	m n	shale	seale	SH EY1 L	ˈʃeɪl
s/shire.txt	2	suffix	-shire	-scir	SH AY1 R	ˈʃaɪɹ
s/sour.txt	2	v	sour	to saûer saûre(s saûred saûering	S AW1 ER0	ˈsaʊɚ
s/sour.txt	2	v	sour	to saûer saûre(s saûred saûering	S AW1 R	ˈsaʊɹ
s/spoon.txt	1	m n	spoon	spoune, spouns	S P UW1 N	ˈspun
s/superstition.txt	1	f n	superstition	supersticion -s	S UW2 P ER0 S T IH1 SH AH0 N	ˌsupɚˈstɪʃən
s/superstition.txt	2	adj	superstitious	supersticeus	S UW2 P ER0 S T IH1 SH AH0 S	ˌsupɚˈstɪʃəs
s/shovel.txt	2	v	shovel	to siovele -s -d -ing	SH AH1 V AH0 L	ˈʃʌvəl
s/suspect.txt	2	v	suspect	to sospecte sospecs -d -ing	S AH0 S P EH1 K T	səˈspɛkt
s/suspect.txt	2	v	suspect	to sospecte sospecs -d -ing	S AH1 S P EH2 K T	ˈsʌˌspɛkt
s/suspect.txt	3	m n	suspect	sospect, sospecs	S AH0 S P EH1 K T	səˈspɛkt
s/suspect.txt	3	m n	suspect	sospect, sospecs	S AH1 S P EH2 K T	ˈsʌˌspɛkt
s/such.txt	1	adj, pron	such	soc̃	S AH1 CH	ˈsʌtʃ
s/soup.txt	1	m n	soup	soupe, soups	S UW1 P	ˈsup
s/soup.txt	2	adj	soupy	soupy	S UW1 P IY2	ˈsuˌpi
s/stride.txt	1	irv	stride	to strîde -s strode stridan -ing	S T R AY1 D	ˈstɹaɪd
s/stair.txt	1	m n	staircase	steircaiss -es	S T EH1 R K EY2 S	ˈstɛɹˌkeɪs
s/stair.txt	2	m n	stair	steire, steirs	S T EH1 R	ˈstɛɹ
s/shield.txt	1	m n	shield	sielde, sields	SH IY1 L D	ˈʃild
s/shield.txt	2	v	shield	to sielde -s -d -ing	SH IY1 L D	ˈʃild
s/Sinai.txt	1	m n	Sinai	Sînae	S AY1 N AY2	ˈsaɪˌnaɪ
s/sewer.txt	1	m n	sewer	súare, súars	S UW1 ER0	ˈsuɚ
s/sewer.txt	2	m n	sewerage	súarage -s	S UW1 ER0 IH0 JH	ˈsuɚɪdʒ
s/sewer.txt	3	m n	sewage	súage	S UW1 AH0 JH	ˈsuədʒ
s/sewer.txt	3	m n	sewage	súage	S UW1 IH0 JH	ˈsuɪdʒ
s/sewer.txt	4	v	sewage	to súage -s -d -ing	S UW1 AH0 JH	ˈsuədʒ
s/sewer.txt	4	v	sewage	to súage -s -d -ing	S UW1 IH0 JH	ˈsuɪdʒ
s/sing.txt	1	irv	sing	to singue sing(s sâng song singuing	S IH1 NG	ˈsɪŋ
s/sing.txt	2	m n	singer	singuer -s	S IH1 NG ER0	ˈsɪŋɚ
s/sarcasm.txt	1	m n	sarcasm	sarcasm	S AA1 R K AE2 Z AH0 M	ˈsɑɹˌkæzəm
s/sarcasm.txt	2	adj	sarcastic	sarcastic -ly	S AA0 R K AE1 S T IH0 K	sɑɹˈkæstɪk
s/swallow.txt	1	v	swallow	to suolaue -s -d -ing	S W AA1 L OW0	ˈswɑloʊ
s/swallow.txt	1	v	swallow	to suolaue -s -d -ing	S W AO1 L OW0	ˈswɔloʊ
s/swallow.txt	2	m n	swallow	sualo, sualos	S W AA1 L OW0	ˈswɑloʊ
s/swallow.txt	2	m n	swallow	sualo, sualos	S W AO1 L OW0	ˈswɔloʊ
s/soft.txt	1	adj	soft	soft -ness	S AA1 F T	ˈsɑft
s/soft.txt	1	adj	soft	soft -ness	S AO1 F T	ˈsɔft
s/soft.txt	2	adv	softly	soffly	S AO1 F T L IY0	ˈsɔftli
s/soft.txt	2	adv	softly	soffly	S AO1 F L IY0	ˈsɔfli
s/soft.txt	3	v	soften	to soffene -s -d -ing	S AA1 F AH0 N	ˈsɑfən
s/soft.txt	3	v	soften	to soffene -s -d -ing	S AO1 F AH0 N	ˈsɔfən
s/soar.txt	1	v	soar	to saure -s -d -ing	S AO1 R	ˈsɔɹ
s/sigh.txt	1	m n	sigh	syhe, syhs	S AY1	ˈsaɪ
s/sigh.txt	2	v	sigh	to syhe -s -d -ing	S AY1	ˈsaɪ
s/sputter.txt	1	v	sputter	to sputir sputre(s sputred sputiring	S P AH1 T ER0	ˈspʌtɚ
s/sputter.txt	2	m n	sputter	sputre, sputirs	S P AH1 T ER0	ˈspʌtɚ
s/since.txt	1	prep	since	since	S IH1 N S	ˈsɪns
s/sue.txt	1	v	sue	to súe -s -d -ing	S UW1	ˈsu
s/stew.txt	1	v	stew	to steue -s -d -ing	S T UW1	ˈstu
s/stew.txt	2	m n	stew	steue, steus	S T UW1	ˈstu
s/skewer.txt	1	m n	skiver	scuere, scúars	S K AY1 V ER0	ˈskaɪvɚ
s/skewer.txt	1	m n	skewer	scuere, scúars	S K Y UW1 ER0	ˈskjuɚ
s/skewer.txt	2	v	skewer	to scuere -s -d -ing	S K Y UW1 ER0	ˈskjuɚ
s/sort.txt	1	m n	sort	sorte, sorts	S AO1 R T	ˈsɔɹt
s/sort.txt	2	v	sort	to sorte -s -d -ing	S AO1 R T	ˈsɔɹt
s/seal.txt	1	m n	seal	sïele, sïels	S IY1 L	ˈsil
s/seal.txt	2	v	seal	to sïele -s -d -ing	S IY1 L	ˈsil
s/seal.txt	3	m n	seal	seile, seils	S IY1 L	ˈsil
s/seal.txt	4	v	seal	to seile -s -d -ing	S IY1 L	ˈsil
s/screw.txt	1	m n	screw	screue, screus	S K R UW1	ˈskɹu
s/screw.txt	2	v	screw	to screue -s -d -ing	S K R UW1	ˈskɹu
s/slay.txt	1	v	slay	to slaie -s -d slaying	S L EY1	ˈsleɪ
s/slay.txt	2	m n	slay	slaie, slays	S L EY1	ˈsleɪ
s/scheme.txt	1	m n	scheme	schime, schíms	S K IY1 M	ˈskim
s/scheme.txt	2	adj	schematic	schematic	S K IH0 M AE1 T IH0 K	skɪˈmætɪk
s/small.txt	1	adj, m n	small	small -ar -est	S M AO1 L	ˈsmɔl
s/small.txt	2	m n	smallness	smallness	S M AO1 L N AH0 S	ˈsmɔlnəs
s/slug.txt	1	m n	slug	slughe, slugs	S L AH1 G	ˈslʌɡ
s/slug.txt	2	v	slug	to slughe slug(s -d -ing	S L AH1 G	ˈslʌɡ
s/sherbet.txt	1	m n	sherbet	şerbete, şerbets	SH ER1 B AH0 T	ˈʃɝbət
s/slake.txt	1	v	slake	to slaic -s slaiched slaiching		
s/surrender.txt	1	v	surrender	to sorrender sorrendre(s -d -ering	S ER0 EH1 N D ER0	sɚˈɛndɚ
s/surrender.txt	2	f n	surrender	sorrendre	S ER0 EH1 N D ER0	sɚˈɛndɚ
s/stun.txt	1	v	stun	to stone -s -d -ing	S T AH1 N	ˈstʌn
s/studio.txt	1	m n	studio	stúdio -s	S T UW1 D IY0 OW2	ˈstudiˌoʊ
s/shake.txt	1	irv	shake	to seaic -s seôc seacan seaching	SH EY1 K	ˈʃeɪk
s/shake.txt	2	m n	shake	seâc, seaix	SH EY1 K	ˈʃeɪk
s/surface.txt	2	v	surface	to surface -s -d -ing	S ER1 F AH0 S	ˈsɝfəs
s/sow.txt	1	irv	sow	to soaue -s -d soan soauing	S AW1	ˈsaʊ
s/sow.txt	1	irv	sow	to soaue -s -d soan soauing	S OW1	ˈsoʊ
s/sow.txt	2	m n	sow	sôe, sôus	S AW1	ˈsaʊ
s/sow.txt	2	m n	sow	sôe, sôus	S OW1	ˈsoʊ
s/soccer.txt	1	m n	socca	soccre		
s/soccer.txt	1	m n	socker	soccre		
s/soccer.txt	1	m n	soccer	soccre	S AA1 K ER0	ˈsɑkɚ
s/sure.txt	1	adj	sure	seure -ly	SH UH1 R	ˈʃʊɹ
s/sure.txt	2	adj	surefire	seurefŷr		
s/sure.txt	3	v	ensure	to enseure -s -d -ing	EH0 N SH UH1 R	ɛnˈʃʊɹ
s/sure.txt	3	v	ensure	to enseure -s -d -ing	IH0 N SH UH1 R	ɪnˈʃʊɹ
s/secular.txt	1	adj	secular	secular	S EH1 K Y AH0 L ER0	ˈsɛkjəlɚ
s/secular.txt	2	f n	secularity	secularetie -is		
s/secular.txt	3	m n	secularism	secularism	S EH1 K Y AH0 L ER0 IH2 Z AH0 M	ˈsɛkjəlɚˌɪzəm
s/secular.txt	4	m n	secularist	secularist -s	S EH1 K Y AH0 L ER0 IH0 S T	ˈsɛkjəlɚɪst
s/secular.txt	5	f n	secularization	secularisâcion -s		
s/secular.txt	6	v	secularize	to secularyse -s -d -ing		
s/slumber.txt	1	v	slumber	to slombir slombre(s slombred slombiring	S L AH1 M B ER0	ˈslʌmbɚ
s/slumber.txt	2	m n	slumber	slombre	S L AH1 M B ER0	ˈslʌmbɚ
s/soil.txt	1	v	soil	to souile -s -d -ing	S OY1 L	ˈsɔɪl
s/soil.txt	2	m n	soil	souile, soyels	S OY1 L	ˈsɔɪl
s/slender.txt	1	adj	slender	slendre	S L EH1 N D ER0	ˈslɛndɚ
s/strain.txt	1	v	strain	to straine -s -d -ing	S T R EY1 N	ˈstɹeɪn
s/strain.txt	2	m n	strain	straine, straîns	S T R EY1 N	ˈstɹeɪn
s/strain.txt	3	m n	strainer	strainer -s		
s/strain.txt	4	m n	strain	streine, streins	S T R EY1 N	ˈstɹeɪn
s/sear.txt	1	v	sear	to síre -s -d -ing	S IH1 R	ˈsɪɹ
s/sear.txt	2	m n	sear	síre, sírs	S IH1 R	ˈsɪɹ
s/superior.txt	2	f n	superiority	supirioretie -is	S UW2 P IH0 R IY0 AO1 R IH0 T IY0	ˌsupɪɹiˈɔɹɪti
s/sorcery.txt	1	m n	sorcery	sorcerie -is	S AO1 R S ER0 IY0	ˈsɔɹsɚi
s/sorcery.txt	2	m n	sorcerer	sorceror -s	S AO1 R S ER0 ER0	ˈsɔɹsɚɚ
s/sorcery.txt	3	m n	sorceress	sorceress -es		
s/saint.txt	1	m n	saint	sânte, sânts	S EY1 N T	ˈseɪnt
s/shoe.txt	1	m n	shoe	seue, seus	SH UW1	ˈʃu
s/shoe.txt	2	m n	shoelace	seulaice -s	SH UW1 L EY2 S	ˈʃuˌleɪs
s/Sunday.txt	1	m n	Sunday	Sonndaie, Sonndays	S AH1 N D EY2	ˈsʌnˌdeɪ
s/Sunday.txt	1	m n	Sunday	Sonndaie, Sonndays	S AH1 N D IY2	ˈsʌnˌdi
s/stalk.txt	2	v	stalk	to stauche stauc(s -d -ing	S T AO1 K	ˈstɔk
s/stalk.txt	3	v	stalk	to stauche stauc(s -d -ing	S T AO1 K	ˈstɔk
s/sound.txt	1	m n	sound	sônde, sônds	S AW1 N D	ˈsaʊnd
s/sound.txt	2	v	sound	to sônde -s -d -ing	S AW1 N D	ˈsaʊnd
s/sound.txt	3	adj	sound	saûnd	S AW1 N D	ˈsaʊnd
s/sound.txt	4	m n	sound	saûnde, saûnds	S AW1 N D	ˈsaʊnd
s/sore.txt	3	m n	soreness	soreness		
s/stave.txt	1	m n	stave	stâve -s	S T EY1 V	ˈsteɪv
s/stave.txt	2	v	stave	to stâve -s -d -ing	S T EY1 V	ˈsteɪv
s/steam.txt	2	v	steam	to stieme -s -d -ing	S T IY1 M	ˈstim
s/steam.txt	3	adj	steamy	stiemy	S T IY1 M IY0	ˈstimi
s/silence.txt	1	adj	silent	sîlent -ly	S AY1 L AH0 N T	ˈsaɪlənt
s/silence.txt	3	v	silence	to sîlence -s -d -ing	S AY1 L AH0 N S	ˈsaɪləns
s/Spain.txt	1	m n	Spanish	Spanisce	S P AE1 N IH0 SH	ˈspænɪʃ
s/Spain.txt	2	adj	Spanish	spanisce	S P AE1 N IH0 SH	ˈspænɪʃ
s/Spain.txt	3	m n	Spain	Spaine	S P EY1 N	ˈspeɪn
s/Spain.txt	4	m n	Spaniard	spañard -s	S P AE1 N Y ER0 D	ˈspænjɚd
s/strawberry.txt	1	m n	strawberry	strauberrie -is	S T R AO1 B EH2 R IY0	ˈstɹɔˌbɛɹi
s/secret.txt	2	m n	secrecy	sícrecie -is	S IY1 K R AH0 S IY0	ˈsikɹəsi
s/secret.txt	3	m n	secretary	secretairy, secretarie -is	S EH1 K R AH0 T EH2 R IY0	ˈsɛkɹəˌtɛɹi
s/secret.txt	4	adj	secretive	sícretif -vly -ness	S IY1 K R AH0 T IH0 V	ˈsikɹətɪv
s/skew.txt	1	v	skew	to scue -s -d -ing	S K Y UW1	ˈskju
s/succeed.txt	1	v	succeed	to soccide -s -d -ing	S AH0 K S IY1 D	səkˈsid
s/succeed.txt	3	adj	successive	soccessif	S AH0 K S EH1 S IH0 V	səkˈsɛsɪv
s/succeed.txt	4	f n	success	soccesse -s	S AH0 K S EH1 S	səkˈsɛs
s/secure.txt	1	adj	secure	secúr -ly	S IH0 K Y UH1 R	sɪˈkjʊɹ
s/secure.txt	2	v	secure	to secure -s -d -ing	S IH0 K Y UH1 R	sɪˈkjʊɹ
s/secure.txt	3	adj	securable	secúrable		
s/secure.txt	4	adj, f n	security	securetie -is	S IH0 K Y UH1 R AH0 T IY0	sɪˈkjʊɹəti
s/seam.txt	2	v	seam	to seime -s -d -ing	S IY1 M	ˈsim
s/scroll.txt	1	m n	scroll	scrole, scrols	S K R OW1 L	ˈskɹoʊl
s/scroll.txt	2	v	scroll	to scrole -s -d -ing	S K R OW1 L	ˈskɹoʊl
s/South-Carolina.txt	1	f n	South Carolina	Sôuþ Carolîna	S AW1 TH K EH2 R AH0 L AY1 N AH0	ˈsaʊθˌkɛɹəˈlaɪnə
s/South-Carolina.txt	2	adj, f n	South Carolinian	sôuþ carolïnian -s	S AW1 TH K EH2 R OW0 L IH1 N IY0 AH0 N	ˈsaʊθˌkɛɹoʊˈlɪniən
s/surprise.txt	1	v	surprise	to soprîse -s -d -ing	S ER0 P R AY1 Z	sɚˈpɹaɪz
s/surprise.txt	1	v	surprise	to soprîse -s -d -ing	S AH0 P R AY1 Z	səˈpɹaɪz
s/son.txt	1	m n	son	sone, sons	S AH1 N	ˈsʌn
s/son.txt	2	m n	sonnie	sonie, sonis		
s/son.txt	2	m n	sonny	sonie, sonis	S AH1 N IY0	ˈsʌni
s/smoke.txt	1	m n	smoke	smoque	S M OW1 K	ˈsmoʊk
s/smoke.txt	2	v	smoke	to smoque smoac(s -d -ing	S M OW1 K	ˈsmoʊk
s/smoke.txt	3	adj	smoky	smoachy	S M OW1 K IY0	ˈsmoʊki
s/shag.txt	1	m n	shag	siague, siags	SH AE1 G	ˈʃæɡ
s/shag.txt	2	v	shag	to siague siag(s -d -ing	SH AE1 G	ˈʃæɡ
s/shag.txt	3	adj	shaggy	siaghy	SH AE1 G IY0	ˈʃæɡi
s/specific.txt	1	adj, f n	specific	specific -s -ly	S P AH0 S IH1 F IH0 K	spəˈsɪfɪk
s/specific.txt	1	adj, f n	specific	specific -s -ly	S P IH0 S IH1 F IH0 K	spɪˈsɪfɪk
s/specific.txt	2	f n	specification	specificâcion -s	S P EH2 S IH0 F IH0 K EY1 SH AH0 N	ˌspɛsɪfɪˈkeɪʃən
s/specific.txt	3	f n	specificity	specificitie -is	S P EH2 S AH0 F IH1 S AH0 T IY0	ˌspɛsəˈfɪsəti
s/specific.txt	4	v	specify	to specifae -s -d specifyhing	S P EH1 S AH0 F AY2	ˈspɛsəˌfaɪ
s/specific.txt	5	adj	specifiable	specifîable		
s/seize.txt	1	v	seize	to seise -s -d -ing	S IY1 Z	ˈsiz
s/seize.txt	2	m n	seizure	seișure, seișurs	S IY1 ZH ER0	ˈsiʒɚ
s/slather.txt	1	v	slather	to slaþer slaþre(s slaþred slaþering	S L AE1 DH ER0	ˈslæðɚ
s/slather.txt	2	m n	slather	slaþre	S L AE1 DH ER0	ˈslæðɚ
s/squire.txt	1	m n	squire	squîre, squîars	S K W AY1 R	ˈskwaɪɹ
s/squire.txt	2	v	squire	to squîer squîre(s squîred squîering	S K W AY1 R	ˈskwaɪɹ
s/subject.txt	1	m n	subject	sobject, sobjecs	S AH0 B JH EH1 K T	səbˈdʒɛkt
s/subject.txt	1	m n	subject	sobject, sobjecs	S AH1 B JH IH0 K T	ˈsʌbdʒɪkt
s/subject.txt	2	v	subject	to sobjecte sobjecs -d -ing	S AH0 B JH EH1 K T	səbˈdʒɛkt
s/subject.txt	2	v	subject	to sobjecte sobjecs -d -ing	S AH1 B JH IH0 K T	ˈsʌbdʒɪkt
s/subject.txt	3	adj, adv	subject	sobject	S AH0 B JH EH1 K T	səbˈdʒɛkt
s/subject.txt	3	adj, adv	subject	sobject	S AH1 B JH IH0 K T	ˈsʌbdʒɪkt
s/subject.txt	4	adj	subjective	sobjectif	S AH0 B JH EH1 K T IH0 V	səbˈdʒɛktɪv
s/Sikh.txt	1	adj, m n	Sikh	sique, sícs	S IY1 K	ˈsik
s/shift.txt	1	v	shift	to scifte -s -d -ing	SH IH1 F T	ˈʃɪft
s/shift.txt	2	m n	shift	scifte, scifts	SH IH1 F T	ˈʃɪft
s/spur.txt	1	m n	spur	spoure, spours	S P ER1	ˈspɝ
s/spur.txt	2	v	spur	to spoure -s -d -ing	S P ER1	ˈspɝ
s/soot.txt	1	m n	soot	sûte, sûts	S UH1 T	ˈsʊt
s/soot.txt	2	v	soot	sûte -s -d -ing	S UH1 T	ˈsʊt
s/spank.txt	1	v	spank	to spânque spânc(s -d -ing	S P AE1 NG K	ˈspæŋk
s/spank.txt	2	m n	spank	spânc -s	S P AE1 NG K	ˈspæŋk
s/supreme.txt	1	adj, f n	supreme	soprime, sopríms	S AH0 P R IY1 M	səˈpɹim
s/supreme.txt	1	adj, f n	supreme	soprime, sopríms	S ER0 P R IY1 M	sɚˈpɹim
s/supreme.txt	2	f n	supremacy	soprèmacie, soprèmacis	S AH0 P R EH1 M AH0 S IY0	səˈpɹɛməsi
s/supreme.txt	3	f n	supremacist	soprèmacist -s	S UW0 P R EH1 M AH0 S IH0 S T	suˈpɹɛməsɪst
s/special.txt	2	m n	specialism	specialism -s		
s/special.txt	3	m n	specialist	specialist -s	S P EH1 SH AH0 L AH0 S T	ˈspɛʃələst
s/special.txt	3	m n	specialist	specialist -s	S P EH1 SH AH0 L IH0 S T	ˈspɛʃəlɪst
s/special.txt	4	adj, m n	special	special -s -ly	S P EH1 SH AH0 L	ˈspɛʃəl
s/special.txt	5	m n	speciality	specialtie -is	S P EH2 SH IY0 AE1 L IH0 T IY0	ˌspɛʃiˈælɪti
s/special.txt	5	m n	specialty	specialtie -is	S P EH1 SH AH0 L T IY0	ˈspɛʃəlti
s/special.txt	5	m n	specialty	specialtie -is	S P EY1 SH AH0 L T IY0	ˈspeɪʃəlti
s/special.txt	6	v	specialise	to specialyse -s -d -ing		
s/special.txt	6	v	specialize	to specialyse -s -d -ing	S P EH1 SH AH0 L AY2 Z	ˈspɛʃəˌlaɪz
s/special.txt	7	f n	specialization	specialisâcion -s	S P EH2 SH AH0 L AH0 Z EY1 SH AH0 N	ˌspɛʃələˈzeɪʃən
s/stoop.txt	1	v	stoop	to stoupe -s -d -ing	S T UW1 P	ˈstup
s/stoop.txt	2	m n	stoop	stoupe, stoups	S T UW1 P	ˈstup
s/severe.txt	2	adv	severely	sevirely	S AH0 V IH1 R L IY0	səˈvɪɹli
s/severe.txt	3	f n	severity	seviretie -is	S IH0 V EH1 R IH0 T IY0	sɪˈvɛɹɪti
s/submarine.txt	1	adj, f n	sub + marine	sobmarine, sobmaríns		
s/submarine.txt	1	adj, f n	submarine	sobmarine, sobmaríns	S AH1 B M ER0 IY2 N	ˈsʌbmɚˌin
s/submarine.txt	1	adj, f n	submarine	sobmarine, sobmaríns	S AH2 B M ER0 IY1 N	ˌsʌbmɚˈin
s/submarine.txt	2	m n	sub	sub -s	S AH1 B	ˈsʌb
s/snake.txt	2	v	snake	to snaic -s snaiched snaiching	S N EY1 K	ˈsneɪk
s/stumble.txt	1	v	stumble	to stomble -s -d -ing	S T AH1 M B AH0 L	ˈstʌmbəl
s/stumble.txt	2	m n	stumble	stomble, stombels	S T AH1 M B AH0 L	ˈstʌmbəl
s/spectate.txt	1	v	spectate	to spectait -s -ed -ing		
s/spectate.txt	2	m n	spectator	spectaitor -s	S P EH1 K T EY0 T ER0	ˈspɛkteɪtɚ
s/squid.txt	1	m n	squid	scuide, scuids	S K W IH1 D	ˈskwɪd
s/say.txt	1	irv	say	to saie sais said saying	S EY1	ˈseɪ
s/say.txt	2	m n	say	saie, says	S EY1	ˈseɪ
s/steak.txt	1	m n	steak	stéic, stéix	S T EY1 K	ˈsteɪk
s/slough.txt	1	m n	slough	slofhe, slofhs	S L AH1 F	ˈslʌf
s/slough.txt	1	m n	sluff	slofhe, slofhs		
s/slough.txt	2	v	slough	to slofhe -s -d -ing	S L AH1 F	ˈslʌf
s/slough.txt	2	v	sluff	to slofhe -s -d -ing		
s/slough.txt	4	v	slough	to slôe -s -d slôuing	S L AH1 F	ˈslʌf
s/study.txt	1	m n	study	studie, studis	S T AH1 D IY0	ˈstʌdi
s/study.txt	2	v	study	to studie -s -d studying	S T AH1 D IY0	ˈstʌdi
s/stagnate.txt	1	v	stagnate	to stagnait -s -ed -ing	S T AE1 G N EY2 T	ˈstæɡˌneɪt
s/stagnate.txt	2	f n	stagnation	stagnâcion -s	S T AE0 G N EY1 SH AH0 N	stæɡˈneɪʃən
s/swirl.txt	1	m n	swirl	suirele, suirels	S W ER1 L	ˈswɝl
s/swirl.txt	2	v	swirl	to suirele -s -d -ing	S W ER1 L	ˈswɝl
s/swirl.txt	3	adj	swirly	suirely		
s/statue.txt	1	m n	statue	stațue, stațuis	S T AE1 CH UW2	ˈstæˌtʃu
s/statue.txt	2	adj	statuesque	stațuesque	S T AE2 CH UW0 EH1 S K	ˌstætʃuˈɛsk
s/statue.txt	3	m n	statuary	stațuarie, stațuaris	S T AE1 CH UW0 EH2 R IY0	ˈstætʃuˌɛɹi
s/stutter.txt	1	v	stutter	to stutir stutre(s stutred stutiring	S T AH1 T ER0	ˈstʌtɚ
s/stutter.txt	2	m n	stutter	stutre, stutirs	S T AH1 T ER0	ˈstʌtɚ
s/style.txt	1	m n	style	stîle, stîels	S T AY1 L	ˈstaɪl
s/style.txt	2	v	style	to stîle -s -d -ing	S T AY1 L	ˈstaɪl
s/scourge.txt	2	v	scourge	to scourge -s -d -ing	S K ER1 JH	ˈskɝdʒ
s/stone.txt	1	adj, m n	stone	stone, stoans	S T OW1 N	ˈstoʊn
s/stone.txt	2	v	stone	to stone -s -d -ing	S T OW1 N	ˈstoʊn
s/shine.txt	1	irv	shine	to scîne -s sione -ing	SH AY1 N	ˈʃaɪn
s/shine.txt	2	tr v	shine	to scîne -s -d -ing	SH AY1 N	ˈʃaɪn
s/shine.txt	3	m n	shine	scîne, scîns	SH AY1 N	ˈʃaɪn
s/shine.txt	4	adj	shiny	scîny -iness	SH AY1 N IY0	ˈʃaɪni
s/shut.txt	1	irv	shut	to șute -s șut șuting	SH AH1 T	ˈʃʌt
s/shut.txt	2	adj	shut	șut	SH AH1 T	ˈʃʌt
s/shut.txt	3	m n	shutter	șutor -s	SH AH1 T ER0	ˈʃʌtɚ
s/step.txt	1	v	step	to stepe -s -d -ing	S T EH1 P	ˈstɛp
s/step.txt	2	m n	step	stepe, steps	S T EH1 P	ˈstɛp
s/scene.txt	1	m n	scene	ceine, ceins	S IY1 N	ˈsin
s/scene.txt	2	m n	scenery	ceinerie -is	S IY1 N ER0 IY0	ˈsinɚi
s/scene.txt	3	adj	scenic	ceinic	S IY1 N IH0 K	ˈsinɪk
s/secrete.txt	1	f n	secretion	secrícion -s	S AH0 K R IY1 SH AH0 N	səˈkɹiʃən
s/secrete.txt	2	adj	secretionary	secrícionairy		
s/secrete.txt	3	v	secrete	to secrite -s -d -ing	S IH0 K R IY1 T	sɪˈkɹit
s/sweep.txt	1	irv	sweep	to suiepe -s suaipt -ing	S W IY1 P	ˈswip
s/sweep.txt	2	m n	sweep	suiepe, suieps	S W IY1 P	ˈswip
s/search.txt	1	v	search	to cerc̃e -s -d -ing	S ER1 CH	ˈsɝtʃ
s/search.txt	2	m n	search	cerc̃e -s	S ER1 CH	ˈsɝtʃ
s/search.txt	3	adj	searchable	cerc̃able -y		
s/search.txt	4	m n	searchlight	cerc̃e loihte, cerc̃e loihts	S ER1 CH L AY2 T	ˈsɝtʃˌlaɪt
s/smog.txt	1	m n	smoke	smogue, smogs	S M OW1 K	ˈsmoʊk
s/smog.txt	1	m n	fog	smogue, smogs	F AA1 G	ˈfɑɡ
s/smog.txt	1	m n	fog	smogue, smogs	F AO1 G	ˈfɔɡ
s/smog.txt	1	m n	smog	smogue, smogs	S M AA1 G	ˈsmɑɡ
s/strength.txt	1	m n	strength	strengþ -s	S T R EH1 NG K TH	ˈstɹɛŋkθ
s/strength.txt	1	m n	strength	strengþ -s	S T R EH1 NG TH	ˈstɹɛŋθ
s/sister.txt	1	m n	sister	sistre, sistors	S IH1 S T ER0	ˈsɪstɚ
s/shoat.txt	1	m n	shoat	seote, seots		
s/slave.txt	2	v	slave	to slâve -s -d -ing	S L EY1 V	ˈsleɪv
s/slave.txt	3	m n	slavery	slâvrie, slâvris	S L EY1 V ER0 IY0	ˈsleɪvɚi
s/sense.txt	1	m n	sense	sense -s	S EH1 N S	ˈsɛns
s/sense.txt	2	v	sense	to sense -s -d -ing	S EH1 N S	ˈsɛns
s/sense.txt	3	adj	senseless	senseless -ness -ly	S EH1 N S L AH0 S	ˈsɛnsləs
s/sense.txt	4	adj	sensitive	sensitif -vly	S EH1 N S AH0 T IH0 V	ˈsɛnsətɪv
s/sense.txt	4	adj	sensitive	sensitif -vly	S EH1 N S IH0 T IH0 V	ˈsɛnsɪtɪv
s/sense.txt	5	f n	sensitivity	sensitivitie -is	S EH2 N S IH0 T IH1 V IH0 T IY0	ˌsɛnsɪˈtɪvɪti
s/sense.txt	7	f n	sensuality	senșualetie -is	S EH2 N SH UW2 AE1 L AH0 T IY2	ˌsɛnˌʃuˈæləˌti
s/sense.txt	8	m n	sensor	sensor -s	S EH1 N S ER0	ˈsɛnsɚ
s/sense.txt	9	adj	sensory	sensory	S EH1 N S ER0 IY0	ˈsɛnsɚi
s/sense.txt	11	adj	sensational	sensâcional	S EH0 N S EY1 SH AH0 N AH0 L	sɛnˈseɪʃənəl
s/sense.txt	12	v	sensationalize	to sensâcionalyse -s -d -ing	S EH0 N S EY2 SH AH0 N AH0 L AY1 Z	sɛnˌseɪʃənəˈlaɪz
s/spire.txt	2	v	spire	to spîer spîre(s spîred spîering	S P AY1 R	ˈspaɪɹ
s/spoke.txt	1	m n	spoke	spoac, spoax	S P OW1 K	ˈspoʊk
s/spiral.txt	2	v	spiral	to spîrale -s -d -ing	S P AY1 R AH0 L	ˈspaɪɹəl
s/strut.txt	1	v	strut	to streute -s -d -ing	S T R AH1 T	ˈstɹʌt
s/strut.txt	2	m n	strut	streute, streuts	S T R AH1 T	ˈstɹʌt
s/snare.txt	1	v	snare	to snaire -s -d -ing	S N EH1 R	ˈsnɛɹ
s/snare.txt	2	m n	snare	snaire, snairs	S N EH1 R	ˈsnɛɹ
s/surmise.txt	1	v	surmise	to sormîse -s -d -ing	S ER0 M AY1 Z	sɚˈmaɪz
s/Saturday.txt	1	m n	Saturday	Saturdaie, Saturdays	S AE1 T ER0 D IY0	ˈsætɚdi
s/Saturday.txt	1	m n	Saturday	Saturdaie, Saturdays	S AE1 T IH2 D EY2	ˈsæˌtɪˌdeɪ
s/shout.txt	1	m n	shout	siôute, siôuts	SH AW1 T	ˈʃaʊt
s/shout.txt	2	v	shout	to siôute -s -d -ing	SH AW1 T	ˈʃaʊt
s/swatch.txt	1	m n	swatch	suac̃he -s	S W AA1 CH	ˈswɑtʃ
s/strive.txt	1	v	strive	to strîve -s -d -ing	S T R AY1 V	ˈstɹaɪv
s/strive.txt	2	m n	strife	strîfe	S T R AY1 F	ˈstɹaɪf
s/station.txt	1	m n	station	stâcion -s	S T EY1 SH AH0 N	ˈsteɪʃən
s/station.txt	2	v	station	to stâcione -s -d -ing	S T EY1 SH AH0 N	ˈsteɪʃən
s/station.txt	3	adj	stationary	stâcionairy	S T EY1 SH AH0 N EH2 R IY0	ˈsteɪʃəˌnɛɹi
s/station.txt	4	m n	stationery wares	stâcionarie, stâcionaris	S T EY1 SH AH0 N EH2 R IY0 W EH1 R Z	ˈsteɪʃəˌnɛɹiˈwɛɹz
s/shuck.txt	1	m n	shuck	seuc, seux	SH AH1 K	ˈʃʌk
s/shuck.txt	2	v	shuck	to seuc -s seuched seuching	SH AH1 K	ˈʃʌk
s/straight.txt	2	m n	straight	streihte, streihts	S T R EY1 T	ˈstɹeɪt
s/straight.txt	3	v	straighten	to streitene -s -d -ing	S T R EY1 T AH0 N	ˈstɹeɪtən
s/straight.txt	6	m n	strait-jacket	streit-jaquet -s	S T R EY1 T JH AE1 K AH0 T	ˈstɹeɪtˈdʒækət
s/straight.txt	7	adj	strait-laced	streit-lâced	S T R EY1 T L EY1 S T	ˈstɹeɪtˈleɪst
s/scandal.txt	1	m n	scandal	scandle, scandals	S K AE1 N D AH0 L	ˈskændəl
s/scandal.txt	2	adj	scandalous	scandalus	S K AE1 N D AH0 L AH0 S	ˈskændələs
s/scandal.txt	3	v	scandalize	to scandalyse -s -d -ing	S K AE1 N D AH0 L AY2 Z	ˈskændəˌlaɪz
s/spook.txt	2	v	spook	to spouche spouc(s -d -ing	S P UW1 K	ˈspuk
s/star.txt	1	m n	star	starre, stars	S T AA1 R	ˈstɑɹ
s/star.txt	2	v	star	to starre star(s starred starring	S T AA1 R	ˈstɑɹ
s/swerve.txt	1	v	swerve	to suêve -s -d -ing	S W ER1 V	ˈswɝv
s/swerve.txt	2	m n	swerve	suêve -s	S W ER1 V	ˈswɝv
s/square.txt	1	m n, adj, adv	square	squâre, squârs	S K W EH1 R	ˈskwɛɹ
s/square.txt	2	v	square	to squâre -s -d -ing	S K W EH1 R	ˈskwɛɹ
s/signify.txt	1	v	signify	to signifae -s -d signifyhing	S IH1 G N AH0 F AY2	ˈsɪɡnəˌfaɪ
s/signify.txt	2	f n	signification	significâcion -s		
s/signify.txt	3	adj	significant	significant	S AH0 G N IH1 F IH0 K AH0 N T	səɡˈnɪfɪkənt
s/signify.txt	3	adj	significant	significant	S IH0 G N IH1 F IH0 K AH0 N T	sɪɡˈnɪfɪkənt
s/signify.txt	5	adj	significative	significatif		
s/show.txt	1	irv	show	to seoe -s -d seon seouing	SH OW1	ˈʃoʊ
s/show.txt	2	m n	show	seoe, seos	SH OW1	ˈʃoʊ
s/show.txt	3	adj	showy	seouy	SH OW1 IY0	ˈʃoʊi
s/show.txt	4	m n	shower	seouer -s	SH AW1 ER0	ˈʃaʊɚ
s/show.txt	5	m n	showroom	seo-roume -s	SH OW1 R UH2 M	ˈʃoʊˌɹʊm
s/show.txt	5	m n	showroom	seo-roume -s	SH OW1 R UW2 M	ˈʃoʊˌɹum
s/show.txt	6	m n	showcase	seo-caiss -es	SH OW1 K EY2 S	ˈʃoʊˌkeɪs
s/show.txt	7	v	showcase	to seo-caisse -s -d -ing	SH OW1 K EY2 S	ˈʃoʊˌkeɪs
s/sharp.txt	1	adj	sharp	siarp -ar -est	SH AA1 R P	ˈʃɑɹp
s/shatter.txt	1	v	shatter	to seatir seatre(s seatred seatiring	SH AE1 T ER0	ˈʃætɚ
s/shatter.txt	2	m n	shatter	seatre, seatirs	SH AE1 T ER0	ˈʃætɚ
s/sober.txt	1	adj	sober	sóbre -ly	S OW1 B ER0	ˈsoʊbɚ
s/sober.txt	2	v	sober	to sober sóbre(s sóbred sobering	S OW1 B ER0	ˈsoʊbɚ
s/sober.txt	3	m n	soberness	sóbreness		
s/sober.txt	4	f n	sobriety	sobrîetie	S AH0 B R AY1 AH0 T IY0	səˈbɹaɪəti
s/send.txt	1	irv	send	to sende -s sent -ing	S EH1 N D	ˈsɛnd
s/slam.txt	1	v	slam	to slame -s -d -ing	S L AE1 M	ˈslæm
s/slam.txt	2	m n	slam	slame, slams	S L AE1 M	ˈslæm
s/slam.txt	3	m n	slamer	slamer -s		
s/sheikh.txt	1	m n	sheikh	șéic, șéix	SH IY1 K	ˈʃik
s/suede.txt	1	m n	suede	suéid -s	S W EY1 D	ˈsweɪd
s/sea.txt	1	m n	sea	seie, seis	S IY1	ˈsi
s/sea.txt	2	m n	seaman	seiman, seimen	S IY1 M AH0 N	ˈsimən
s/sea.txt	3	m n	seagull	seigle, seiguls	S IY1 G AH2 L	ˈsiˌɡʌl
s/slog.txt	1	v	slog	to slogue slog(s -d -ing	S L AA1 G	ˈslɑɡ
s/slog.txt	2	m n	slog	slogue, slogs	S L AA1 G	ˈslɑɡ
s/separate.txt	1	v	separate	to seperait -s -ed -ing	S EH1 P ER0 EY2 T	ˈsɛpɚˌeɪt
s/separate.txt	1	v	separate	to seperait -s -ed -ing	S EH1 P ER0 IH0 T	ˈsɛpɚɪt
s/separate.txt	1	v	separate	to seperait -s -ed -ing	S EH1 P R AH0 T	ˈsɛpɹət
s/separate.txt	2	adj	separate	seperate -ly	S EH1 P ER0 EY2 T	ˈsɛpɚˌeɪt
s/separate.txt	2	adj	separate	seperate -ly	S EH1 P ER0 IH0 T	ˈsɛpɚɪt
s/separate.txt	2	adj	separate	seperate -ly	S EH1 P R AH0 T	ˈsɛpɹət
s/separate.txt	4	f n	separation	seperâcion -s	S EH2 P ER0 EY1 SH AH0 N	ˌsɛpɚˈeɪʃən
s/succumb.txt	1	v	succumb	to socome -s -d -ing	S AH0 K AH1 M	səˈkʌm
s/summit.txt	1	m n	summit	somete, somets	S AH1 M AH0 T	ˈsʌmət
s/summit.txt	1	m n	summit	somete, somets	S AH1 M IH0 T	ˈsʌmɪt
s/sog.txt	1	m n	sog	sogue, sogs		
s/sog.txt	2	adj	soggy	soguy -iar -iest	S AA1 G IY0	ˈsɑɡi
s/stead.txt	1	m n	stead	stede, steds	S T EH1 D	ˈstɛd
s/stead.txt	2	adj	steadfast	staidfast	S T EH1 D F AE2 S T	ˈstɛdˌfæst
s/stead.txt	3	adj	steady	staidy -iar -iest	S T EH1 D IY0	ˈstɛdi
s/stead.txt	4	adv	steadily	staidily	S T EH1 D AH0 L IY0	ˈstɛdəli
s/stead.txt	5	v	steady	to staidie -s -d staidying	S T EH1 D IY0	ˈstɛdi
s/stitch.txt	1	m n	stitch	stich -es	S T IH1 CH	ˈstɪtʃ
s/stitch.txt	2	v	stitch	to stiche -s -d -ing	S T IH1 CH	ˈstɪtʃ
s/superficial.txt	1	adj	superficial	superficial -ly	S UW2 P ER0 F IH1 SH AH0 L	ˌsupɚˈfɪʃəl
s/superficial.txt	2	f n	superficiality	superfiçialetie -is		
s/stink.txt	1	irv	stink	to stinc -s stânc stonc -ing	S T IH1 NG K	ˈstɪŋk
s/stink.txt	3	adj	stinky	stinchy -iar -iest	S T IH1 NG K IY0	ˈstɪŋki
s/season.txt	1	m n	season	síson -s	S IY1 Z AH0 N	ˈsizən
s/season.txt	2	v	season	to sísone -s -d -ing	S IY1 Z AH0 N	ˈsizən
s/sepulcher.txt	1	m n	sepulchre	sepulcre, sepulcurs		
s/sepulcher.txt	1	m n	sepulcher	sepulcre, sepulcurs		
s/slow.txt	1	adj	slow	sloe slóar slóest -ly	S L OW1	ˈsloʊ
s/slow.txt	2	v	slow	to sloe -s -d slouing	S L OW1	ˈsloʊ
s/shove.txt	1	v	shove	to siove -s -d -ing	SH AH1 V	ˈʃʌv
s/shove.txt	2	m n	shove	siove -s	SH AH1 V	ˈʃʌv
s/sane.txt	1	adj	sane	sâne	S EY1 N	ˈseɪn
s/sane.txt	2	m n	sanity	sanetie -is	S AE1 N AH0 T IY0	ˈsænəti
s/space.txt	1	m n	space	spâce -s	S P EY1 S	ˈspeɪs
s/space.txt	2	v	space	to spâce -s -d -ing	S P EY1 S	ˈspeɪs
s/space.txt	3	adj, adv	spacious	spâceus	S P EY1 SH AH0 S	ˈspeɪʃəs
s/space.txt	4	adj	spatial	spâcial	S P EY1 SH AH0 L	ˈspeɪʃəl
s/space.txt	5	m n	spacer	spâçor	S P EY1 S ER0	ˈspeɪsɚ
s/space.txt	6	m n	spacesuit	spâce sute -s	S P EY1 S UW2 T	ˈspeɪˌsut
s/space.txt	7	m n	spacewalk	spâce oauc -x	S P EY1 S W AA2 K	ˈspeɪˌswɑk
s/space.txt	8	v	spacewalk	to spâce-oauc -s -ued -uing	S P EY1 S W AA2 K	ˈspeɪˌswɑk
s/space.txt	9	adj	spacy	spâcy		
s/space.txt	10	m n	spacecraft	spâcecraft  -s	S P EY1 S K R AE2 F T	ˈspeɪˌskɹæft
s/space.txt	11	m n	spaceman	spâceman, spâcemen		
s/space.txt	12	m n	spaceship	spâcescip -s	S P EY1 S SH IH2 P	ˈspeɪsˌʃɪp
s/subpar.txt	1	adj	subpar	sobpar	S AH0 B P AA1 R	səbˈpɑɹ
s/similar.txt	1	adj	similar	similar -ly	S IH1 M AH0 L ER0	ˈsɪməlɚ
s/similar.txt	2	f n	similarity	similaretie -is	S IH2 M AH0 L EH1 R AH0 T IY0	ˌsɪməˈlɛɹəti
s/steer.txt	2	v	steer	to stiere -s -d -ing	S T IH1 R	ˈstɪɹ
s/split.txt	1	irv	split	to splitte split(s split splitting	S P L IH1 T	ˈsplɪt
s/split.txt	2	adj	split	split	S P L IH1 T	ˈsplɪt
s/split.txt	3	m n	split	splitte, splits	S P L IH1 T	ˈsplɪt
s/spirit.txt	2	v	spirit	to spírit -s -ed -ing	S P IH1 R AH0 T	ˈspɪɹət
s/spirit.txt	2	v	spirit	to spírit -s -ed -ing	S P IH1 R IH0 T	ˈspɪɹɪt
s/spirit.txt	3	adj	spiritless	spíritless -ly -ness		
s/spirit.txt	4	adj, m n	spiritual	spíriţual -ly	S P IH1 R IH0 CH UW2 AH0 L	ˈspɪɹɪˌtʃuəl
s/spirit.txt	5	f n	spirituality	spiriţualetie, spiriţualetis	S P IH2 R IH0 CH UW2 AE1 L AH0 T IY2	ˌspɪɹɪˌtʃuˈæləˌti
s/satyr.txt	1	m n	satyr	sâtre, sâtirs		
s/suffer.txt	1	v	suffer	to suffir suffre(s suffred suffiring	S AH1 F ER0	ˈsʌfɚ
s/suffer.txt	2	adj	sufferable	sufferable -y		
s/suffer.txt	3	m n	sufferance	sufferance -s		
s/suffer.txt	4	m n	sufferer	sufferor -s	S AH1 F ER0 ER0	ˈsʌfɚɚ
s/sycophant.txt	1	adj, m n	sycophant	sycofant -s		
s/scratch.txt	1	v	scratch	to scrac̃e -s -d -ing	S K R AE1 CH	ˈskɹætʃ
s/scratch.txt	2	m n	scratch	scrac̃e -s	S K R AE1 CH	ˈskɹætʃ
s/source.txt	1	m n	source	source -s	S AO1 R S	ˈsɔɹs
s/sparrow.txt	1	m n	sparrow	spearo -s	S P EH1 R OW0	ˈspɛɹoʊ
s/sieve.txt	1	m n	sieve	sive -s	S IH1 V	ˈsɪv
s/sieve.txt	2	v	sieve	to sive -s -d -ing	S IH1 V	ˈsɪv
s/species.txt	2	v	speciate	to spíçiait -s -ed -ing		
s/species.txt	3	f n	speciation	spiçiâcion -s		
s/species.txt	4	adj	specious	spiceus -ly -ness	S P IY1 SH AH0 S	ˈspiʃəs
s/side.txt	2	v	side	to sîde -s -d -ing	S AY1 D	ˈsaɪd
s/stack.txt	1	m n	stack	stac, stax	S T AE1 K	ˈstæk
s/stack.txt	2	v	stack	to stac -s stached staching	S T AE1 K	ˈstæk
s/squeak.txt	1	v	squeak	to squiec squiec(s squieched squieching	S K W IY1 K	ˈskwik
s/squeak.txt	2	m n	squeak	squiec, squiex	S K W IY1 K	ˈskwik
s/shimmer.txt	1	v	shimmer	to scimere -s -d scimiring	SH IH1 M ER0	ˈʃɪmɚ
s/shimmer.txt	2	m n	shimmer	scimere, scimirs	SH IH1 M ER0	ˈʃɪmɚ
s/struggle.txt	1	v	struggle	to strogle -s -d -ing	S T R AH1 G AH0 L	ˈstɹʌɡəl
s/struggle.txt	2	m n	struggle	strogle, stroguls	S T R AH1 G AH0 L	ˈstɹʌɡəl
s/strike.txt	1	irv	strike	to strîc -s streuc strîcing	S T R AY1 K	ˈstɹaɪk
s/strike.txt	2	v	strike	to strîc -s strîched strîching	S T R AY1 K	ˈstɹaɪk
s/strike.txt	3	m n	strike	strîc, strîx	S T R AY1 K	ˈstɹaɪk
s/spike.txt	1	m n	spike	spîc, spîx	S P AY1 K	ˈspaɪk
s/spike.txt	2	v	spike	to spîc -s spîched spîching	S P AY1 K	ˈspaɪk
s/spike.txt	3	adj	spiky	spîchy -iar -iest	S P AY1 K IY0	ˈspaɪki
s/spike.txt	4	m n	spike	spîc	S P AY1 K	ˈspaɪk
s/snow.txt	1	m n	snow	snoe	S N OW1	ˈsnoʊ
s/snow.txt	2	v	snow	to snoe -s -d snouing	S N OW1	ˈsnoʊ
s/scream.txt	1	v	scream	to scrime -s -d -ing	S K R IY1 M	ˈskɹim
s/scream.txt	2	m n	scream	scrime, scríms	S K R IY1 M	ˈskɹim
s/supervise.txt	1	v	supervise	to supervîse -s -d -ing	S UW1 P ER0 V AY2 Z	ˈsupɚˌvaɪz
s/supervise.txt	2	m n	supervisor	supervîsor -s	S UW1 P ER0 V AY2 Z ER0	ˈsupɚˌvaɪzɚ
s/supervise.txt	3	f n	supervision	supervision	S UW2 P ER0 V IH1 ZH AH0 N	ˌsupɚˈvɪʒən
s/supervise.txt	4	adj	supervisory	supervîsory	S UW2 P ER0 V AY1 Z ER0 IY0	ˌsupɚˈvaɪzɚi
s/stratagem.txt	1	m n	stratagem	stratagem -s	S T R AE1 T AH0 JH AH0 M	ˈstɹætədʒəm
s/secede.txt	1	v	secede	to secide -s -d -ing	S IH0 S IY1 D	sɪˈsid
s/secede.txt	2	f n	secession	secession -s	S IH0 S EH1 SH AH0 N	sɪˈsɛʃən
s/sneer.txt	1	v	sneer	to sniere -s -d -ing	S N IH1 R	ˈsnɪɹ
s/sneer.txt	2	m n	sneer	sniere, sniers	S N IH1 R	ˈsnɪɹ
s/shed.txt	1	m n	shed	scede, sceds	SH EH1 D	ˈʃɛd
s/shed.txt	2	irv	shed	to scede -s sced -ing	SH EH1 D	ˈʃɛd
s/scar.txt	1	m n	scar	scarre, scars	S K AA1 R	ˈskɑɹ
s/scar.txt	2	v	scar	to scarre scar(s -d -ing	S K AA1 R	ˈskɑɹ
s/swipe.txt	1	v	swipe	to suîpe -s -d -ing	S W AY1 P	ˈswaɪp
s/swipe.txt	2	m n	swipe	suîpe, suîps	S W AY1 P	ˈswaɪp
s/suppose.txt	1	v	suppose	to sopose -s -d -ing	S AH0 P OW1 Z	səˈpoʊz
s/suppose.txt	2	adj, f n	supposal	sopósal -s		
s/spew.txt	1	v	spew	to speue -s -d -ing	S P Y UW1	ˈspju
s/sash.txt	1	m n	sash	sasce -s	S AE1 SH	ˈsæʃ
s/sash.txt	2	m n	sash	çasce -s; ciass -es	S AE1 SH	ˈsæʃ
s/south.txt	2	adj	southern	soþern	S AH1 DH ER0 N	ˈsʌðɚn
s/suck.txt	1	v	suck	to suc -s suched suching	S AH1 K	ˈsʌk
s/spoil.txt	1	v	spoil	to spouile -s -d -ing	S P OY1 L	ˈspɔɪl
s/spoil.txt	2	m n	spoil	spouile, spoyels	S P OY1 L	ˈspɔɪl
s/sloth.txt	1	m n	sloth	slauþ -s -ful -fulness	S L OW1 TH	ˈsloʊθ
s/spider.txt	1	m n	spider	spîdre, spîdars	S P AY1 D ER0	ˈspaɪdɚ
s/spring.txt	1	irv	spring	to springue spring(s sprâng sprong springuing	S P R IH1 NG	ˈspɹɪŋ
s/spring.txt	1	irv	spring	to springue spring(s sprâng sprong springuing	S P ER0 IH1 NG	spɚˈɪŋ
s/spring.txt	3	m n	Spring	Springue	S P R IH1 NG	ˈspɹɪŋ
s/spring.txt	3	m n	Spring	Springue	S P ER0 IH1 NG	spɚˈɪŋ
s/swim.txt	1	irv	swim	to suimme suim(s suam suom -ing	S W IH1 M	ˈswɪm
s/swim.txt	2	m n	swim	suimme, suims	S W IH1 M	ˈswɪm
s/swim.txt	3	m n	swimmer	suimmer -s	S W IH1 M ER0	ˈswɪmɚ
s/some.txt	1	adj, pron	some	some	S AH1 M	ˈsʌm
s/some.txt	2	adv	sometimes	sometîms	S AH0 M T AY1 M Z	səmˈtaɪmz
s/some.txt	2	adv	sometimes	sometîms	S AH1 M T AY2 M Z	ˈsʌmˌtaɪmz
s/structure.txt	1	m n	structure	strucțure, strucțurs	S T R AH1 K CH ER0	ˈstɹʌktʃɚ
s/structure.txt	2	v	structure	to strucțure -s -d -ing	S T R AH1 K CH ER0	ˈstɹʌktʃɚ
s/structure.txt	3	adj	structural	strucțural	S T R AH1 K CH ER0 AH0 L	ˈstɹʌktʃɚəl
s/structure.txt	4	m n	structuralism	strucțuralism		
s/spend.txt	1	irv	spend	to spende -s spent -ing	S P EH1 N D	ˈspɛnd
s/spend.txt	2	m n	spend	spende, spends	S P EH1 N D	ˈspɛnd
s/sheet.txt	1	m n	sheet	siete, siets	SH IY1 T	ˈʃit
s/sake.txt	1	m n	sake	sachie, sachis	S EY1 K	ˈseɪk
s/swing.txt	1	irv	swing	to suingue suing(s suong -ing	S W IH1 NG	ˈswɪŋ
s/swing.txt	2	m n	swing	suingue, suings	S W IH1 NG	ˈswɪŋ
s/stomach.txt	1	m n	stomach	stomac, stomax	S T AH1 M AH0 K	ˈstʌmək
s/stomach.txt	2	v	stomach	to stomac -s stomached stomaching	S T AH1 M AH0 K	ˈstʌmək
s/spectacle.txt	2	adj	spectacular	spectàcular -ly	S P EH0 K T AE1 K Y AH0 L ER0	spɛkˈtækjəlɚ
s/slander.txt	1	m n	slander	slandre, slandars	S L AE1 N D ER0	ˈslændɚ
s/slander.txt	2	v	slander	to slander slandre(s slandred slandering	S L AE1 N D ER0	ˈslændɚ
s/smirk.txt	1	v	smirk	to smirche smirc(s -d -ing	S M ER1 K	ˈsmɝk
s/smirk.txt	2	m n	smirk	smirc, smêx	S M ER1 K	ˈsmɝk
s/shuffle.txt	1	v	shuffle	to sioffle -s -d sioffeling	SH AH1 F AH0 L	ˈʃʌfəl
s/shuffle.txt	2	m n	shuffle	sioffle, sioffels	SH AH1 F AH0 L	ˈʃʌfəl
s/see.txt	1	irv	see	to sihe -s sah sine -ing	S IY1	ˈsi
s/see.txt	2	m n	seer	siher -s	S IY1 R	ˈsiɹ
s/see.txt	4	v	sight	to sîhte -s -d -ing	S AY1 T	ˈsaɪt
s/stare.txt	1	v	stare	to staire -s -d -ing	S T EH1 R	ˈstɛɹ
s/stare.txt	2	m n	stare	staire, stairs	S T EH1 R	ˈstɛɹ
s/surround.txt	1	v	surround	to sorônde -s -d -ing	S ER0 AW1 N D	sɚˈaʊnd
s/stoat.txt	1	m n	stoat	stote, stoats		
s/stash.txt	1	v	stash	to stasce -s -d -ing	S T AE1 SH	ˈstæʃ
s/stash.txt	2	m n	stash	stasce -s	S T AE1 SH	ˈstæʃ
s/state.txt	1	m n	state	stâte, stâts	S T EY1 T	ˈsteɪt
s/state.txt	2	v	state	to stâte -s -d -ing	S T EY1 T	ˈsteɪt
s/state.txt	3	m n	statement	stâtement -s	S T EY1 T M AH0 N T	ˈsteɪtmənt
s/state.txt	4	f n	estate	estâte, estâts	IH0 S T EY1 T	ɪˈsteɪt
s/state.txt	5	m n	state	stâte, stâts	S T EY1 T	ˈsteɪt
s/summon.txt	1	v	summon	to somene -s -d -ing	S AH1 M AH0 N	ˈsʌmən
s/summon.txt	2	m n	summoner	somenor -s		
s/shape.txt	1	v	shape	to seape -s -d -ing	SH EY1 P	ˈʃeɪp
s/screech.txt	1	v	scritch	to scriec̃e -s -d -ing		
s/screech.txt	1	v	screech	to scriec̃e -s -d -ing	S K R IY1 CH	ˈskɹitʃ
s/screech.txt	2	m n	scritch	scriec̃e -s		
s/screech.txt	2	m n	screech	scriec̃e -s	S K R IY1 CH	ˈskɹitʃ
s/shoo.txt	1	v	shoo	to seue -s -d -ing	SH UW1	ˈʃu
s/saturate.txt	1	v	saturate	to sațurait -s -ed -ing	S AE1 CH ER0 EY2 T	ˈsætʃɚˌeɪt
s/saturate.txt	2	adj	saturate	sațurate	S AE1 CH ER0 EY2 T	ˈsætʃɚˌeɪt
s/saturate.txt	3	m n	saturate	sațurate, sațurats	S AE1 CH ER0 EY2 T	ˈsætʃɚˌeɪt
s/saturate.txt	4	f n	saturation	sațurâcion -s	S AE2 CH ER0 EY1 SH AH0 N	ˌsætʃɚˈeɪʃən
s/saturate.txt	5	adj	saturable	sațurable		
s/squeeze.txt	1	v	squeeze	to scuise -s -d -ing	S K W IY1 Z	ˈskwiz
s/squeeze.txt	2	m n	squeeze	scuise -s	S K W IY1 Z	ˈskwiz
s/stream.txt	2	v	stream	to strieme -s -d -ing	S T R IY1 M	ˈstɹim
s/stream.txt	3	m n	streamer	striemor, striemeur -s	S T R IY1 M ER0	ˈstɹimɚ
s/stupid.txt	1	adj	stupid	stúpid	S T UW1 P AH0 D	ˈstupəd
s/stupid.txt	1	adj	stupid	stúpid	S T UW1 P IH0 D	ˈstupɪd
s/stupid.txt	2	f n	stupidity	stupiditie, stupiditis	S T UW0 P IH1 D IH0 T IY2	stuˈpɪdɪˌti
s/same.txt	1	adj	same	sâm	S EY1 M	ˈseɪm
s/stint.txt	1	v	stint	to stinte -s -d -ing	S T IH1 N T	ˈstɪnt
s/stint.txt	2	m n	stint	stinte, stints	S T IH1 N T	ˈstɪnt
s/spaghetti.txt	1	f n	spaghetti	spaghetie -is	S P AH0 G EH1 T IY0	spəˈɡɛti
s/sew.txt	1	irv	sew	to soe -s -d són souing	S OW1	ˈsoʊ
s/script.txt	1	m n	script	scripte, scrips	S K R IH1 P T	ˈskɹɪpt
s/script.txt	2	v	script	to scripte scrips -d -ing	S K R IH1 P T	ˈskɹɪpt
s/script.txt	3	m n	scripture	scripțure, scripțurs	S K R IH1 P CH ER0	ˈskɹɪptʃɚ
s/script.txt	4	adj	scriptural	scripțural	S K R IH1 P CH ER0 AH0 L	ˈskɹɪptʃɚəl
s/sneeze.txt	1	v	sneeze	to snise -s -d -ing	S N IY1 Z	ˈsniz
s/sneeze.txt	2	m n	sneeze	snise -s	S N IY1 Z	ˈsniz
s/sign.txt	1	m n	sign	signe, signs	S AY1 N	ˈsaɪn
s/sign.txt	3	m n	signage	signage	S AY1 N IH0 JH	ˈsaɪnɪdʒ
s/stretch.txt	1	v	stretch	to strec̃e -s -d -ing	S T R EH1 CH	ˈstɹɛtʃ
s/stretch.txt	2	m n	stretch	strec̃e -s	S T R EH1 CH	ˈstɹɛtʃ
s/stretch.txt	3	m n	stretcher	strec̃or -s	S T R EH1 CH ER0	ˈstɹɛtʃɚ
s/snore.txt	1	v	snore	to snore -s -d -ing	S N AO1 R	ˈsnɔɹ
s/snore.txt	2	m n	snore	snore, snors	S N AO1 R	ˈsnɔɹ
s/sphere.txt	1	m n	sphere	sphire, sphiars	S F IH1 R	ˈsfɪɹ
s/sphere.txt	2	adj	spherical	sphírical	S F EH1 R IH0 K AH0 L	ˈsfɛɹɪkəl
s/shock.txt	1	v	shock	to cioc -s cioched cioching	SH AA1 K	ˈʃɑk
s/shock.txt	2	m n	shock	cioc, ciox	SH AA1 K	ˈʃɑk
s/suspend.txt	1	v	suspend	to sospende -s -d -ing	S AH0 S P EH1 N D	səˈspɛnd
s/suspend.txt	2	f n	suspense	sospense	S AH0 S P EH1 N S	səˈspɛns
s/suspend.txt	3	adj	suspenseful	sospenseful	S AH0 S P EH1 N S F AH0 L	səˈspɛnsfəl
s/suspend.txt	4	f n	suspension	sospension -s	S AH0 S P EH1 N SH AH0 N	səˈspɛnʃən
s/surgery.txt	1	m n	surgery	cirgerie -is	S ER1 JH ER0 IY0	ˈsɝdʒɚi
s/surgery.txt	2	adj	surgical	cirgical	S ER1 JH IH0 K AH0 L	ˈsɝdʒɪkəl
s/surgery.txt	3	adv	surgically	cirgicly	S ER1 JH IH0 K AH0 L IY0	ˈsɝdʒɪkəli
s/surgery.txt	3	adv	surgically	cirgicly	S ER1 JH IH0 K L IY0	ˈsɝdʒɪkli
s/surgery.txt	4	m n	surgeon	cirgian -s	S ER1 JH AH0 N	ˈsɝdʒən
s/surgery.txt	4	m n	surgeon	cirgian -s	S ER1 JH IH0 N	ˈsɝdʒɪn
s/slack.txt	1	adj	slack	slac	S L AE1 K	ˈslæk
s/slack.txt	2	m n	slack	slac, slax	S L AE1 K	ˈslæk
s/slack.txt	3	v	slack	to slac -s -hed -hing	S L AE1 K	ˈslæk
s/skirt.txt	1	m n	skirt	scurte, scurts	S K ER1 T	ˈskɝt
s/skirt.txt	2	v	skirt	to scurte -s -d -ing	S K ER1 T	ˈskɝt
s/she.txt	1	pron	she	sie	SH IY1	ˈʃi
s/she.txt	2	pron, adj	her	her	HH ER1	ˈhɝ
s/she.txt	2	pron, adj	her	her	HH ER0	hɚ
s/she.txt	3	pron, m n	hers	hers	HH ER0 Z	hɚz
s/she.txt	3	pron, m n	hers	hers	HH ER1 Z	ˈhɝz
s/she.txt	4	pron	herself	herselfe	HH ER0 S EH1 L F	hɚˈsɛlf
s/scribe.txt	1	m n	scribe	scrîbe, scrîbs	S K R AY1 B	ˈskɹaɪb
s/scribe.txt	2	v	scribe	to scrîbe -s -d -ing	S K R AY1 B	ˈskɹaɪb
s/scribe.txt	3	adj	scribal	scrîbal		
s/scoot.txt	1	v	scoot	to schoute -s -d -ing	S K UW1 T	ˈskut
s/scoot.txt	2	m n	scooter	schoutor -s	S K UW1 T ER0	ˈskutɚ
s/sapphire.txt	1	adj, m n	sapphire	saphîre, saphîars	S AE1 F AY0 ER0	ˈsæfaɪɚ
s/sweet.txt	1	adj	sweet	suiet -ar -est	S W IY1 T	ˈswit
s/sweet.txt	2	m n	sweet	suiete, suiets	S W IY1 T	ˈswit
s/sweet.txt	3	v	sweeten	to suietene -s -d -ing	S W IY1 T AH0 N	ˈswitən
s/swarm.txt	2	v	swarm	to suarme -s -d -ing	S W AO1 R M	ˈswɔɹm
s/strew.txt	1	v	strew	to streue -s -d -ing	S T R UW1	ˈstɹu
s/scare.txt	1	v	scare	to scaire -s -d -ing	S K EH1 R	ˈskɛɹ
s/scare.txt	2	m n	scare	scaire, scairs	S K EH1 R	ˈskɛɹ
s/scare.txt	3	adj	scary	scairy	S K EH1 R IY0	ˈskɛɹi
s/stock.txt	1	v	stock	to stoc -s stoched stoching	S T AA1 K	ˈstɑk
s/stock.txt	2	m n	stock	stoc, stox	S T AA1 K	ˈstɑk
s/soap.txt	1	m n	soap	sope, soaps	S OW1 P	ˈsoʊp
s/soap.txt	2	v	soap	to sope -s -d -ing	S OW1 P	ˈsoʊp
s/smooth.txt	2	v	smooth	to smouþe -s -d -ing	S M UW1 DH	ˈsmuð
s/seduce.txt	1	v	seduce	to seduce -s -d -ing	S IH0 D UW1 S	sɪˈdus
s/seduce.txt	2	f n	seduction	seduccion -s	S IH0 D AH1 K SH AH0 N	sɪˈdʌkʃən
s/seduce.txt	3	adj	seductive	seductif	S IH0 D AH1 K T IH0 V	sɪˈdʌktɪv
s/sugar.txt	1	m n	sugar	șugre, șugars -less	SH UH1 G ER0	ˈʃʊɡɚ
s/sugar.txt	2	v	sugar	to șugre -s -d șugaring	SH UH1 G ER0	ˈʃʊɡɚ
s/sugar.txt	3	adj	sugary	șugary	SH UH1 G ER0 IY0	ˈʃʊɡɚi
s/soak.txt	1	v	soak	to soque soac(s -d -ing	S OW1 K	ˈsoʊk
s/sludge.txt	1	m n	slush	sloge	S L AH1 SH	ˈslʌʃ
s/sludge.txt	1	m n	sludge	sloge	S L AH1 JH	ˈslʌdʒ
s/shack.txt	1	m n	shack	siac, siax	SH AE1 K	ˈʃæk
s/shack.txt	2	v	shack	to siac -s siached siaching	SH AE1 K	ˈʃæk
s/salvage.txt	2	v	salvage	to salvage -s -d -ing	S AE1 L V AH0 JH	ˈsælvədʒ
s/salvage.txt	2	v	salvage	to salvage -s -d -ing	S AE1 L V IH0 JH	ˈsælvɪdʒ
s/shark.txt	1	m n	shark	siarc, siarx	SH AA1 R K	ˈʃɑɹk
s/shark.txt	2	v	shark	to siarche siarc(s -d -ing	SH AA1 R K	ˈʃɑɹk
s/subvert.txt	1	v	subvert	to sobverte -s -d -ing	S AH0 B V ER1 T	səbˈvɝt
s/subvert.txt	2	f n	subversion	sobvêsion -s	S AH0 B V ER1 ZH AH0 N	səbˈvɝʒən
s/subvert.txt	3	adj	subversive	sobvêssif	S AH0 B V ER1 S IH0 V	səbˈvɝsɪv
s/spy.txt	1	v	spy	to spîe -s -d spyhing	S P AY1	ˈspaɪ
s/spy.txt	2	m n	spy	spîe, spîs	S P AY1	ˈspaɪ
s/subdue.txt	1	v	subdue	to sobdue -s -d -ing	S AH0 B D UW1	səbˈdu
s/syrup.txt	1	m n	syrup	sirop -s	S ER1 AH0 P	ˈsɝəp
s/syrup.txt	1	m n	syrup	sirop -s	S IH1 R AH0 P	ˈsɪɹəp
s/shampoo.txt	1	v	shampoo	to ciampoue -s -d -ing	SH AE0 M P UW1	ʃæmˈpu
s/shampoo.txt	2	f n	shampoo	ciampoue, ciampous	SH AE0 M P UW1	ʃæmˈpu
s/scotch.txt	1	m n	Scottish	scoc̃he	S K AA1 T IH0 SH	ˈskɑtɪʃ
s/scotch.txt	1	m n	Scotch	scoc̃he	S K AA1 CH	ˈskɑtʃ
s/solicit.txt	1	v	solicit	to sollicit -s -ed -ing	S AH0 L IH1 S IH0 T	səˈlɪsɪt
s/solicit.txt	2	v	solicitate	to sollicitait -s -ed -ing		
s/solicit.txt	4	f n	solicitour	sollicitor -s		
s/solicit.txt	4	f n	solicitor	sollicitor -s	S AH0 L IH1 S AH0 T ER0	səˈlɪsətɚ
s/solicit.txt	5	adj	solicitous	sollicitus	S AH0 L IH1 S AH0 T AH0 S	səˈlɪsətəs
s/spawn.txt	1	v	spawn	to spaone -s -d -ing	S P AA1 N	ˈspɑn
s/spawn.txt	1	v	spawn	to spaone -s -d -ing	S P AO1 N	ˈspɔn
s/spawn.txt	2	m n	spawn	spaone, spaons	S P AA1 N	ˈspɑn
s/spawn.txt	2	m n	spawn	spaone, spaons	S P AO1 N	ˈspɔn
s/smother.txt	1	v	smother	smoþer smoþre(s smoþred smoþering	S M AH1 DH ER0	ˈsmʌðɚ
s/scuffle.txt	1	v	scuffle	to scoffle -s -d scoffeling	S K AH1 F AH0 L	ˈskʌfəl
s/sling.txt	1	irv	sling	to slingue sling(s slong -ing	S L IH1 NG	ˈslɪŋ
s/sling.txt	2	m n	sling	slingue, slings	S L IH1 NG	ˈslɪŋ
s/seclude.txt	1	v	seclude	to seclude -s -d -ing	S AH0 K L UW1 D	səˈklud
s/seclude.txt	2	f n	seclusion	seclúsion -s	S IH0 K L UW1 ZH AH0 N	sɪˈkluʒən
s/seclude.txt	3	adj	seclusive	seclússif		
s/safe.txt	1	adj	safe	sâf -ar -est	S EY1 F	ˈseɪf
s/safe.txt	2	adv	safely	sâfely	S EY1 F L IY0	ˈseɪfli
s/safe.txt	3	m n	safe	sâfe, sâfs	S EY1 F	ˈseɪf
s/safe.txt	4	m n	safety	sâfetie, sâfetis	S EY1 F T IY0	ˈseɪfti
s/safe.txt	5	v	safety	to sâfetie -s -d sâfetying	S EY1 F T IY0	ˈseɪfti
s/seismic.txt	1	adj	seismic	sîsmic	S AY1 Z M IH0 K	ˈsaɪzmɪk
s/superlative.txt	1	adj, f n	superlative	supêlatif	S UH0 P ER1 L AH0 T IH0 V	sʊˈpɝlətɪv
s/smear.txt	1	v	smear	to smiere -s -d smiering	S M IH1 R	ˈsmɪɹ
s/smear.txt	2	m n	smear	smiere, smiars	S M IH1 R	ˈsmɪɹ
s/smear.txt	3	m n	schmeer	șmiere, șmiars		
s/smear.txt	3	m n	schmear	șmiere, șmiars		
s/sift.txt	1	v	sift	to sifte -s -d -ing	S IH1 F T	ˈsɪft
s/solar.txt	1	adj	solar	sólar	S OW1 L ER0	ˈsoʊlɚ
s/ship.txt	2	v	ship	to scipe -s -d -ing	SH IH1 P	ˈʃɪp
s/straw.txt	1	m n	straw	strahe, straus	S T R AO1	ˈstɹɔ
s/stroke.txt	1	v	stroke	stroque, stroac(s, stroqued, stroquing	S T R OW1 K	ˈstɹoʊk
s/shelf.txt	1	m n	shelf	scelfe, scelfs	SH EH1 L F	ˈʃɛlf
s/shelf.txt	2	v	shelve	to scelve -s -d -ing	SH EH1 L V	ˈʃɛlv
s/snicker.txt	1	v	snicker	to snicher snicre(s snicred snichering	S N IH1 K ER0	ˈsnɪkɚ
s/snicker.txt	2	m n	snicker	snicre, snichers	S N IH1 K ER0	ˈsnɪkɚ
s/snicker.txt	3	m n	snickery	snicherie -is		
s/snicker.txt	4	m n	snickerer	snicheror -s		
s/subjugate.txt	1	v	subjugate	to sobjogait -s -ed -ing	S AH1 B JH AH0 G EY2 T	ˈsʌbdʒəˌɡeɪt
s/subjugate.txt	3	f n	subjugation	sobjogâcion -s		
s/scout.txt	1	v	scout	to scôute -s -d -ing	S K AW1 T	ˈskaʊt
s/scout.txt	2	m n	scout	scôute, scôuts	S K AW1 T	ˈskaʊt
s/solace.txt	1	m n	solace	sollace -s	S AA1 L AH0 S	ˈsɑləs
s/solace.txt	1	m n	solace	sollace -s	S OW1 L IH0 S	ˈsoʊlɪs
s/solace.txt	2	v	solace	to sollace -s -d -ing	S AA1 L AH0 S	ˈsɑləs
s/solace.txt	2	v	solace	to sollace -s -d -ing	S OW1 L IH0 S	ˈsoʊlɪs
s/salt.txt	2	v	salt	to salte -s -d -ing	S AO1 L T	ˈsɔlt
s/salt.txt	3	adj	salty	salty -iar -iest	S AO1 L T IY0	ˈsɔlti
s/stay.txt	1	v	stay	to staie -s -d staying	S T EY1	ˈsteɪ
s/stay.txt	2	m n	stay	staie, stays	S T EY1	ˈsteɪ
s/sham.txt	1	m n, adj	sham	siame, siams	SH AE1 M	ˈʃæm
s/sham.txt	2	v	sham	to siame -s -d -ing	SH AE1 M	ˈʃæm
s/squirrel.txt	1	m n	squirrel	scuirole, scuirols	S K W ER1 AH0 L	ˈskwɝəl
s/squirrel.txt	2	v	squirrel	to scuirole -s -d scuiroling	S K W ER1 AH0 L	ˈskwɝəl
s/sword.txt	1	m n	sword	sord -s	S AO1 R D	ˈsɔɹd
s/sneak.txt	1	irv	sneak	to sniec -s -d sneuc -ing	S N IY1 K	ˈsnik
s/sneak.txt	2	adj, m n	sneak	sniec, sniex	S N IY1 K	ˈsnik
s/social.txt	2	f n	sociality	soçialetie -is		
s/social.txt	4	f n	sociability	sociabilitie, sociabilitis		
s/social.txt	5	v	socialize	to socialyse -s -d -ing	S OW1 SH AH0 L AY2 Z	ˈsoʊʃəˌlaɪz
s/social.txt	6	f n	socialization	socialisâcion -s	S OW2 SH AH0 L IH0 Z EY1 SH AH0 N	ˌsoʊʃəlɪˈzeɪʃən
s/social.txt	7	m n	socialism	socialism	S OW1 SH AH0 L IH2 Z AH0 M	ˈsoʊʃəˌlɪzəm
s/social.txt	8	m n	socialist	socialist -s	S OW1 SH AH0 L AH0 S T	ˈsoʊʃələst
s/social.txt	8	m n	socialist	socialist -s	S OW1 SH AH0 L IH0 S T	ˈsoʊʃəlɪst
s/social.txt	9	m n	socialite	socialît -s	S OW1 SH AH0 L AY2 T	ˈsoʊʃəˌlaɪt
s/social.txt	10	f n	society	socîetie -is	S AH0 S AY1 AH0 T IY0	səˈsaɪəti
s/social.txt	11	adj	societal	socîetal	S AH0 S AY1 IH0 T AH0 L	səˈsaɪɪtəl
s/stir.txt	1	v	stir	to sturre stur(s -d -ing	S T ER1	ˈstɝ
s/strangle.txt	1	v	strangle	to strângle -s -d -ing	S T R AE1 NG G AH0 L	ˈstɹæŋɡəl
s/strangle.txt	2	v	strangulate	to strângulait -s -ed -ing	S T R AE1 NG G Y AH0 L EY2 T	ˈstɹæŋɡjəˌleɪt
s/strangle.txt	3	f n	strangulation	strangulâcion -s	S T R AE2 NG G Y AH0 L EY1 SH AH0 N	ˌstɹæŋɡjəˈleɪʃən
s/surveil.txt	1	v	surveil	to sorveille -s -d -ing	S ER0 V EY1 L	sɚˈveɪl
s/surveil.txt	2	adj, f n	surveillance	sorvéillance	S ER0 V EY1 L AH0 N S	sɚˈveɪləns
s/stage.txt	1	m n	stage	staige -s	S T EY1 JH	ˈsteɪdʒ
s/stage.txt	2	v	stage	to staige -s -d -ing	S T EY1 JH	ˈsteɪdʒ
s/stage.txt	3	v	upstage	to upstaige -s -d -ing	AH0 P S T EY1 JH	əpˈsteɪdʒ
s/stage.txt	4	adj, adv, m n	upstage	upstaige	AH0 P S T EY1 JH	əpˈsteɪdʒ
s/simultaneous.txt	1	adj	simultaneous	simultânieus	S AY2 M AH0 L T EY1 N IY0 AH0 S	ˌsaɪməlˈteɪniəs
s/simultaneous.txt	2	f n	simultaneity	simultanéietie -is		
s/stake.txt	2	v	stake	to staic -s staiched staiching	S T EY1 K	ˈsteɪk
s/sleigh.txt	1	m n	sleigh	sleihe, sléis	S L EY1	ˈsleɪ
s/sleigh.txt	2	v	sleigh	to sleihe -s -d -ing	S L EY1	ˈsleɪ
s/shirt.txt	1	m n	shirt	scirte, scirts	SH ER1 T	ˈʃɝt
s/scepter.txt	1	m n	sceptre	ceptre, ceptars	S EH1 P T ER0	ˈsɛptɚ
s/scepter.txt	1	m n	sceptre	ceptre, ceptars	S K EH1 P T ER0	ˈskɛptɚ
s/scepter.txt	1	m n	scepter	ceptre, ceptars		
s/shadow.txt	1	m n	shadow	seadaue, seadaus	SH AE1 D OW2	ˈʃæˌdoʊ
s/shadow.txt	2	v	shadow	to seadaue -s -d seadauing	SH AE1 D OW2	ˈʃæˌdoʊ
s/spear.txt	1	m n	spear	spiere, spiers	S P IH1 R	ˈspɪɹ
s/spear.txt	2	v	spear	to spiere -s -d -ing	S P IH1 R	ˈspɪɹ
s/scribble.txt	1	v	scribble	to scrible -s -d -ing	S K R IH1 B AH0 L	ˈskɹɪbəl
s/scribble.txt	2	m n	scribble	scrible, scribils	S K R IH1 B AH0 L	ˈskɹɪbəl
s/scribble.txt	3	m n	scribbler	scribler -s	S K R IH1 B L ER0	ˈskɹɪblɚ
s/sketch.txt	1	v	sketch	to schec̃e -s -d -ing	S K EH1 CH	ˈskɛtʃ
s/sketch.txt	2	m n	schetch	schec̃e -s		
s/sketch.txt	3	adj	schetchy	schec̃y		
s/shy.txt	1	adj	shy	seoih -ar -est	SH AY1	ˈʃaɪ
s/shy.txt	2	v	shy	to seoihe -s -d -ing	SH AY1	ˈʃaɪ
s/shit.txt	1	irv	shit	to scite -s sçat sciting	SH IH1 T	ˈʃɪt
s/stature.txt	1	m n	stature	stațure, stațurs	S T AE1 CH ER0	ˈstætʃɚ
s/sun.txt	1	m n	sun	sonne, sons	S AH1 N	ˈsʌn
s/sun.txt	2	adj	sunny	sonny	S AH1 N IY0	ˈsʌni
s/soldier.txt	1	m n	soldier	solgere, solgiars	S OW1 L JH ER0	ˈsoʊldʒɚ
s/soldier.txt	2	v	soldier	to solgere -s -d -ing	S OW1 L JH ER0	ˈsoʊldʒɚ
s/sparse.txt	1	adj	sparse	sparse	S P AA1 R S	ˈspɑɹs
s/stool.txt	1	m n	stool	stoule, stouls	S T UW1 L	ˈstul
s/spice.txt	1	m n	spice	spîce -s	S P AY1 S	ˈspaɪs
s/spice.txt	2	v	spice	to spîce -s -d -ing	S P AY1 S	ˈspaɪs
s/spice.txt	3	adj	spicy	spîcy -iar -iest	S P AY1 S IY0	ˈspaɪsi
s/shower.txt	1	m n	shower	seôure, seôurs	SH AW1 ER0	ˈʃaʊɚ
s/shower.txt	2	v	shower	to seôuir seôure(s seôured seôuiring	SH AW1 ER0	ˈʃaʊɚ
s/spark.txt	1	m n	spark	sparc -s	S P AA1 R K	ˈspɑɹk
s/spark.txt	2	v	spark	to sparque sparc(s -d -ing	S P AA1 R K	ˈspɑɹk
s/spark.txt	3	v	sparkle	to sparcle -s -d -ing	S P AA1 R K AH0 L	ˈspɑɹkəl
s/spark.txt	4	m n	sparkle	sparcle, sparculs	S P AA1 R K AH0 L	ˈspɑɹkəl
s/spark.txt	5	m n	sparkler	sparcler -s		
s/shiver.txt	1	v	shiver	to scivir scivre(s scivred sciviring	SH IH1 V ER0	ˈʃɪvɚ
s/shiver.txt	2	m n	shiver	scivre, scivirs	SH IH1 V ER0	ˈʃɪvɚ
s/street.txt	1	m n	street	striete, striets	S T R IY1 T	ˈstɹit
s/supply.txt	1	v	supply	to soplîe -s -d -yhing	S AH0 P L AY1	səˈplaɪ
s/supply.txt	2	f n	supply	soplîe, soplîs	S AH0 P L AY1	səˈplaɪ
s/supply.txt	3	f n	supplier	soplîer -s	S AH0 P L AY1 ER0	səˈplaɪɚ
s/supply.txt	4	m n	supplement	sopliment -s	S AH1 P L AH0 M AH0 N T	ˈsʌpləmənt
s/supply.txt	4	m n	supplement	sopliment -s	S AH2 P L AH0 M EH1 N T	ˌsʌpləˈmɛnt
s/supply.txt	5	v	supplement	to soplimente -s -d -ing	S AH1 P L AH0 M AH0 N T	ˈsʌpləmənt
s/supply.txt	5	v	supplement	to soplimente -s -d -ing	S AH2 P L AH0 M EH1 N T	ˌsʌpləˈmɛnt
s/supply.txt	6	f n	suppletion	soplícion -s		
s/schedule.txt	1	m n	schedule	sched̦ule, sched̦uls	S K EH1 JH UH0 L	ˈskɛdʒʊl
s/schedule.txt	1	m n	schedule	sched̦ule, sched̦uls	S K EH1 JH UW0 L	ˈskɛdʒul
s/schedule.txt	2	v	schedule	to sched̦ule -s -d -ing	S K EH1 JH UH0 L	ˈskɛdʒʊl
s/schedule.txt	2	v	schedule	to sched̦ule -s -d -ing	S K EH1 JH UW0 L	ˈskɛdʒul
s/sit.txt	1	irv	sit	to sitte sit(s sat sitting	S IH1 T	ˈsɪt
s/stain.txt	1	v	stain	to staine -s -d -ing	S T EY1 N	ˈsteɪn
s/stain.txt	2	m n	stain	staine, staîns	S T EY1 N	ˈsteɪn
s/Switzerland.txt	1	m n	Switzerland	Suitserland	S W IH1 T S ER0 L AH0 N D	ˈswɪtsɚlənd
s/Switzerland.txt	2	adj, m n	Swiss	suiss	S W IH1 S	ˈswɪs
s/serpent.txt	1	m n	serpent	serpent -s	S ER1 P AH0 N T	ˈsɝpənt
s/sorrow.txt	1	m n	sorrow	sòro, sòros	S AA1 R OW0	ˈsɑɹoʊ
s/sorrow.txt	2	v	sorrow	to sòraue -s -d -ing	S AA1 R OW0	ˈsɑɹoʊ
s/sorrow.txt	3	adj	sorry	sòry	S AA1 R IY0	ˈsɑɹi
s/spin.txt	1	irv	spin	to spinne spin(s spon spinning	S P IH1 N	ˈspɪn
s/spin.txt	2	m n	spin	spinne, spins	S P IH1 N	ˈspɪn
s/scorch.txt	1	v	scorch	to scorc̃e -s -d -ing	S K AO1 R CH	ˈskɔɹtʃ
s/seek.txt	1	irv	seek	to seic -s soht seiching	S IY1 K	ˈsik
s/seek.txt	2	m n	seeker	seicor -s	S IY1 K ER0	ˈsikɚ
s/strict.txt	1	adj	strict	strict	S T R IH1 K T	ˈstɹɪkt
s/strict.txt	2	m n	stricture	stricțure, stricțurs	S T R IH1 K CH ER0	ˈstɹɪktʃɚ
s/strict.txt	3	m n	strigil	strigil -s		
s/strict.txt	4	adj	stringent	stringent	S T R IH1 N JH AH0 N T	ˈstɹɪndʒənt
s/sheep.txt	1	m n	sheep	siepe	SH IY1 P	ˈʃip
s/seem.txt	1	v	seem	to sime -s -d -ing	S IY1 M	ˈsim
s/satiate.txt	1	v	satiate	to sâçiait -s -d -ing		
s/satiate.txt	2	f n	satiation	saçiâcion -s		
s/satiate.txt	3	adj	satiable	sâciable		
s/satiate.txt	4	f n	satiety	satîetie	S AA0 T AY1 AH0 T IY2	sɑˈtaɪəˌti
s/sergeant.txt	1	m n	sergeant	sargent, sarge -s	S AA1 R JH AH0 N T	ˈsɑɹdʒənt
s/squeal.txt	1	v	squeal	to scuiale -s -d -ing	S K W IY1 L	ˈskwil
s/squeal.txt	2	m n	squeal	scuiale, scuials	S K W IY1 L	ˈskwil
s/spoor.txt	2	v	spoor	to spuore -s -d -ing	S P UH1 R	ˈspʊɹ
s/solve.txt	1	v	solve	to solve -s -d -ing	S AA1 L V	ˈsɑlv
s/solve.txt	2	f n	solution	solúcion -s	S AH0 L UW1 SH AH0 N	səˈluʃən
s/smack.txt	1	v	smack	to smac -s smached smaching	S M AE1 K	ˈsmæk
s/smack.txt	2	m n	smack	smac, smax	S M AE1 K	ˈsmæk
s/supposit.txt	1	f n	supposite	soposit -s		
s/supposit.txt	2	f n	supposition	soposicion -s	S AH2 P AH0 Z IH1 SH AH0 N	ˌsʌpəˈzɪʃən
s/supposit.txt	3	adj	supposititious	sopositiceus -ly		
s/supposit.txt	4	f n	suppository	sopositorie, sopositoris		
s/sty.txt	1	m n	sty	styhe, styhs	S T AY1	ˈstaɪ
s/sty.txt	2	m n	sty	stîe, stîs	S T AY1	ˈstaɪ
s/sty.txt	2	m n	stye	stîe, stîs		
s/squirt.txt	1	v	squirt	to squête -s -d -ing	S K W ER1 T	ˈskwɝt
s/suffice.txt	1	v	suffice	to sofîce -s -d -ing	S AH0 F AY1 S	səˈfaɪs
s/suffice.txt	2	adj	sufficient	sofiçent -ly	S AH0 F IH1 SH AH0 N T	səˈfɪʃənt
s/suffice.txt	3	f n	sufficiency	sofiçencie -is	S AH0 F IH1 SH AH0 N S IY0	səˈfɪʃənsi
s/spit.txt	1	irv	spit	to spytte spyt(s spat spytting	S P IH1 T	ˈspɪt
s/spit.txt	2	m n	spit	spytte	S P IH1 T	ˈspɪt
s/spit.txt	3	m n	spitball	spytbolle, spytbolls	S P IH1 T B AO2 L	ˈspɪtˌbɔl
s/spit.txt	4	m n	spitfire	spytfyre -s		
s/spit.txt	5	m n	spittle	spytle	S P IH1 T AH0 L	ˈspɪtəl
s/spit.txt	6	m n	spit	spitte, spits	S P IH1 T	ˈspɪt
s/spit.txt	7	v	spit	to spitte spit(s -d -ing	S P IH1 T	ˈspɪt
s/stable.txt	1	m n	stable	stâble, stâbuls	S T EY1 B AH0 L	ˈsteɪbəl
s/stable.txt	2	adj	stable	stâble	S T EY1 B AH0 L	ˈsteɪbəl
s/stable.txt	3	v	stable	to stâble -s -d -ing	S T EY1 B AH0 L	ˈsteɪbəl
s/stable.txt	4	m n	stable-boy	stâbleboie, stâbleboys	S T EY1 B AH0 L B OY1	ˈsteɪbəlˈbɔɪ
s/stable.txt	5	f n	stability	stabilitie -is	S T AH0 B IH1 L IH0 T IY0	stəˈbɪlɪti
s/stable.txt	6	v	stabilize	to stâbilyse -s -d -ing	S T EY1 B AH0 L AY2 Z	ˈsteɪbəˌlaɪz
s/stable.txt	7	f n	stabilization	stabilisâcion -s	S T EY2 B AH0 L AH0 Z EY1 SH AH0 N	ˌsteɪbələˈzeɪʃən
s/stoke.txt	1	v	stoke	to stoque stoac(s -d -ing	S T OW1 K	ˈstoʊk
s/slush.txt	1	m n	slush	slosce -y	S L AH1 SH	ˈslʌʃ
s/slush.txt	2	v	slush	to slosce -s -d -ing	S L AH1 SH	ˈslʌʃ
s/share.txt	1	v	share	to seare -s -d -ing	SH EH1 R	ˈʃɛɹ
s/streak.txt	1	m n	streak	striec, striex	S T R IY1 K	ˈstɹik
s/streak.txt	2	v	streak	to strieche striec(s -d -ing	S T R IY1 K	ˈstɹik
n/new.txt	1	adj, m n	new	nou -ly	N UW1	ˈnu
n/new.txt	1	adj, m n	new	nou -ly	N Y UW1	nˈju
n/new.txt	2	m n	news	nous	N UW1 Z	ˈnuz
n/new.txt	2	m n	news	nous	N Y UW1 Z	nˈjuz
n/note.txt	1	v	note	to note -s -d -ing	N OW1 T	ˈnoʊt
n/narrate.txt	1	adj, m n	narrative	nâratif -s -vly	N AE1 R AH0 T IH0 V	ˈnæɹətɪv
n/narrate.txt	1	adj, m n	narrative	nâratif -s -vly	N EH1 R AH0 T IH0 V	ˈnɛɹətɪv
n/narrate.txt	2	v	narrate	to nârait -s -ed -ing	N EH1 R EY2 T	ˈnɛˌɹeɪt
n/narrate.txt	3	f n	narration	narâcion -s	N EH0 R EY1 SH AH0 N	nɛˈɹeɪʃən
n/narrate.txt	5	adj, m n	narratable	nâratable		
n/narrate.txt	6	m n	narratage	nâratage -s		
n/New-Jersey.txt	1	f n	New Jersey	Nougêsie	N UW1 JH ER1 Z IY0	ˈnuˈdʒɝzi
n/New-Jersey.txt	2	adj	New Jerseyan	nougêsian		
n/New-Jersey.txt	3	f n	New Jerseyan	nougêsian -s		
n/necessitate.txt	1	v	necessitate	to necèssitait -s -ed -ing	N AH0 S EH1 S AH0 T EY2 T	nəˈsɛsəˌteɪt
n/necessitate.txt	2	f n	necessitation	necessitâcion		
n/necessitate.txt	3	f n	necessity	necessetie, necessetis	N AH0 S EH1 S AH0 T IY0	nəˈsɛsəti
n/necessitate.txt	3	f n	necessity	necessetie, necessetis	N AH0 S EH1 S IH0 T IY0	nəˈsɛsɪti
n/necessitate.txt	4	adj	necessary	necessairy	N EH1 S AH0 S EH2 R IY0	ˈnɛsəˌsɛɹi
n/necessitate.txt	5	adv	necessarily	necessârily	N EH2 S AH0 S EH1 R AH0 L IY0	ˌnɛsəˈsɛɹəli
n/necessitate.txt	6	m n	necessary	necessarie, necessaris	N EH1 S AH0 S EH2 R IY0	ˈnɛsəˌsɛɹi
n/narcotic.txt	1	adj, f n	narcotic	narcotic -s	N AA0 R K AA1 T IH0 K	nɑɹˈkɑtɪk
n/narcotic.txt	2	m n	narco	narco, narc -s	N AA1 R K OW0	ˈnɑɹkoʊ
n/narcotic.txt	2	m n	narc	narco, narc -s	N AA1 R K	ˈnɑɹk
n/none.txt	1	pron, adj	none	non	N AH1 N	ˈnʌn
n/necklace.txt	1	m n	necklace -s	nechlace -s	N EH1 K L AH0 S EH1 S	ˈnɛkləˈsɛs
n/nutrition.txt	2	adj	nutritional	nutricional	N UW0 T R IH1 SH AH0 N AH0 L	nuˈtɹɪʃənəl
n/nutrition.txt	3	f n	nutritionist	nutricionist -s	N UW0 T R IH1 SH AH0 N IH0 S T	nuˈtɹɪʃənɪst
n/nude.txt	1	adj, m n	nude	nude, núds -s	N UW1 D	ˈnud
n/nude.txt	2	m n	nudity	nudetie -is	N UW1 D IH0 T IY0	ˈnudɪti
n/nude.txt	3	m n	nudism	núdism		
n/nude.txt	4	m n	nudist	núdist -s	N UW1 D IH0 S T	ˈnudɪst
n/noodle.txt	1	m n	noodle	noudle, noudels	N UW1 D AH0 L	ˈnudəl
n/noodle.txt	2	v	noodle	to noudle -s -d -ing	N UW1 D AH0 L	ˈnudəl
n/nauseate.txt	2	adj	nausea + ous	naușus -ly -ness		
n/nauseate.txt	2	adj	nauseous	naușus -ly -ness	N AO1 SH AH0 S	ˈnɔʃəs
n/nauseate.txt	3	v	nauseate	to nausïait -s -ed -ing	N AO1 Z IY0 EY2 T	ˈnɔziˌeɪt
n/nauseate.txt	4	adj, m n	nauseant	nausïant -s		
n/nucleus.txt	1	m n	nucleus	nuclieus	N UW1 K L IY0 AH0 S	ˈnukliəs
n/nucleus.txt	2	adj	nuclear	nucliar	N UW1 K L IY0 ER0	ˈnukliɚ
n/nudge.txt	1	v	nudge	to noge -s -d -ing	N AH1 JH	ˈnʌdʒ
n/nudge.txt	2	m n	nudge	noge -s	N AH1 JH	ˈnʌdʒ
n/not.txt	1	adv	not	not	N AA1 T	ˈnɑt
n/nugget.txt	1	m n	nug	noguet -s		
n/nugget.txt	1	m n	nugget	noguet -s	N AH1 G IH0 T	ˈnʌɡɪt
n/nurture.txt	1	m n	nurture	nourțure, nourțurs	N ER1 CH ER0	ˈnɝtʃɚ
n/nurture.txt	2	v	nurture	to nourțure -s -d -ing	N ER1 CH ER0	ˈnɝtʃɚ
n/need.txt	1	m n	need	nide, níds	N IY1 D	ˈnid
n/need.txt	2	v	need	to nide -s -d -ing	N IY1 D	ˈnid
n/nature.txt	2	m n	naturism	nâţurism -s		
n/nature.txt	3	m n	naturist	nâţurist -s		
n/nature.txt	4	adj, m n, adv	natural	naţural -s, naţrally	N AE1 CH ER0 AH0 L	ˈnætʃɚəl
n/nature.txt	4	adj, m n, adv	natural	naţural -s, naţrally	N AE1 CH R AH0 L	ˈnætʃɹəl
n/nature.txt	5	m n	naturalism	naţralism -s	N AE1 CH ER0 AH0 L IH2 Z AH0 M	ˈnætʃɚəˌlɪzəm
n/nature.txt	5	m n	naturalism	naţralism -s	N AE1 CH R AH0 L IH2 Z AH0 M	ˈnætʃɹəˌlɪzəm
n/nature.txt	6	m n	naturalist	naţralist -s	N AE1 CH ER0 AH0 L AH0 S T	ˈnætʃɚələst
n/nature.txt	6	m n	naturalist	naţralist -s	N AE1 CH R AH0 L AH0 S T	ˈnætʃɹələst
n/nature.txt	7	f n	naturality	naţuraletie -is		
n/nature.txt	8	v	naturalize	to naţralyse -s -d -ing	N AE1 CH ER0 AH0 L AY2 Z	ˈnætʃɚəˌlaɪz
n/nature.txt	8	v	naturalize	to naţralyse -s -d -ing	N AE1 CH R AH0 L AY2 Z	ˈnætʃɹəˌlaɪz
n/nature.txt	9	f n	naturalization	naţralisâcion -s	N AE1 CH ER0 AH0 L AH0 Z EY1 SH AH0 N	ˈnætʃɚələˈzeɪʃən
n/nature.txt	9	f n	naturalization	naţralisâcion -s	N AE1 CH R AH0 L AH0 Z EY1 SH AH0 N	ˈnætʃɹələˈzeɪʃən
n/nephew.txt	1	m n	nephew	nephue, nephuis	N EH1 F Y UW0	ˈnɛfju
n/negate.txt	1	v	negate	to negâte -s -d -ing	N IH0 G EY1 T	nɪˈɡeɪt
n/negate.txt	2	f n	negation	negâcion -s	N AH0 G EY1 SH AH0 N	nəˈɡeɪʃən
n/negate.txt	3	adj, m n	negative	negatif -s -vly	N EH1 G AH0 T IH0 V	ˈnɛɡətɪv
n/negate.txt	4	f n	negativity	negativitie -is	N EH2 G AH0 T IH1 V AH0 T IY0	ˌnɛɡəˈtɪvəti
n/now.txt	1	adv, m n	now	nôe	N AW1	ˈnaʊ
n/neigh.txt	1	v	neigh	to neihe -s -d -ing	N EY1	ˈneɪ
n/neigh.txt	2	m n	neigh	neihe, neihs	N EY1	ˈneɪ
n/naked.txt	1	adj, m n	naked	nâchid -ly -ness	N EY1 K AH0 D	ˈneɪkəd
n/narrow.txt	1	adj	narrow	nâroe nâroar nâroest	N EH1 R OW0	ˈnɛɹoʊ
n/narrow.txt	1	adj	narrow	nâroe nâroar nâroest	N AE1 R OW0	ˈnæɹoʊ
n/narrow.txt	3	v	narrow	to nâroe -s -d nârouing	N EH1 R OW0	ˈnɛɹoʊ
n/narrow.txt	3	v	narrow	to nâroe -s -d nârouing	N AE1 R OW0	ˈnæɹoʊ
n/nark.txt	1	m n	nark	narc, narx		
n/nark.txt	2	v	nark	to narque narc(s -d -ing		
n/neighbor.txt	1	m n	neighbor	neibre, neibors -s	N EY1 B ER0	ˈneɪbɚ
n/neighbor.txt	2	v	neighbor	to neiber neibres neibred neibering	N EY1 B ER0	ˈneɪbɚ
n/neighbor.txt	3	m n	neighborhood	neiborhud -s	N EY1 B ER0 HH UH2 D	ˈneɪbɚˌhʊd
n/neighbor.txt	4	adj	neighborly	neiborly	N EY1 B ER0 L IY0	ˈneɪbɚli
n/name.txt	2	v	name	to naime -s -d nâming	N EY1 M	ˈneɪm
n/neither.txt	1	conj, adv	neither	naeþre; nieþre	N IY1 DH ER0	ˈniðɚ
n/neither.txt	1	conj, adv	neither	naeþre; nieþre	N AY1 DH ER0	ˈnaɪðɚ
n/New-Mexico.txt	1	f n	New Mexico	Noumexico	N UW1 M EH1 K S AH0 K OW2	ˈnuˈmɛksəˌkoʊ
n/New-Mexico.txt	2	adj, f n	New Mexican	noumexican -s	N UW1 M EH1 K S AH0 K AH0 N	ˈnuˈmɛksəkən
n/New-Hampshire.txt	1	f n	New Hampshire	Nouhampsior	N UW1 HH AE1 M P SH ER0	ˈnuˈhæmpʃɚ
n/New-Hampshire.txt	2	adj, f n	New Hampshirite	nouhampsioraït -s		
n/nerve.txt	2	v	nerve	to nêve -s -d -ing	N ER1 V	ˈnɝv
n/nerve.txt	3	adj	nervous	nêvous -sly	N ER1 V AH0 S	ˈnɝvəs
n/nerve.txt	4	f n	nervosity	nêvossetie -is		
n/nerve.txt	5	adj	nerval	nêval		
n/nerve.txt	6	f n	nervation	nervâcion -s		
n/noble.txt	2	f n	nobility	nobilitie, nobilitis	N OW0 B IH1 L AH0 T IY0	noʊˈbɪləti
n/negotiate.txt	1	v	negotiate	to negoçiait -s -ed -ing	N AH0 G OW1 SH IY0 EY2 T	nəˈɡoʊʃiˌeɪt
n/negotiate.txt	1	v	negotiate	to negoçiait -s -ed -ing	N IH0 G OW1 SH IY0 EY2 T	nɪˈɡoʊʃiˌeɪt
n/negotiate.txt	2	f n	negotiation	negoçiâcion -s	N IH0 G OW2 SH IY0 EY1 SH AH0 N	nɪˌɡoʊʃiˈeɪʃən
n/negotiate.txt	4	adj	negotiable	negociable -y	N AH0 G OW1 SH AH0 B AH0 L	nəˈɡoʊʃəbəl
n/negotiate.txt	5	adj	negotiatory	negociatory		
n/newt.txt	1	m n	an ewte	noute, nouts		
n/newt.txt	1	m n	neute	noute, nouts		
n/newt.txt	1	m n	newte	noute, nouts		
n/newt.txt	1	m n	newt	noute, nouts	N UW1 T	ˈnut
n/nice.txt	2	adv	nicely	nîcely	N AY1 S L IY0	ˈnaɪsli
n/nice.txt	3	m n	nicety	nîcetie -is	N AY1 S IH0 T IY0	ˈnaɪsɪti
n/nuisance.txt	1	m n	nuisance	nucence -s	N UW1 S AH0 N S	ˈnusəns
n/nun.txt	1	m n	nun	nonne, nons	N AH1 N	ˈnʌn
n/nun.txt	2	m n	nunery	nonnerie -is		
n/noose.txt	1	m n	noose	nousse -s	N UW1 S	ˈnus
n/night.txt	1	m n	night	naihte, naihts	N AY1 T	ˈnaɪt
n/night.txt	2	adv	nightly	naihtly	N AY1 T L IY0	ˈnaɪtli
n/night.txt	3	adv, f n	tonight	tonáit	T AH0 N AY1 T	təˈnaɪt
n/night.txt	3	adv, f n	tonight	tonáit	T UH0 N AY1 T	tʊˈnaɪt
n/New-York.txt	1	f n	New York	Noueórc	N UW1 Y AO1 R K	ˈnuˈjɔɹk
n/New-York.txt	2	adj, f n	New Yorker	noueórcor -s	N UW1 Y AO1 R K ER0	ˈnuˈjɔɹkɚ
n/nation.txt	1	m n	nation	nâcion -s	N EY1 SH AH0 N	ˈneɪʃən
n/nation.txt	3	f n	nationality	nacionaletie -is	N AE2 SH AH0 N AE1 L AH0 T IY0	ˌnæʃəˈnæləti
n/nation.txt	3	f n	nationality	nacionaletie -is	N AE2 SH AH0 N AE1 L IH0 T IY0	ˌnæʃəˈnælɪti
n/nation.txt	4	m n	nationalism	nacionalism -s	N AE1 SH AH0 N AH0 L IH2 Z AH0 M	ˈnæʃənəˌlɪzəm
n/nation.txt	5	v	nationalize	to nacionalyse -s -d -ing	N AE1 SH AH0 N AH0 L AY2 Z	ˈnæʃənəˌlaɪz
n/nation.txt	5	v	nationalize	to nacionalyse -s -d -ing	N AE1 SH N AH0 L AY2 Z	ˈnæʃnəˌlaɪz
n/nation.txt	6	f n	nationalization	nacionalisâcion -s	N AE2 SH AH0 N AH0 L AH0 Z EY1 SH AH0 N	ˌnæʃənələˈzeɪʃən
n/nation.txt	6	f n	nationalization	nacionalisâcion -s	N AE2 SH N AH0 L AH0 Z EY1 SH AH0 N	ˌnæʃnələˈzeɪʃən
n/nation.txt	7	adj, m n	nationalist	nacionalist -s	N AE1 SH AH0 N AH0 L AH0 S T	ˈnæʃənələst
n/nation.txt	7	adj, m n	nationalist	nacionalist -s	N AE1 SH AH0 N AH0 L IH0 S T	ˈnæʃənəlɪst
n/nation.txt	7	adj, m n	nationalist	nacionalist -s	N AE1 SH N AH0 L AH0 S T	ˈnæʃnələst
n/nation.txt	7	adj, m n	nationalist	nacionalist -s	N AE1 SH N AH0 L IH0 S T	ˈnæʃnəlɪst
n/nation.txt	8	adj, adv	nationalistic	nacionalistic -ly	N AE2 SH AH0 N AH0 L IH1 S T IH0 K	ˌnæʃənəˈlɪstɪk
n/nation.txt	8	adj, adv	nationalistic	nacionalistic -ly	N AE2 SH N AH0 L IH1 S T IH0 K	ˌnæʃnəˈlɪstɪk
n/Norway.txt	1	m n	Norway	Noruey	N AO1 R W EY2	ˈnɔɹˌweɪ
n/Norway.txt	2	f n	Norwegian	Noruígian	N AO2 R W IY1 JH AH0 N	ˌnɔɹˈwidʒən
n/Norway.txt	3	adj, f n	Norwegian	noruígian	N AO2 R W IY1 JH AH0 N	ˌnɔɹˈwidʒən
n/North-Dakota.txt	1	f n	North Dakota	Norþ Dacóta	N AO1 R TH D AH0 K OW1 T AH0	ˈnɔɹθdəˈkoʊtə
n/North-Dakota.txt	2	adj, f n	North Dakotan	norþ dacótan -s	N AO1 R TH D AH0 K OW1 T AH0 N	ˈnɔɹθdəˈkoʊtən
n/nail.txt	1	m n	nail	naile, naîls	N EY1 L	ˈneɪl
n/nail.txt	2	v	nail	to naile -s -d -ing	N EY1 L	ˈneɪl
n/nurse.txt	1	m n	nurse	nourse -s	N ER1 S	ˈnɝs
n/nurse.txt	2	v	nurse	to nourse -s -d -ing	N ER1 S	ˈnɝs
n/nurse.txt	3	m n	nursery	nourserie -is	N ER1 S ER0 IY0	ˈnɝsɚi
n/noon.txt	1	m n	noon	noune, nouns	N UW1 N	ˈnun
n/Netherlands.txt	1	m n	The Netherlands	Ћe Neþerlands	DH AH0 N EH1 DH ER0 L AH0 N D Z	ðəˈnɛðɚləndz
n/North-Carolina.txt	1	f n	North Carolina	Norþ Carolîna	N AO1 R TH K EH2 R AH0 L AY1 N AH0	ˈnɔɹθˌkɛɹəˈlaɪnə
n/North-Carolina.txt	2	adj, f n	North Carolinian	norþ carolïnian -s	N AO1 R TH K EH2 R OW0 L IH1 N IY0 AH0 N	ˈnɔɹθˌkɛɹoʊˈlɪniən
n/number.txt	1	m n	number	nombre, nombirs	N AH1 M B ER0	ˈnʌmbɚ
n/number.txt	2	v	number	to nomber nombre(s -d nombering	N AH1 M B ER0	ˈnʌmbɚ
n/nut.txt	1	m n	nut	hnote, hnots	N AH1 T	ˈnʌt
n/nut.txt	2	adj	nutty	hnoty	N AH1 T IY0	ˈnʌti
n/neuter.txt	1	adj, m n	neuter	neutre	N UW1 T ER0	ˈnutɚ
n/neuter.txt	2	v	neuter	to neuter, neutre(s, neutred, neutering	N UW1 T ER0	ˈnutɚ
n/neuter.txt	3	adj, m n	neutral	neutral	N UW1 T R AH0 L	ˈnutɹəl
n/neuter.txt	4	f n	neutrality	neutraletie -is	N UW0 T R AE1 L AH0 T IY0	nuˈtɹæləti
n/neuter.txt	5	v	neutralize	to neutralyse -s -d -ing	N UW1 T R AH0 L AY2 Z	ˈnutɹəˌlaɪz
n/novel.txt	1	adj	novel	novel	N AA1 V AH0 L	ˈnɑvəl
n/novel.txt	2	m n	novel	novele, novels	N AA1 V AH0 L	ˈnɑvəl
n/navel.txt	1	m n	nave	nâve -s	N EY1 V	ˈneɪv
n/navel.txt	2	m n	navel	nâvele, nâvels	N EY1 V AH0 L	ˈneɪvəl
n/novice.txt	1	m n	novice [OF]	novace -s	N AA1 V AH0 S AH1 V	ˈnɑvəˈsʌv
n/near.txt	1	adv, adj	near	nier -ar -est	N IH1 R	ˈnɪɹ
n/near.txt	2	v	near	to niere -s -d niering	N IH1 R	ˈnɪɹ
n/near.txt	3	adv	nearly	nierly	N IH1 R L IY0	ˈnɪɹli
n/neat.txt	1	adj	neat	nite -ly	N IY1 T	ˈnit
n/navigate.txt	1	m n	navy	nâvie -is	N EY1 V IY0	ˈneɪvi
n/navigate.txt	3	v	navigate	to navigait -s -ed -ing	N AE1 V AH0 G EY2 T	ˈnævəˌɡeɪt
n/navigate.txt	6	adj	navigational	navigâcional -ly	N AE2 V AH0 G EY1 SH AH0 N AH0 L	ˌnævəˈɡeɪʃənəl
n/navigate.txt	7	adj	navicular	navicular		
n/navigate.txt	8	m n	nave	néfe, néfs	N EY1 V	ˈneɪv
n/Nebraska.txt	1	f n	Nebraska	Nebràsca	N AH0 B R AE1 S K AH0	nəˈbɹæskə
n/Nebraska.txt	2	adj, f n	Nebraskan	nebràscan -s	N AH0 B R AE1 S K AH0 N	nəˈbɹæskən
n/Nevada.txt	1	f n	Nevada	Nevàda	N AH0 V AA1 D AH0	nəˈvɑdə
n/Nevada.txt	1	f n	Nevada	Nevàda	N AH0 V AE1 D AH0	nəˈvædə
n/Nevada.txt	2	adj, f n	Nevadan	nevàdan -s	N AH0 V AE1 D AH0 N	nəˈvædən
n/notch.txt	1	m n	notch	noc̃he -s	N AA1 CH	ˈnɑtʃ
n/notch.txt	2	v	notch	to noc̃he -s -d -ing	N AA1 CH	ˈnɑtʃ
n/numb.txt	1	adj	numb	nom	N AH1 M	ˈnʌm
n/numb.txt	2	v	numb	to nome -s -d -ing	N AH1 M	ˈnʌm
n/nourish.txt	1	v	nourish	to nourișe -s -d -ing	N ER1 IH0 SH	ˈnɝɪʃ
d/deteriorate.txt	1	v	deteriorate	to detíriorait -s -ed -ing	D IH0 T IH1 R IY0 ER0 EY2 T	dɪˈtɪɹiɚˌeɪt
d/deteriorate.txt	2	f n	deterioration	detiriorâcion -s	D IH0 T IH1 R IY0 ER0 EY2 SH AH0 N	dɪˈtɪɹiɚˌeɪʃən
d/destine.txt	1	v	destine	to dèstine -s -d -ing		
d/destine.txt	2	m n	destiny	destinie, destinis	D EH1 S T AH0 N IY0	ˈdɛstəni
d/destine.txt	3	f n	destination	destinâcion -s	D EH2 S T AH0 N EY1 SH AH0 N	ˌdɛstəˈneɪʃən
d/destine.txt	3	f n	destination	destinâcion -s	D EH2 S T IH0 N EY1 SH AH0 N	ˌdɛstɪˈneɪʃən
d/denigrate.txt	1	v	denigrate	to denigrait -s -ed -ing	D EH1 N AH0 G R EY2 T	ˈdɛnəˌɡɹeɪt
d/denigrate.txt	2	f n	denigration	denigrâcion -s		
d/decay.txt	1	v	decay	to decaie -s -d decaying	D IH0 K EY1	dɪˈkeɪ
d/decay.txt	3	adj, m n	decadent	dècadent	D EH1 K AH0 D AH0 N T	ˈdɛkədənt
d/decay.txt	4	m n	decadence	dècadence	D EH1 K AH0 D AH0 N S	ˈdɛkədəns
d/daisy.txt	1	m n	daisy	deasie, deasis	D EY1 Z IY0	ˈdeɪzi
d/deliver.txt	1	v	deliver	to delivre -s -d -ing	D IH0 L IH1 V ER0	dɪˈlɪvɚ
d/deliver.txt	2	f n	delivery	delivrie -is	D IH0 L IH1 V ER0 IY0	dɪˈlɪvɚi
d/deliver.txt	3	f n	deliverer	delivrer -s	D IH0 L IH1 V ER0 ER0	dɪˈlɪvɚɚ
d/deliver.txt	4	adj, f n	deliverable	delivrable, delivrabils	D IH0 L IH1 V ER0 AH0 B AH0 L	dɪˈlɪvɚəbəl
d/deliver.txt	4	adj, f n	deliverable	delivrable, delivrabils	D IH0 L IH1 V R AH0 B AH0 L	dɪˈlɪvɹəbəl
d/deliver.txt	5	f n	deliverance	delivrance	D IH0 L IH1 V ER0 AH0 N S	dɪˈlɪvɚəns
d/deliver.txt	5	f n	deliverance	delivrance	D IH0 L IH1 V R AH0 N S	dɪˈlɪvɹəns
d/decorate.txt	1	v	decorate	to decorait -s -ed -ing	D EH1 K ER0 EY2 T	ˈdɛkɚˌeɪt
d/decorate.txt	2	m n	decorator	decoraitor -s	D EH1 K ER0 EY2 T ER0	ˈdɛkɚˌeɪtɚ
d/decorate.txt	3	f n	decoration	decorâcion -s	D EH2 K ER0 EY1 SH AH0 N	ˌdɛkɚˈeɪʃən
d/decorate.txt	4	adj	decorative	decratif	D EH1 K R AH0 T IH0 V	ˈdɛkɹətɪv
d/digit.txt	1	m n	digit	digit -s	D IH1 JH AH0 T	ˈdɪdʒət
d/digit.txt	1	m n	digit	digit -s	D IH1 JH IH0 T	ˈdɪdʒɪt
d/digit.txt	2	adj	digital	digital	D IH1 JH AH0 T AH0 L	ˈdɪdʒətəl
d/digit.txt	2	adj	digital	digital	D IH1 JH IH0 T AH0 L	ˈdɪdʒɪtəl
d/digit.txt	3	v	digitize	to digityse -s -d -ing	D IH1 JH AH0 T AY2 Z	ˈdɪdʒəˌtaɪz
d/doom.txt	1	m n	doom	doume	D UW1 M	ˈdum
d/doom.txt	2	v	doom	to doume -s -d -ing	D UW1 M	ˈdum
d/determine.txt	1	v	determine	to detêmine -s -d -ing	D AH0 T ER1 M AH0 N	dəˈtɝmən
d/determine.txt	1	v	determine	to detêmine -s -d -ing	D IH0 T ER1 M AH0 N	dɪˈtɝmən
d/determine.txt	3	f n	determination	determinâcion -s	D IH0 T ER2 M AH0 N EY1 SH AH0 N	dɪˌtɝməˈneɪʃən
d/determine.txt	4	adj	determinative	detêminatif	D IH0 T ER1 M IH0 N AH0 T IH2 V	dɪˈtɝmɪnəˌtɪv
d/determine.txt	5	f n	determinative	detêminatif -s	D IH0 T ER1 M IH0 N AH0 T IH2 V	dɪˈtɝmɪnəˌtɪv
d/determine.txt	6	adj	determinate	detêminate	D IH0 T ER1 M AH0 N EY2 T	dɪˈtɝməˌneɪt
d/determine.txt	7	adj, f n	determinant	detêminant -s	D IH0 T ER1 M AH0 N AH0 N T	dɪˈtɝmənənt
d/determine.txt	8	f n	determinism	detêminism	D IH0 T ER1 M AH0 N IH2 Z AH0 M	dɪˈtɝməˌnɪzəm
d/determine.txt	9	f n	determinist	detêminist -s	D IH0 T ER1 M AH0 N AH0 S T	dɪˈtɝmənəst
d/dim.txt	1	adj	dim	dim	D IH1 M	ˈdɪm
d/dim.txt	2	v	dim	to dimme dim(s dimmed dimming	D IH1 M	ˈdɪm
d/dim.txt	3	m n	dimmer	dimmer -s	D IH1 M ER0	ˈdɪmɚ
d/drab.txt	1	m n	drab	drabe, drabs	D R AE1 B	ˈdɹæb
d/drab.txt	2	adj	drab	drab	D R AE1 B	ˈdɹæb
d/down.txt	1	prep, adv	down	dôn	D AW1 N	ˈdaʊn
d/down.txt	2	v	down	to dône -s -d -ing	D AW1 N	ˈdaʊn
d/down.txt	3	m n	down	dône, dôns	D AW1 N	ˈdaʊn
d/disperse.txt	1	v	disperse	to disperse -s -d -ing	D IH0 S P ER1 S	dɪˈspɝs
d/disperse.txt	2	f n	dispersion	dispêsion -s	D IH0 S P ER1 ZH AH0 N	dɪˈspɝʒən
d/disperse.txt	3	f n	dispersal	dispêrsal -s	D IH0 S P ER1 S AH0 L	dɪˈspɝsəl
d/disperse.txt	4	f n	dispersant	dispêrsant -s	D IH2 S P ER1 S AH0 N T	ˌdɪˈspɝsənt
d/district.txt	2	v	district	to dïstricte dïstrics -d -ing	D IH1 S T R IH0 K T	ˈdɪstɹɪkt
d/devil.txt	1	m n	devil	devele, devils	D EH1 V AH0 L	ˈdɛvəl
d/devil.txt	2	adj	devilish	devilisce	D EH1 V L IH0 SH	ˈdɛvlɪʃ
d/dress.txt	1	v	dress	to dresse -s -d -ing	D R EH1 S	ˈdɹɛs
d/dress.txt	2	m n	dress	dress -es	D R EH1 S	ˈdɹɛs
d/dog.txt	1	m n	dog	dogue, dogs	D AO1 G	ˈdɔɡ
d/dog.txt	2	v	dog	to dogue dog(s -d -ing	D AO1 G	ˈdɔɡ
d/defer.txt	1	v	defer	to defêr defê(s defêd defêring	D IH0 F ER1	dɪˈfɝ
d/defer.txt	2	m n	deference	defrence -s	D EH1 F ER0 AH0 N S	ˈdɛfɚəns
d/defer.txt	2	m n	deference	defrence -s	D EH1 F R AH0 N S	ˈdɛfɹəns
d/defer.txt	3	obs	deferent	defrent		
d/defer.txt	4	adj, f n	deferential	deferencial -ly	D EH2 F ER0 EH1 N CH AH0 L	ˌdɛfɚˈɛntʃəl
d/defer.txt	4	adj, f n	deferential	deferencial -ly	D EH2 F ER0 EH1 N SH AH0 L	ˌdɛfɚˈɛnʃəl
d/defer.txt	5	f n	deferment	defêment -s	D IH0 F ER1 M AH0 N T	dɪˈfɝmənt
d/defer.txt	6	f n	deferral	defêral -s	D IH0 F ER1 AH0 L	dɪˈfɝəl
d/desk.txt	1	m n	desk	desc -s	D EH1 S K	ˈdɛsk
d/drink.txt	1	irv	drink	to drinc -s drânc dronc drinching	D R IH1 NG K	ˈdɹɪŋk
d/diaphragm.txt	1	m n	diaphragm	dîaphragme, dîaphragms	D AY1 AH0 F R AE2 M	ˈdaɪəˌfɹæm
d/diaphragm.txt	2	adj	diaphragmatic	dîaphragmatic		
d/disturb.txt	1	v	disturb	to desturbe -s -d -ing	D IH0 S T ER1 B	dɪˈstɝb
d/disturb.txt	2	f n	disturbance	destûrbance -s	D IH0 S T ER1 B AH0 N S	dɪˈstɝbəns
d/decrease.txt	1	v	decrease	to dicreice -s -d -ing	D IH0 K R IY1 S	dɪˈkɹis
d/decrease.txt	1	v	decrease	to dicreice -s -d -ing	D IY1 K R IY2 S	ˈdiˌkɹis
d/decrease.txt	2	m n	decrease	dicreice -s	D IH0 K R IY1 S	dɪˈkɹis
d/decrease.txt	2	m n	decrease	dicreice -s	D IY1 K R IY2 S	ˈdiˌkɹis
d/ditch.txt	1	m n	ditch	dic̃e -s	D IH1 CH	ˈdɪtʃ
d/ditch.txt	2	v	ditch	to dic̃e -s -d -ing	D IH1 CH	ˈdɪtʃ
d/dispose.txt	1	v	dispose	to dispose -s -d -ing	D IH0 S P OW1 Z	dɪˈspoʊz
d/dispose.txt	2	f n	disposal	dispósal -s	D IH0 S P OW1 Z AH0 L	dɪˈspoʊzəl
d/dispose.txt	3	adj	disposable	dispósable	D IH0 S P OW1 Z AH0 B AH0 L	dɪˈspoʊzəbəl
d/dispose.txt	4	f n	disposition	disposicion -s	D IH2 S P AH0 Z IH1 SH AH0 N	ˌdɪspəˈzɪʃən
d/deny.txt	1	v	deny	to denîe -s -d denyhing	D IH0 N AY1	dɪˈnaɪ
d/deny.txt	2	f n	denial	denîal -s	D IH0 N AY1 AH0 L	dɪˈnaɪəl
d/damson.txt	1	m n	damson	damson -s	D AE1 M S AH0 N	ˈdæmsən
d/dialect.txt	1	m n	dialect	dîalect, dîalecs	D AY1 AH0 L EH2 K T	ˈdaɪəˌlɛkt
d/dialect.txt	2	adj, f n	dialectic	dîalectic -s -al	D AY2 AH0 L EH1 K T IH0 K	ˌdaɪəˈlɛktɪk
d/dialect.txt	3	adj	dialectal	dîalectal		
d/depress.txt	1	v	depress	to depresse -s -d -ing	D IH0 P R EH1 S	dɪˈpɹɛs
d/depress.txt	2	f n	depressant	deprèssant -s	D IH0 P R EH1 S AH0 N T	dɪˈpɹɛsənt
d/depress.txt	3	f n	depression	depression	D IH0 P R EH1 SH AH0 N	dɪˈpɹɛʃən
d/depress.txt	4	adj	depressive	depressif	D IH0 P R EH1 S IH0 V	dɪˈpɹɛsɪv
d/drear.txt	1	adj	dreary	driory	D R IH1 R IY0	ˈdɹɪɹi
d/drear.txt	2	adj	drear	drior		
d/debauch.txt	1	v	debauch	to debauc̃e -s -d -ing		
d/debauch.txt	2	f n	debauch	debauc̃e -s		
d/debauch.txt	3	f n	debauchery	debauc̃erie -is	D AH0 B AO1 CH ER0 IY0	dəˈbɔtʃɚi
d/degree.txt	1	f n	degree	degríe, degrís	D IH0 G R IY1	dɪˈɡɹi
d/develop.txt	1	v	develop	to devèlope -s -d -ing	D IH0 V EH1 L AH0 P	dɪˈvɛləp
d/develop.txt	2	f n	developer	devèloper -s	D IH0 V EH1 L AH0 P ER0	dɪˈvɛləpɚ
d/develop.txt	3	f n	development	devèlopment -s	D IH0 V EH1 L AH0 P M AH0 N T	dɪˈvɛləpmənt
d/develop.txt	4	adj	developmental	developmental	D IH0 V EH2 L AH0 P M EH1 N T AH0 L	dɪˌvɛləpˈmɛntəl
d/develop.txt	4	adj	developmental	developmental	D IH0 V EH2 L AH0 P M EH1 N AH0 L	dɪˌvɛləpˈmɛnəl
d/daimon.txt	1	m n	daimon	dáimon -s		
d/discolor.txt	1	v	discolor	to discolore -s -d -ing	D IH0 S K AH1 L ER0	dɪˈskʌlɚ
d/discolor.txt	2	f n	discoloration	discolorâcion -s	D IH0 S K AH2 L ER0 EY1 SH AH0 N	dɪˌskʌlɚˈeɪʃən
d/detergent.txt	1	f n	detergent	detêgent -s	D IH0 T ER1 JH AH0 N T	dɪˈtɝdʒənt
d/distract.txt	1	v	distract	to destracte destracs -d -ing	D IH0 S T R AE1 K T	dɪˈstɹækt
d/distract.txt	2	f n	distraction	destraccion -s	D IH0 S T R AE1 K SH AH0 N	dɪˈstɹækʃən
d/derelict.txt	1	adj	derelict	derelict	D EH1 R AH0 L IH2 K T	ˈdɛɹəˌlɪkt
d/derelict.txt	2	m n	derelict	derelict, derelics	D EH1 R AH0 L IH2 K T	ˈdɛɹəˌlɪkt
d/derelict.txt	3	f n	dereliction	dereliccion -s	D EH2 R AH0 L IH1 K SH AH0 N	ˌdɛɹəˈlɪkʃən
d/deputy.txt	1	m n	deputy	deputie, deputis	D EH1 P Y AH0 T IY0	ˈdɛpjəti
d/deputy.txt	1	m n	deputy	deputie, deputis	D EH1 P Y UW0 T IY0	ˈdɛpjuti
d/deputy.txt	2	v	depute	to depute -s -d -ing		
d/deputy.txt	3	f n	deputation	deputâcion -s		
d/deputy.txt	4	v	deputize	to deputyse -s -d -ing	D EH1 P Y AH0 T AY2 Z	ˈdɛpjəˌtaɪz
d/dozen.txt	1	m n	dozen	dozene, dozens	D AH1 Z AH0 N	ˈdʌzən
d/dilute.txt	1	v	dilute	to dilute -s -d -ing	D AY0 L UW1 T	daɪˈlut
d/dilute.txt	1	v	dilute	to dilute -s -d -ing	D IH0 L UW1 T	dɪˈlut
d/dilute.txt	2	f n	dilution	dilúcion -s	D AY0 L UW1 SH AH0 N	daɪˈluʃən
d/dilute.txt	2	f n	dilution	dilúcion -s	D IH0 L UW1 SH AH0 N	dɪˈluʃən
d/dollar.txt	1	m n	dollar	dálar -s	D AA1 L ER0	ˈdɑlɚ
d/dollar.txt	1	m n	dollar	dálar -s	D AO1 L ER0	ˈdɔlɚ
d/demolish.txt	1	v	demolish	to demolișe -s -d -ing	D IH0 M AA1 L IH0 SH	dɪˈmɑlɪʃ
d/drudge.txt	1	v	drudge	to dreuge -s -d -ing	D R AH1 JH	ˈdɹʌdʒ
d/drudge.txt	2	m n	drudge	dreuge -s	D R AH1 JH	ˈdɹʌdʒ
d/drudge.txt	3	m n	drudgery	dreugerie, dreugeris	D R AH1 JH ER0 IY0	ˈdɹʌdʒɚi
d/dolt.txt	1	m n	dolt	dólte, dólts		
d/dash.txt	1	v	dash	to dasce -s -d -ing	D AE1 SH	ˈdæʃ
d/dash.txt	2	m n	dash	dasce -s	D AE1 SH	ˈdæʃ
d/divorce.txt	2	v	divorce	to divorce -s -d -ing	D IH0 V AO1 R S	dɪˈvɔɹs
d/democracy.txt	1	f n	democracy	democracie -is	D IH0 M AA1 K R AH0 S IY0	dɪˈmɑkɹəsi
d/democracy.txt	2	m n	democrat	democrate, democrats	D EH1 M AH0 K R AE2 T	ˈdɛməˌkɹæt
d/democracy.txt	3	adj	democratic	democratic -ly	D EH2 M AH0 K R AE1 T IH0 K	ˌdɛməˈkɹætɪk
d/democracy.txt	4	v	democratize	to democratyse -s -d -ing	D IH0 M AA1 K R AH0 T AY2 Z	dɪˈmɑkɹəˌtaɪz
d/democracy.txt	5	f n	democratization	democratisâcion -s	D IH0 M AA2 K R AH0 T AH0 Z EY1 SH AH0 N	dɪˌmɑkɹətəˈzeɪʃən
d/duchess.txt	1	m n	duchess	duc̃ess -es	D AH1 CH AH0 S	ˈdʌtʃəs
d/dolphin.txt	1	m n	dolphin	daulfin -s	D AA1 L F AH0 N	ˈdɑlfən
d/distress.txt	1	v	distress	to destresse -s -d -ing	D IH0 S T R EH1 S	dɪˈstɹɛs
d/distress.txt	2	f n	distress	destresse	D IH0 S T R EH1 S	dɪˈstɹɛs
d/discipline.txt	2	v	discipline	to discipline -s -d -ing	D IH1 S AH0 P L AH0 N	ˈdɪsəplən
d/discipline.txt	3	adj, m n	disciplinary	disciplinairy; disciplinarie -is	D IH1 S AH0 P L AH0 N EH2 R IY0	ˈdɪsəpləˌnɛɹi
d/discipline.txt	4	f n	disciplinarian	disciplinârian -s	D IH2 S IH0 P L IH0 N EH1 R IY0 AH0 N	ˌdɪsɪplɪˈnɛɹiən
d/discuss.txt	1	v	discuss	to discusse -s -d -ing	D IH0 S K AH1 S	dɪˈskʌs
d/deserve.txt	1	v	deserve	to desêve -s -d -ing	D IH0 Z ER1 V	dɪˈzɝv
d/dynamic.txt	1	adj	dynamic	dynamic	D AY0 N AE1 M IH0 K	daɪˈnæmɪk
d/dynamic.txt	2	f n	dynamic	dynamic -s	D AY0 N AE1 M IH0 K	daɪˈnæmɪk
d/disappear.txt	1	v	disappear	to disappire -s -d -ing	D IH2 S AH0 P IH1 R	ˌdɪsəˈpɪɹ
d/disappear.txt	1	v	disappear	to disappire -s -d -ing	D IH2 S AH0 P IY1 R	ˌdɪsəˈpiɹ
d/disappear.txt	2	f n	disappearance	disappirence -s	D IH2 S AH0 P IH1 R AH0 N S	ˌdɪsəˈpɪɹəns
d/disappear.txt	2	f n	disappearance	disappirence -s	D IH2 S AH0 P IY1 R AH0 N S	ˌdɪsəˈpiɹəns
d/dock.txt	1	v	dock	to doc -s doched doching	D AA1 K	ˈdɑk
d/dock.txt	2	m n	dock	doc, dox	D AA1 K	ˈdɑk
d/dew.txt	1	m n	dew	deue	D UW1	ˈdu
d/dote.txt	1	v	dote	to dote -s -d -ing	D OW1 T	ˈdoʊt
d/dote.txt	2	m n	dote	dote, doats	D OW1 T	ˈdoʊt
d/disparity.txt	1	f n	disparity	dispairetie, dispairetis	D IH0 S P EH1 R AH0 T IY0	dɪˈspɛɹəti
d/dawdle.txt	1	v	dawdle	to daudle -s -d -ing	D AO1 D AH0 L	ˈdɔdəl
d/debut.txt	1	f n	debut	debúe, debús	D EY0 B Y UW1	deɪˈbju
d/debut.txt	1	f n	debut	debúe, debús	D EY1 B Y UW0	ˈdeɪbju
d/debut.txt	2	v	debut	to debúe -s -d -ing	D EY0 B Y UW1	deɪˈbju
d/debut.txt	2	v	debut	to debúe -s -d -ing	D EY1 B Y UW0	ˈdeɪbju
d/Denmark.txt	1	m n	Denmark	Dainmarc	D EH1 N M AA2 R K	ˈdɛnˌmɑɹk
d/Denmark.txt	2	m n	Dane	dâne, dâns	D EY1 N	ˈdeɪn
d/Denmark.txt	3	m n	Danish	Dânisce	D EY1 N IH0 SH	ˈdeɪnɪʃ
d/Denmark.txt	4	adj, m n	Danish	dânisce	D EY1 N IH0 SH	ˈdeɪnɪʃ
d/dilapidate.txt	1	v	dilapidate	to dilàpidait -s -ed -ing	D AH0 L AE1 P AH0 D EY2 T	dəˈlæpəˌdeɪt
d/dilapidate.txt	2	f n	dilapidation	dilapidâcion -s		
d/decide.txt	1	v	decide	to decîde -s -d -ing	D IH2 S AY1 D	ˌdɪˈsaɪd
d/decide.txt	2	f n	decision	decision -s	D IH0 S IH1 ZH AH0 N	dɪˈsɪʒən
d/decide.txt	3	adj	decisive	decîssif -ness	D IH0 S AY1 S IH0 V	dɪˈsaɪsɪv
d/decide.txt	4	adj	deciduous	decid̦ueus -ness	D IH2 S IH1 JH UW0 AH0 S	ˌdɪˈsɪdʒuəs
d/dialogue.txt	1	m n	dialogue	dîalogue, dîalogs	D AY1 AH0 L AO2 G	ˈdaɪəˌlɔɡ
d/dialogue.txt	2	v	dialogue	to dîalogue dîalog(s -d -ing	D AY1 AH0 L AO2 G	ˈdaɪəˌlɔɡ
d/deconstruct.txt	1	v	deconstruct	to diconstructe diconstrucs -d -ing	D IY2 K AH0 N S T R AH1 K T	ˌdikənˈstɹʌkt
d/deconstruct.txt	2	f n	deconstruction	diconstruccion -s	D IY0 K AH0 N S T R AH1 K SH AH0 N	dikənˈstɹʌkʃən
d/deconstruct.txt	3	adj	deconstructive	diconstructif		
d/devoid.txt	1	adj	devoid	devoid	D IH0 V OY1 D	dɪˈvɔɪd
d/decent.txt	1	adj	decent	dícent -ly	D IY1 S AH0 N T	ˈdisənt
d/decent.txt	2	m n	decency	dícencie -is	D IY1 S AH0 N S IY0	ˈdisənsi
d/diaphanous.txt	1	adj	diaphanous	dîaphanus	D AY0 AE1 F AH0 N IH0 S	daɪˈæfənɪs
d/deter.txt	1	v	deter	to detêr detê(s detêd detêring	D IH0 T ER1	dɪˈtɝ
d/deter.txt	2	f n	deterrent	detêrent -s	D IH0 T ER1 R AH0 N T	dɪˈtɝɹənt
d/deter.txt	3	f n	deterrence	detêrence -s	D IH0 T ER1 AH0 N S	dɪˈtɝəns
d/deity.txt	1	m n	deity	deïtie, deïtis	D IY1 AH0 T IY0	ˈdiəti
d/deity.txt	2	v	deify	to deïfae -s -d deïfyhing	D IY1 AH0 F AY2	ˈdiəˌfaɪ
d/deity.txt	3	f n	deification	deïficâcion -s	D IY2 AH0 F AH0 K EY1 SH AH0 N	ˌdiəfəˈkeɪʃən
d/depart.txt	1	v	depart	to departe -s -d -ing	D IH0 P AA1 R T	dɪˈpɑɹt
d/depart.txt	2	f n	department	departement -s	D IH0 P AA1 R T M AH0 N T	dɪˈpɑɹtmənt
d/depart.txt	3	adj	departmental	departemental	D IH0 P AA2 R T M EH1 N AH0 L	dɪˌpɑɹtˈmɛnəl
d/depart.txt	3	adj	departmental	departemental	D IH0 P AA2 R T M EH1 N T AH0 L	dɪˌpɑɹtˈmɛntəl
d/depart.txt	4	f n	departure	deparțure, deparțurs	D IH0 P AA1 R CH ER0	dɪˈpɑɹtʃɚ
d/desire.txt	2	v	desire	to desîer desîre(s desîred desîering	D IH0 Z AY1 ER0	dɪˈzaɪɚ
d/desire.txt	3	adj	desirable	desîrable -y	D IH0 Z AY1 R AH0 B AH0 L	dɪˈzaɪɹəbəl
d/desire.txt	3	adj	desirable	desîrable -y	D IH0 Z AY1 ER0 AH0 B AH0 L	dɪˈzaɪɚəbəl
d/delay.txt	1	v	delay	to delaie -s -d delaying	D IH0 L EY1	dɪˈleɪ
d/delay.txt	2	f n	delay	delaie, delays	D IH0 L EY1	dɪˈleɪ
d/delay.txt	3	adj	delayable	delayable		
d/descend.txt	1	v	descend	to descende -s -d -ing	D IH0 S EH1 N D	dɪˈsɛnd
d/descend.txt	2	f n	descent	descente, descènts	D IH0 S EH1 N T	dɪˈsɛnt
d/descend.txt	3	adj, f n	descendant	descendent -s	D IH0 S EH1 N D AH0 N T	dɪˈsɛndənt
d/dinar.txt	1	f n	dinar	dinare, dinárs	D IH0 N AA1 R	dɪˈnɑɹ
d/dread.txt	1	v	dread	to draide -s -d -ing	D R EH1 D	ˈdɹɛd
d/dread.txt	2	adj, m n	dread	draid -s	D R EH1 D	ˈdɹɛd
d/dictionary.txt	1	m n	dictionary	diccionarie -is	D IH1 K SH AH0 N EH2 R IY0	ˈdɪkʃəˌnɛɹi
d/dictionary.txt	2	m n	diction	diccion	D IH1 K SH AH0 N	ˈdɪkʃən
d/doe.txt	1	m n	doe	doe, doas	D OW1	ˈdoʊ
d/dinghy.txt	1	m n	dinghy	dinguie, dinguis	D IH1 NG IY0	ˈdɪŋi
d/dean.txt	1	m n	dean	diene, diens	D IY1 N	ˈdin
d/dean.txt	2	m n	doyen	doyen -s	D OY1 IH0 N	ˈdɔɪɪn
d/dial.txt	1	m n	dial	dîale, dîals	D AY1 AH0 L	ˈdaɪəl
d/dial.txt	1	m n	dial	dîale, dîals	D AY1 L	ˈdaɪl
d/dial.txt	2	v	dial	to dîale -s -d -ing	D AY1 AH0 L	ˈdaɪəl
d/dial.txt	2	v	dial	to dîale -s -d -ing	D AY1 L	ˈdaɪl
d/divine.txt	1	adj, adv	divine	divîne -ly	D IH0 V AY1 N	dɪˈvaɪn
d/divine.txt	2	v	divine	to divîne -s -d -ing	D IH0 V AY1 N	dɪˈvaɪn
d/divine.txt	3	f n	divine	divîne, divîns	D IH0 V AY1 N	dɪˈvaɪn
d/divine.txt	4	f n	divinity	divinitie -is	D IH0 V IH1 N AH0 T IY0	dɪˈvɪnəti
d/diet.txt	1	m n	diet	dîate, dîats	D AY1 AH0 T	ˈdaɪət
d/diet.txt	2	v	diet	to dîate -s -d -ing	D AY1 AH0 T	ˈdaɪət
d/deem.txt	1	v	deem	to dieme -s -d -ing	D IY1 M	ˈdim
d/decline.txt	1	v	decline	to declîne -s -d -ing	D IH0 K L AY1 N	dɪˈklaɪn
d/decline.txt	2	f n	decline	declîne, declîns	D IH0 K L AY1 N	dɪˈklaɪn
d/decline.txt	3	f n	decliner	declîner -s	D IH0 K L AY1 N ER0	dɪˈklaɪnɚ
d/decline.txt	4	f n	declination	declinâcion -s		
d/decline.txt	5	adj	declinable	declînable		
d/detriment.txt	1	m n	detriment	dètriment -s	D EH1 T R AH0 M AH0 N T	ˈdɛtɹəmənt
d/detriment.txt	2	adj	detrimental	detrimental	D EH2 T R AH0 M EH1 N T AH0 L	ˌdɛtɹəˈmɛntəl
d/detriment.txt	2	adj	detrimental	detrimental	D EH2 T R AH0 M EH1 N AH0 L	ˌdɛtɹəˈmɛnəl
d/displace.txt	1	v	displace	to desplâce -s -d -ing	D IH0 S P L EY1 S	dɪˈspleɪs
d/displace.txt	2	f n	displacement	desplâcement -s	D IH0 S P L EY1 S M AH0 N T	dɪˈspleɪsmənt
d/dismay.txt	1	v	dismay	to dismaie -s -d dismaying	D IH0 S M EY1	dɪˈsmeɪ
d/dismay.txt	2	f n	dismay	dismaie	D IH0 S M EY1	dɪˈsmeɪ
d/duo.txt	1	m n	duo	dúo -s	D UW1 OW0	ˈduoʊ
d/discourage.txt	1	v	discourage	to descoûrage -s -d -ing	D IH0 S K ER1 IH0 JH	dɪˈskɝɪdʒ
d/discourage.txt	2	f n	discouragement	descoûragement -s	D IH0 S K ER1 IH0 JH M AH0 N T	dɪˈskɝɪdʒmənt
d/deposit.txt	1	f n	deposit	deposit -s	D AH0 P AA1 Z IH0 T	dəˈpɑzɪt
d/deposit.txt	1	f n	deposit	deposit -s	D IH0 P AA1 Z AH0 T	dɪˈpɑzət
d/deposit.txt	2	v	deposit	to depositte deposit(s -d -ing	D AH0 P AA1 Z IH0 T	dəˈpɑzɪt
d/deposit.txt	2	v	deposit	to depositte deposit(s -d -ing	D IH0 P AA1 Z AH0 T	dɪˈpɑzət
d/deposit.txt	3	f n	deposition	deposicion	D EH2 P AH0 Z IH1 SH AH0 N	ˌdɛpəˈzɪʃən
d/deposit.txt	4	f n	depository	depositorie, depositoris	D IH0 P AA1 Z AH0 T AO2 R IY0	dɪˈpɑzəˌtɔɹi
d/dance.txt	1	v	dance	to dance -s -d -ing	D AE1 N S	ˈdæns
d/dance.txt	2	m n	dance	dance -s	D AE1 N S	ˈdæns
d/drip.txt	1	m n	drip	drippe, drips	D R IH1 P	ˈdɹɪp
d/drip.txt	2	v	drip	to drippe drip(s dripped dripping	D R IH1 P	ˈdɹɪp
d/doubt.txt	1	v	doubt	to dôute -s -d -ing	D AW1 T	ˈdaʊt
d/doubt.txt	2	m n	doubt	dôute, dôuts	D AW1 T	ˈdaʊt
d/doubt.txt	3	adj	doubtful	dôutful	D AW1 T F AH0 L	ˈdaʊtfəl
d/doubt.txt	4	adj	doubtless	dôutless -ly	D AW1 T L AH0 S	ˈdaʊtləs
d/diversify.txt	1	adj	diverse	diverse	D AY0 V ER1 S	daɪˈvɝs
d/diversify.txt	1	adj	diverse	diverse	D IH0 V ER1 S	dɪˈvɝs
d/diversify.txt	2	f n	diversity	divêrsetie -is	D IH0 V ER1 S IH0 T IY0	dɪˈvɝsɪti
d/diversify.txt	2	f n	diversity	divêrsetie -is	D AY0 V ER1 S IH0 T IY0	daɪˈvɝsɪti
d/diversify.txt	3	v	diversify	to divêrsifae -s -d divêrsifyhing	D AY0 V ER1 S AH0 F AY2	daɪˈvɝsəˌfaɪ
d/diversify.txt	3	v	diversify	to divêrsifae -s -d divêrsifyhing	D IH0 V ER1 S AH0 F AY2	dɪˈvɝsəˌfaɪ
d/diversify.txt	4	f n	diversification	diversificâcion -s	D AY0 V ER2 S AH0 F AH0 K EY1 SH AH0 N	daɪˌvɝsəfəˈkeɪʃən
d/diversify.txt	4	f n	diversification	diversificâcion -s	D IH0 V ER2 S AH0 F AH0 K EY1 SH AH0 N	dɪˌvɝsəfəˈkeɪʃən
d/dare.txt	1	v	dare	to daire -s -d -ing	D EH1 R	ˈdɛɹ
d/dare.txt	2	m n	dare	daire, dairs	D EH1 R	ˈdɛɹ
d/drive.txt	1	irv	drive	to drîve -s droave drivan -ing	D R AY1 V	ˈdɹaɪv
d/drive.txt	2	m n	drive	drîve -s	D R AY1 V	ˈdɹaɪv
d/distinct.txt	1	adj	distinct	distínct -if -ly	D IH0 S T IH1 NG K T	dɪˈstɪŋkt
d/danger.txt	1	m n	danger	dângere, dângiars	D EY1 N JH ER0	ˈdeɪndʒɚ
d/danger.txt	2	adj	dangerous	dângerus -ly	D EY1 N JH ER0 AH0 S	ˈdeɪndʒɚəs
d/derive.txt	1	v	derive	to derîve -s -d -ing	D ER0 AY1 V	dɚˈaɪv
d/derive.txt	2	adj	derivate	derivate		
d/derive.txt	3	m n	derivate	derivate, derivats		
d/derive.txt	4	adj	derivative	derivatif -vly -ness	D ER0 IH1 V AH0 T IH0 V	dɚˈɪvətɪv
d/derive.txt	4	adj	derivative	derivatif -vly -ness	D ER0 IH1 V IH0 T IH0 V	dɚˈɪvɪtɪv
d/derive.txt	5	f n	derivative	derivatif -s	D ER0 IH1 V AH0 T IH0 V	dɚˈɪvətɪv
d/derive.txt	5	f n	derivative	derivatif -s	D ER0 IH1 V IH0 T IH0 V	dɚˈɪvɪtɪv
d/derive.txt	6	f n	derivation	derivâcion -s	D EH2 R AH0 V EY1 SH AH0 N	ˌdɛɹəˈveɪʃən
d/derive.txt	7	adj	derivational	derivâcional -ly		
d/doll.txt	1	m n	Dorothy	dolle, dolls	D AO1 R AH0 TH IY0	ˈdɔɹəθi
d/doll.txt	1	m n	Dorothy	dolle, dolls	D AO1 R TH IY0	ˈdɔɹθi
d/doll.txt	1	m n	doll	dolle, dolls	D AA1 L	ˈdɑl
d/day.txt	1	m n	day	daie, days	D EY1	ˈdeɪ
d/day.txt	2	adj	daily	daîly	D EY1 L IY0	ˈdeɪli
d/day.txt	3	adv, f n, adj	today	todaie	T AH0 D EY1	təˈdeɪ
d/day.txt	3	adv, f n, adj	today	todaie	T UW0 D EY1	tuˈdeɪ
d/day.txt	4	f n	midday	middaie	M IH1 D D EY2	ˈmɪdˌdeɪ
d/day.txt	5	f n	yesterday	yesterdaie	Y EH1 S T ER0 D EY2	ˈjɛstɚˌdeɪ
d/day.txt	5	f n	yesterday	yesterdaie	Y EH1 S T ER0 D IY0	ˈjɛstɚdi
d/dormitory.txt	1	m n	dormitory	dormitorie, dormitoris	D AO1 R M AH0 T AO2 R IY0	ˈdɔɹməˌtɔɹi
d/distribute.txt	1	v	distribute	to distrïbute -s -d -ing	D IH0 S T R IH1 B Y UW0 T	dɪˈstɹɪbjut
d/distribute.txt	3	f n	distribution	distribúcion -s	D IH2 S T R AH0 B Y UW1 SH AH0 N	ˌdɪstɹəˈbjuʃən
d/distribute.txt	4	adj	distributive	distrïbutif	D IH0 S T R IH1 B Y UW0 T IH0 V	dɪˈstɹɪbjutɪv
d/disdain.txt	1	v	disdain	to desdaine -s -d -ing	D IH0 S D EY1 N	dɪsˈdeɪn
d/disdain.txt	2	f n	disdain	desdaine	D IH0 S D EY1 N	dɪsˈdeɪn
d/drizzle.txt	1	m n	drizzle	drisele, drisels	D R IH1 Z AH0 L	ˈdɹɪzəl
d/drizzle.txt	2	v	drizzle	to drisele -s -d -ing	D R IH1 Z AH0 L	ˈdɹɪzəl
d/defecate.txt	1	v	defecate	to defecait -s -d -ing		
d/defecate.txt	2	f n	defecation	defecâcion -s		
d/dedicate.txt	1	v	dedicate	to dedicait -s -ed -ing	D EH1 D AH0 K EY2 T	ˈdɛdəˌkeɪt
d/dedicate.txt	2	f n	dedication	dedicâcion -s	D EH2 D AH0 K EY1 SH AH0 N	ˌdɛdəˈkeɪʃən
d/dodge.txt	1	v	dodge	to dáge -s -d -ing	D AA1 JH	ˈdɑdʒ
d/dodge.txt	2	m n	dodge	dáge -s	D AA1 JH	ˈdɑdʒ
d/dodge.txt	3	m n	dodger	dáger -s	D AA1 JH ER0	ˈdɑdʒɚ
d/dodge.txt	4	adj	dodgy	dágy		
d/dodge.txt	5	m n	dodgem	dágem -s		
d/dye.txt	1	m n	dye	dyhe, dyhs	D AY1	ˈdaɪ
d/dye.txt	2	v	dye	to dyhe -s -d -ing	D AY1	ˈdaɪ
d/disrupt.txt	1	v	disrupt	to disropte disrops -d -ing	D IH0 S R AH1 P T	dɪsˈɹʌpt
d/disrupt.txt	2	f n	disruption	disroption -s	D IH0 S R AH1 P SH AH0 N	dɪsˈɹʌpʃən
d/disrupt.txt	3	adj	disruptive	disroptif -vly	D IH0 S R AH1 P T IH0 V	dɪsˈɹʌptɪv
d/drool.txt	1	m n	drivel	droule	D R IH1 V AH0 L	ˈdɹɪvəl
d/drool.txt	1	m n	drool	droule	D R UW1 L	ˈdɹul
d/drool.txt	2	v	drool	to droule -s -d -ing	D R UW1 L	ˈdɹul
d/date.txt	3	v	date	to dâte -s -d -ing	D EY1 T	ˈdeɪt
d/dais.txt	1	m n	dais	dâis, dâies	D EY1 Z	ˈdeɪz
d/dump.txt	1	v	dump	to dompe -s -d -ing	D AH1 M P	ˈdʌmp
d/dump.txt	2	m n	dump	dompe, domps	D AH1 M P	ˈdʌmp
d/demon.txt	1	m n	demon	dímon -s	D IY1 M AH0 N	ˈdimən
d/demon.txt	2	v	demonize	to dímonyse -s -d -ing	D IY1 M AH0 N AY2 Z	ˈdiməˌnaɪz
d/demon.txt	3	adj	demonic	demonic -ly	D IH0 M AA1 N IH0 K	dɪˈmɑnɪk
d/deport.txt	1	v	deport	to deporte -s -d -ing	D IH0 P AO1 R T	dɪˈpɔɹt
d/deport.txt	2	f n	deportee	deportíe, deportís	D IY2 P AO0 R T IY1	ˌdipɔɹˈti
d/deport.txt	3	f n	deportation	deportâcion -s	D IY2 P AO0 R T EY1 SH AH0 N	ˌdipɔɹˈteɪʃən
d/deport.txt	4	f n	deportment	deportement -s	D AH0 P AO1 R T M AH0 N T	dəˈpɔɹtmənt
d/depot.txt	1	m n	depot	dípo -s	D IY1 P OW0	ˈdipoʊ
d/defend.txt	1	v	defend	to defende -s -d -ing	D IH0 F EH1 N D	dɪˈfɛnd
d/defend.txt	2	f n	defendant	defendant -s	D IH0 F EH1 N D AH0 N T	dɪˈfɛndənt
d/defend.txt	3	f n	defender	defender	D IH0 F EH1 N D ER0	dɪˈfɛndɚ
d/defend.txt	4	f n	defense	defense -s	D IH0 F EH1 N S	dɪˈfɛns
d/defend.txt	5	m n	defense	dífense	D IH0 F EH1 N S	dɪˈfɛns
d/Dutch.txt	1	m n	Dutch	Dutș	D AH1 CH	ˈdʌtʃ
d/Dutch.txt	2	m n, adj	Dutch	dutș	D AH1 CH	ˈdʌtʃ
d/disaster.txt	1	f n	disaster	desastre, desasters	D IH0 Z AE1 S T ER0	dɪˈzæstɚ
d/disaster.txt	2	adj	disastrous	desastreus -sly	D IH0 Z AE1 S T R AH0 S	dɪˈzæstɹəs
d/dear.txt	1	adj	dear	diar -est -s	D IH1 R	ˈdɪɹ
d/dear.txt	2	m n	dear	diare, diars	D IH1 R	ˈdɪɹ
d/donate.txt	1	v	donate	to donait -s -ed -ing	D OW1 N EY2 T	ˈdoʊˌneɪt
d/donate.txt	2	f n	donation	donâcion -s	D OW0 N EY1 SH AH0 N	doʊˈneɪʃən
d/donate.txt	3	adj	donative	donatif		
d/dose.txt	2	v	dose	to dósse -s -d -ing	D OW1 S	ˈdoʊs
d/drug.txt	1	m n	drug	drogue, drogs	D R AH1 G	ˈdɹʌɡ
d/drug.txt	2	v	drug	to drogue drog(s -d -ing	D R AH1 G	ˈdɹʌɡ
d/dove.txt	1	m n	dove	dove -s	D AH1 V	ˈdʌv
d/dove.txt	1	m n	dove	dove -s	D OW1 V	ˈdoʊv
d/depend.txt	1	v	depend	to depende -s -d -ing	D IH0 P EH1 N D	dɪˈpɛnd
d/depend.txt	2	f n	dependence	dependence	D IH0 P EH1 N D AH0 N S	dɪˈpɛndəns
d/depend.txt	3	f n	dependency	dependencie, dependencis	D IH0 P EH1 N D AH0 N S IY0	dɪˈpɛndənsi
d/depend.txt	4	adj	dependable	depèndable	D IH0 P EH1 N D AH0 B AH0 L	dɪˈpɛndəbəl
d/depend.txt	5	adj	dependent	dependent	D IH0 P EH1 N D AH0 N T	dɪˈpɛndənt
d/depend.txt	6	f n	dependant	depèndant -s		
d/dapple.txt	1	m n	dapple	daple, dapels		
d/dapple.txt	2	v	dapple	to daple -s -d -ing		
d/dapple.txt	3	adj	dappled	dapled		
d/duck.txt	1	m n	duck	duc, deux	D AH1 K	ˈdʌk
d/duck.txt	2	v	duck	to duc -s duched duching	D AH1 K	ˈdʌk
d/during.txt	1	prep	during	during	D UH1 R IH0 NG	ˈdʊɹɪŋ
d/during.txt	1	prep	during	during	D Y UH1 R IH0 NG	dˈjʊɹɪŋ
d/during.txt	1	prep	during	during	D ER1 IH0 NG	ˈdɝɪŋ
d/debase.txt	1	v	debase	to debâsse -s -d -ing	D AH0 B EY1 S	dəˈbeɪs
d/debase.txt	2	f n	debasement	debâssement -s	D AH0 B EY1 S M AH0 N T	dəˈbeɪsmənt
d/due.txt	1	adj	due	dû	D UW1	ˈdu
d/due.txt	1	adj	due	dû	D Y UW1	dˈju
d/due.txt	2	m n	due	due, duis	D UW1	ˈdu
d/due.txt	2	m n	due	due, duis	D Y UW1	dˈju
d/daffodil.txt	1	m n	daffodil	daffodille, daffodils	D AE1 F AH0 D IH2 L	ˈdæfəˌdɪl
d/disk.txt	1	m n	disk	disc -s	D IH1 S K	ˈdɪsk
d/debouch.txt	1	v	debouch	to debouçe -s -d -ing		
d/debouch.txt	2	f n	debouchment	debouçement -s		
d/descant.txt	1	m n	descant	descant -s		
d/descant.txt	2	v	descant	to descante -s -d -ing		
d/direct.txt	1	v	direct	to directe direcs -d -ing	D ER0 EH1 K T	dɚˈɛkt
d/direct.txt	1	v	direct	to directe direcs -d -ing	D AY0 R EH1 K T	daɪˈɹɛkt
d/direct.txt	1	v	direct	to directe direcs -d -ing	D IH0 R EH1 K T	dɪˈɹɛkt
d/direct.txt	2	f n	director	directeor -s	D ER0 EH1 K T ER0	dɚˈɛktɚ
d/direct.txt	2	f n	director	directeor -s	D AY0 R EH1 K T ER0	daɪˈɹɛktɚ
d/direct.txt	2	f n	director	directeor -s	D IY0 R EH1 K T ER0	diˈɹɛktɚ
d/direct.txt	2	f n	director	directeor -s	D IH0 R EH1 K T ER0	dɪˈɹɛktɚ
d/direct.txt	4	adj, f n	directive	directif -s	D ER0 EH1 K T IH0 V	dɚˈɛktɪv
d/direct.txt	4	adj, f n	directive	directif -s	D IY0 R EH1 K T IH0 V	diˈɹɛktɪv
d/direct.txt	4	adj, f n	directive	directif -s	D AY0 R EH1 K T IH0 V	daɪˈɹɛktɪv
d/direct.txt	4	adj, f n	directive	directif -s	D IH0 R EH1 K T IH0 V	dɪˈɹɛktɪv
d/direct.txt	5	f n	directory	dirèctorie -is	D ER0 EH1 K T ER0 IY0	dɚˈɛktɚi
d/direct.txt	5	f n	directory	dirèctorie -is	D AY0 R EH1 K T ER0 IY0	daɪˈɹɛktɚi
d/direct.txt	5	f n	directory	dirèctorie -is	D IY0 R EH1 K T ER0 IY0	diˈɹɛktɚi
d/direct.txt	5	f n	directory	dirèctorie -is	D IH0 R EH1 K T ER0 IY0	dɪˈɹɛktɚi
d/direct.txt	6	f n	direction	direccion -s	D ER0 EH1 K SH AH0 N	dɚˈɛkʃən
d/direct.txt	6	f n	direction	direccion -s	D IY0 R EH1 K SH IH0 N	diˈɹɛkʃɪn
d/direct.txt	6	f n	direction	direccion -s	D AY0 R EH1 K SH IH0 N	daɪˈɹɛkʃɪn
d/direct.txt	6	f n	direction	direccion -s	D IH0 R EH1 K SH IH0 N	dɪˈɹɛkʃɪn
d/direct.txt	7	adj	directional	direccional	D ER0 EH1 K SH AH0 N AH0 L	dɚˈɛkʃənəl
d/direct.txt	7	adj	directional	direccional	D IY0 R EH1 K SH IH0 N AH0 L	diˈɹɛkʃɪnəl
d/direct.txt	7	adj	directional	direccional	D AY0 R EH1 K SH IH0 N AH0 L	daɪˈɹɛkʃɪnəl
d/direct.txt	7	adj	directional	direccional	D IH0 R EH1 K SH IH0 N AH0 L	dɪˈɹɛkʃɪnəl
d/direct.txt	8	adv	directionally	direccionally		
d/disease.txt	1	f n	disease	desise -s	D IH0 Z IY1 Z	dɪˈziz
d/diminish.txt	1	v	diminish	to diminișe -s -d -ing	D IH0 M IH1 N IH0 SH	dɪˈmɪnɪʃ
d/describe.txt	1	v	describe	to descrîbe -s -d -ing	D IH0 S K R AY1 B	dɪˈskɹaɪb
d/describe.txt	2	adj	describable	descrîbable	D IH0 S K R AY1 B AH0 B AH0 L	dɪˈskɹaɪbəbəl
d/describe.txt	3	f n	description	description -s	D IH0 S K R IH1 P SH AH0 N	dɪˈskɹɪpʃən
d/describe.txt	4	adj	descriptive	descriptif	D IH0 S K R IH1 P T IH0 V	dɪˈskɹɪptɪv
d/draw.txt	1	irv	draw	to drahe -s drou draon drahing	D R AO1	ˈdɹɔ
d/draw.txt	2	m n	draw	drahe, draus	D R AO1	ˈdɹɔ
d/draw.txt	3	m n	drawer	draure, draurs	D R AO1 R	ˈdɹɔɹ
d/dismantle.txt	1	v	dismantle	to desmantle -s -d -ing	D IH0 S M AE1 N T AH0 L	dɪˈsmæntəl
d/dismantle.txt	1	v	dismantle	to desmantle -s -d -ing	D IH0 S M AE1 N AH0 L	dɪˈsmænəl
d/diss.txt	1	v	disrespect	to disse -s -d -ing	D IH2 S R IH0 S P EH1 K T	ˌdɪsɹɪˈspɛkt
d/diss.txt	1	v	disparage	to disse -s -d -ing	D IH0 S P EH1 R IH0 JH	dɪˈspɛɹɪdʒ
d/diss.txt	2	m n	disrespect	diss -es	D IH2 S R IH0 S P EH1 K T	ˌdɪsɹɪˈspɛkt
d/diss.txt	2	m n	disparagement	diss -es		
d/diffident.txt	1	adj	diffident	diffident		
d/diffident.txt	2	m n	diffidence	diffidence		
d/differ.txt	1	v	differ	to diffêr diffê(s -d -êring	D IH1 F ER0	ˈdɪfɚ
d/differ.txt	4	v	differentiate	to diffrençiait -s -ed -ing	D IH2 F ER0 EH1 N SH IY0 EY2 T	ˌdɪfɚˈɛnʃiˌeɪt
d/differ.txt	4	v	differentiate	to diffrençiait -s -ed -ing	D IH2 F ER0 EH1 N CH IY0 EY2 T	ˌdɪfɚˈɛntʃiˌeɪt
d/differ.txt	6	adj, f n	differential	diffrencial -s	D IH2 F ER0 EH1 N SH AH0 L	ˌdɪfɚˈɛnʃəl
d/discreet.txt	1	adj	discreet	discrite	D IH0 S K R IY1 T	dɪˈskɹit
d/discreet.txt	2	adj	discrete	discrite	D IH0 S K R IY1 T	dɪˈskɹit
d/demonstrate.txt	1	v	demonstrate	to demonstrait -s -ed -ing	D EH1 M AH0 N S T R EY2 T	ˈdɛmənˌstɹeɪt
d/demonstrate.txt	2	m n	demonstrator	demonstraitor -s	D EH1 M AH0 N S T R EY2 T ER0	ˈdɛmənˌstɹeɪtɚ
d/demonstrate.txt	4	m n	demo	demo -s	D EH1 M OW0	ˈdɛmoʊ
d/demonstrate.txt	5	adj	demonstrative	demonstratif	D IH0 M AA1 N S T R AH0 T IH0 V	dɪˈmɑnstɹətɪv
d/define.txt	1	v	define	to defîne -s -d -ing	D IH0 F AY1 N	dɪˈfaɪn
d/define.txt	2	f n	definition	definicion -s	D EH2 F AH0 N IH1 SH AH0 N	ˌdɛfəˈnɪʃən
d/define.txt	3	adj	definite	definit	D EH1 F AH0 N AH0 T	ˈdɛfənət
d/define.txt	4	adj	definitely	definitly	D EH1 F AH0 N AH0 T L IY0	ˈdɛfənətli
d/define.txt	5	adj	definitive	definitif	D IH0 F IH1 N IH0 T IH0 V	dɪˈfɪnɪtɪv
d/duvet.txt	1	f n	duvet	duveie, duvéis		
d/devote.txt	1	v	devote	to devote -s -d -ing	D IH0 V OW1 T	dɪˈvoʊt
d/devote.txt	2	f n	devotion	devocion -s	D IH0 V OW1 SH AH0 N	dɪˈvoʊʃən
d/devote.txt	3	adj, f n	devotional	devocional -s	D IH0 V OW1 SH AH0 N AH0 L	dɪˈvoʊʃənəl
d/devote.txt	4	adj	devout	devôt	D IH0 V AW1 T	dɪˈvaʊt
d/devastate.txt	1	v	devastate	to devastait -s -ed -ing	D EH1 V AH0 S T EY2 T	ˈdɛvəˌsteɪt
d/devastate.txt	2	f n	devastation	devastâcion -s	D EH2 V AH0 S T EY1 SH AH0 N	ˌdɛvəˈsteɪʃən
d/defile.txt	1	v	defile	to defyle -s -d -ing		
d/dungeon.txt	1	m n	dungeon	donjon -s	D AH1 N JH AH0 N	ˈdʌndʒən
d/dole.txt	1	m n	dole	doale, doals	D OW1 L	ˈdoʊl
d/dole.txt	2	v	dole	to doale -s -d -ing	D OW1 L	ˈdoʊl
d/detail.txt	1	m n	detail	dítail -s	D IH0 T EY1 L	dɪˈteɪl
d/detail.txt	1	m n	detail	dítail -s	D IY1 T EY0 L	ˈditeɪl
d/detail.txt	2	v	detail	to detaile -s -d -ing	D IH0 T EY1 L	dɪˈteɪl
d/detail.txt	2	v	detail	to detaile -s -d -ing	D IY1 T EY0 L	ˈditeɪl
d/drag.txt	1	v	drag	to drague drag(s -d dreug -ing	D R AE1 G	ˈdɹæɡ
d/drag.txt	2	adj, m n	drag	drague, drags	D R AE1 G	ˈdɹæɡ
d/donkey.txt	1	m n	donkey	donquie, donquis	D AA1 NG K IY0	ˈdɑŋki
d/donkey.txt	1	m n	donkey	donquie, donquis	D AO1 NG K IY0	ˈdɔŋki
d/dignify.txt	1	v	dignify	to dignifae -s -d dignifyhing	D IH1 G N AH0 F AY2	ˈdɪɡnəˌfaɪ
d/dignify.txt	2	f n	dignification	dignificâcion		
d/dignify.txt	3	m n	dignity	dignetie, dignetis	D IH1 G N AH0 T IY0	ˈdɪɡnəti
d/dignify.txt	4	m n	dignitary	dignitarie, dignitaris	D IH1 G N AH0 T EH2 R IY0	ˈdɪɡnəˌtɛɹi
d/deck.txt	1	v	deck	to dec -s deched deching	D EH1 K	ˈdɛk
d/deck.txt	2	m n	deck	dec, dex	D EH1 K	ˈdɛk
d/defame.txt	1	v	defame	to defâme -s -d -ing	D IH0 F EY1 M	dɪˈfeɪm
d/defame.txt	2	f n	defamation	defamâcion -s	D EH2 F AH0 M EY1 SH AH0 N	ˌdɛfəˈmeɪʃən
d/delete.txt	1	v	delete	to delite -s -d -ing	D IH0 L IY1 T	dɪˈlit
d/delete.txt	2	f n	delete	delite, delíts	D IH0 L IY1 T	dɪˈlit
d/delete.txt	3	adj	deleterious	deletírieus	D EH2 L AH0 T IH1 R IY0 AH0 S	ˌdɛləˈtɪɹiəs
d/delete.txt	4	f n	deletion	delícion -s	D IH0 L IY1 SH AH0 N	dɪˈliʃən
d/dox.txt	1	v	document	to doxe -s -d -ing	D AA1 K Y AH0 M EH0 N T	ˈdɑkjəmɛnt
d/dox.txt	1	v	document	to doxe -s -d -ing	D AA1 K Y UW0 M EH0 N T	ˈdɑkjumɛnt
d/dox.txt	1	v	doc	to doxe -s -d -ing	D AA1 K	ˈdɑk
d/deign.txt	1	v	deign	to daine -s -d -ing	D EY1 N	ˈdeɪn
d/depreciate.txt	1	v	depreciate	to depríçiait -s -d -ing	D IH0 P R IY1 SH IY0 EY2 T	dɪˈpɹiʃiˌeɪt
d/depreciate.txt	2	f n	depreciation	depriçiâcion -s	D IH0 P R IY2 SH IY0 EY1 SH AH0 N	dɪˌpɹiʃiˈeɪʃən
d/depreciate.txt	3	adj	depreciative	depríciatif		
d/depreciate.txt	4	adj	depreciatory	depríciatory		
d/debate.txt	1	v	debate	to debâte -s -d -ing	D AH0 B EY1 T	dəˈbeɪt
d/deduct.txt	1	v	deduct	to deducte deducs -d -ing	D IH0 D AH1 K T	dɪˈdʌkt
d/deduct.txt	3	adj	deductible	deductible	D IH0 D AH1 K T AH0 B AH0 L	dɪˈdʌktəbəl
d/deduct.txt	4	f n	deductible	deductible, deductibils	D IH0 D AH1 K T AH0 B AH0 L	dɪˈdʌktəbəl
d/deduct.txt	5	adj	deductive	deductif	D IH0 D AH1 K T AH0 V	dɪˈdʌktəv
d/defect.txt	1	m n	defect	difect, difecs	D IY1 F EH0 K T	ˈdifɛkt
d/defect.txt	1	m n	defect	difect, difecs	D IH0 F EH1 K T	dɪˈfɛkt
d/defect.txt	2	v	defect	to defecte defecs -d -ing	D IY1 F EH0 K T	ˈdifɛkt
d/defect.txt	2	v	defect	to defecte defecs -d -ing	D IH0 F EH1 K T	dɪˈfɛkt
d/defect.txt	3	f n	defection	defeccion -s	D IH0 F EH1 K SH AH0 N	dɪˈfɛkʃən
d/defect.txt	4	adj	defective	defectif	D IH0 F EH1 K T IH0 V	dɪˈfɛktɪv
d/dower.txt	1	m n	dower	dôare, dôars	D AW1 R	ˈdaʊɹ
d/dower.txt	2	m n	dowry	dôrie, dôris	D AW1 R IY0	ˈdaʊɹi
d/deep.txt	1	adj	deep	diep -ar -est	D IY1 P	ˈdip
d/deep.txt	2	m n	deep	diepe	D IY1 P	ˈdip
d/deep.txt	3	adv	deeply	dieply	D IY1 P L IY0	ˈdipli
d/deep.txt	4	v	deepen	to diepene -s -d -ing	D IY1 P AH0 N	ˈdipən
d/deep.txt	5	m n	depth	daipþ -s	D EH1 P TH	ˈdɛpθ
d/deer.txt	1	m n	deer	diore	D IH1 R	ˈdɪɹ
d/douch.txt	2	v	douche	to douçe -s -d -ing	D UW1 SH	ˈduʃ
d/dictate.txt	1	m n	dictate	dictate, dictats	D IH0 K T EY1 T	dɪkˈteɪt
d/dictate.txt	1	m n	dictate	dictate, dictats	D IH1 K T EY2 T	ˈdɪkˌteɪt
d/dictate.txt	2	v	dictate	to dictait -s -ed -ing	D IH0 K T EY1 T	dɪkˈteɪt
d/dictate.txt	2	v	dictate	to dictait -s -ed -ing	D IH1 K T EY2 T	ˈdɪkˌteɪt
d/dictate.txt	3	f n	dictation	dictâcion -s	D IH0 K T EY1 SH AH0 N	dɪkˈteɪʃən
d/dictate.txt	4	m n	dictator	dictaitor -s	D IH0 K T EY1 T ER0	dɪkˈteɪtɚ
d/dictate.txt	4	m n	dictator	dictaitor -s	D IH1 K T EY0 T ER0	ˈdɪkteɪtɚ
d/dictate.txt	5	adj	dictatorial	dictatórial -ly	D IH2 K T AH0 T AO1 R IY0 AH0 L	ˌdɪktəˈtɔɹiəl
d/dictate.txt	6	f n	dictatorship	dictaîtorscip -s	D IH0 K T EY1 T ER0 SH IH2 P	dɪkˈteɪtɚˌʃɪp
d/daze.txt	1	v	daze	to dâse -s -d -ing	D EY1 Z	ˈdeɪz
d/daze.txt	2	m n	daze	dâse	D EY1 Z	ˈdeɪz
d/deflate.txt	1	v	deflate	to deflâte -s -d -ing	D IH0 F L EY1 T	dɪˈfleɪt
d/deflate.txt	2	f n	deflation	deflâcion -s	D IH0 F L EY1 SH AH0 N	dɪˈfleɪʃən
d/deflate.txt	3	adj	deflationary	deflâcionairy	D IH0 F L EY1 SH AH0 N EH2 R IY0	dɪˈfleɪʃəˌnɛɹi
d/detain.txt	1	v	detain	to deteine -s -d -ing	D IH0 T EY1 N	dɪˈteɪn
d/detain.txt	2	f n	detainee	deteiníe, deteinís	D IY2 T EY0 N IY1	ˌditeɪˈni
d/detain.txt	3	f n	detainment	detéinment -s		
d/detain.txt	4	f n	detention	detencion -s	D IH0 T EH1 N SH AH0 N	dɪˈtɛnʃən
d/diary.txt	1	m n	diary	dîarie, dîaris	D AY1 ER0 IY0	ˈdaɪɚi
d/diary.txt	1	m n	diary	dîarie, dîaris	D AY1 R IY0	ˈdaɪɹi
d/diary.txt	2	m n	diarist	dîarist		
d/despite.txt	1	f n	despite	despîte	D IH0 S P AY1 T	dɪˈspaɪt
d/despite.txt	2	prep	despite	despîte	D IH0 S P AY1 T	dɪˈspaɪt
d/devalue.txt	1	v	devalue	to devallue -s -d -ing	D IH0 V AE1 L Y UW2	dɪˈvælˌju
d/devalue.txt	2	f n	devaluation	devalluâcion -s	D IH0 V AE2 L Y UW0 EY1 SH AH0 N	dɪˌvæljuˈeɪʃən
d/devalue.txt	2	f n	devaluation	devalluâcion -s	D IY2 V AE0 L Y UW0 EY1 SH AH0 N	ˌdivæljuˈeɪʃən
d/do.txt	1	irv	do	to dou, dus, did, don, douing, don't, dusn't, didn't	D UW1	ˈdu
d/do.txt	1	irv	does	to dou, dus, did, don, douing, don't, dusn't, didn't	D AH1 Z	ˈdʌz
d/do.txt	1	irv	does	to dou, dus, did, don, douing, don't, dusn't, didn't	D IH0 Z	dɪz
d/do.txt	1	irv	did	to dou, dus, did, don, douing, don't, dusn't, didn't	D IH1 D	ˈdɪd
d/do.txt	1	irv	did	to dou, dus, did, don, douing, don't, dusn't, didn't	D IH0 D	dɪd
d/do.txt	1	irv	done	to dou, dus, did, don, douing, don't, dusn't, didn't	D AH1 N	ˈdʌn
d/do.txt	1	irv	doing	to dou, dus, did, don, douing, don't, dusn't, didn't	D UW1 IH0 NG	ˈduɪŋ
d/do.txt	1	irv	don't	to dou, dus, did, don, douing, don't, dusn't, didn't	D OW1 N T	ˈdoʊnt
d/do.txt	1	irv	don't	to dou, dus, did, don, douing, don't, dusn't, didn't	D OW1 N	ˈdoʊn
d/do.txt	1	irv	doesn't	to dou, dus, did, don, douing, don't, dusn't, didn't	D AH1 Z AH0 N T	ˈdʌzənt
d/do.txt	1	irv	doesn't	to dou, dus, did, don, douing, don't, dusn't, didn't	D AH1 Z AH0 N	ˈdʌzən
d/do.txt	1	irv	didn't	to dou, dus, did, don, douing, don't, dusn't, didn't	D IH1 D AH0 N T	ˈdɪdənt
d/do.txt	1	irv	didn't	to dou, dus, did, don, douing, don't, dusn't, didn't	D IH1 D N T	ˈdɪdnt
d/do.txt	1	irv	didn't	to dou, dus, did, don, douing, don't, dusn't, didn't	D IH1 D AH0 N	ˈdɪdən
d/do.txt	1	irv	didn't	to dou, dus, did, don, douing, don't, dusn't, didn't	D IH1 N T	ˈdɪnt
d/do.txt	2	aux	do	do, dus, did, don't, dusn't, didn't	D UW1	ˈdu
d/do.txt	2	aux	does	do, dus, did, don't, dusn't, didn't	D AH1 Z	ˈdʌz
d/do.txt	2	aux	does	do, dus, did, don't, dusn't, didn't	D IH0 Z	dɪz
d/do.txt	2	aux	did	do, dus, did, don't, dusn't, didn't	D IH1 D	ˈdɪd
d/do.txt	2	aux	did	do, dus, did, don't, dusn't, didn't	D IH0 D	dɪd
d/do.txt	2	aux	don't	do, dus, did, don't, dusn't, didn't	D OW1 N T	ˈdoʊnt
d/do.txt	2	aux	don't	do, dus, did, don't, dusn't, didn't	D OW1 N	ˈdoʊn
d/do.txt	2	aux	doesn't	do, dus, did, don't, dusn't, didn't	D AH1 Z AH0 N T	ˈdʌzənt
d/do.txt	2	aux	doesn't	do, dus, did, don't, dusn't, didn't	D AH1 Z AH0 N	ˈdʌzən
d/do.txt	2	aux	didn't	do, dus, did, don't, dusn't, didn't	D IH1 D AH0 N T	ˈdɪdənt
d/do.txt	2	aux	didn't	do, dus, did, don't, dusn't, didn't	D IH1 D N T	ˈdɪdnt
d/do.txt	2	aux	didn't	do, dus, did, don't, dusn't, didn't	D IH1 D AH0 N	ˈdɪdən
d/do.txt	2	aux	didn't	do, dus, did, don't, dusn't, didn't	D IH1 N T	ˈdɪnt
d/do.txt	3	m n	deed	dide, díds	D IY1 D	ˈdid
d/do.txt	4	v	deed	to dide -s -d -ing	D IY1 D	ˈdid
d/do.txt	5	adv	indeed	indide	IH2 N D IY1 D	ˌɪnˈdid
d/diesel.txt	1	m n, adj	diesel	diesle, diesels	D IY1 S AH0 L	ˈdisəl
d/diesel.txt	1	m n, adj	diesel	diesle, diesels	D IY1 Z AH0 L	ˈdizəl
d/Dalmatian.txt	1	m n	Dalmatian	dalmâcian -s	D AE0 L M EY1 SH AH0 N	dælˈmeɪʃən
d/dribble.txt	1	m n	dribble	dribble, dribbels	D R IH1 B AH0 L	ˈdɹɪbəl
d/dribble.txt	2	v	dribble	to dribble -s -d -ing	D R IH1 B AH0 L	ˈdɹɪbəl
d/draft.txt	1	adj, m n	draft	drafte, drafts	D R AE1 F T	ˈdɹæft
d/draft.txt	2	v	draft	to drafte -s -d -ing	D R AE1 F T	ˈdɹæft
d/doctor.txt	1	m n	doctor	doctre, doctors	D AA1 K T ER0	ˈdɑktɚ
d/doctor.txt	1	m n	doctor	doctre, doctors	D AO1 K T ER0	ˈdɔktɚ
d/doctor.txt	2	v	doctor	to docter doctre(s doctred doctering	D AA1 K T ER0	ˈdɑktɚ
d/doctor.txt	2	v	doctor	to docter doctre(s doctred doctering	D AO1 K T ER0	ˈdɔktɚ
d/doctor.txt	3	adj	doctoral	doctóral	D AA1 K T ER0 AH0 L	ˈdɑktɚəl
d/doctor.txt	4	m n	doctorate	doctorate, doctorats	D AA1 K T ER0 AH0 T	ˈdɑktɚət
d/decimal.txt	1	m n	decimal	decimal -s	D EH1 S AH0 M AH0 L	ˈdɛsəməl
d/demand.txt	1	v	demand	to demande -s -d -ing	D IH0 M AE1 N D	dɪˈmænd
d/demand.txt	2	f n	demand	demande, demànds	D IH0 M AE1 N D	dɪˈmænd
d/door.txt	1	m n	door	doure, dours	D AO1 R	ˈdɔɹ
d/door.txt	2	m n	doorway	douruaie, douruays	D AO1 R W EY2	ˈdɔɹˌweɪ
d/door.txt	3	m n	doorknob	dourgnob -s	D UW1 R N AA0 B	ˈduɹnɑb
d/disclaim.txt	1	v	disclaim	to desclâme -s -d -ing	D IH0 S K L EY1 M	dɪˈskleɪm
d/dahlia.txt	1	m n	dahlia	dahlia, dahlias	D AE1 L Y AH0	ˈdæljə
d/desert.txt	1	v	desert	to deserte -s -d -ing	D EH1 Z ER0 T	ˈdɛzɚt
d/desert.txt	1	v	desert	to deserte -s -d -ing	D IH0 Z ER1 T	dɪˈzɝt
d/diploma.txt	1	f n	diploma	diplóma -s	D IH0 P L OW1 M AA0	dɪˈploʊmɑ
d/diploma.txt	2	adj	diplomatic	diplomatic	D IH2 P L AH0 M AE1 T IH0 K	ˌdɪpləˈmætɪk
d/diploma.txt	3	m n	diplomat	diplomate, diplomats	D IH1 P L AH0 M AE2 T	ˈdɪpləˌmæt
d/diploma.txt	4	f n	diplomacy	diplómacie, diplómacis	D IH0 P L OW1 M AH0 S IY0	dɪˈploʊməsi
d/daughter.txt	1	m n	daughter	dautre, dautors	D AO1 T ER0	ˈdɔtɚ
d/dream.txt	1	irv	dream	to drieme -s draimpt -ing	D R IY1 M	ˈdɹim
d/despise.txt	1	v	despise	to despîse -s -d -ing	D IH0 S P AY1 Z	dɪˈspaɪz
d/despise.txt	2	adj	despicable	despicable	D IH0 S P IH1 K AH0 B AH0 L	dɪˈspɪkəbəl
d/delicacy.txt	1	m n	delicacy	delicacie -is	D EH1 L AH0 K AH0 S IY0	ˈdɛləkəsi
d/delicacy.txt	1	m n	delicacy	delicacie -is	D EH1 L IH0 K AH0 S IY0	ˈdɛlɪkəsi
d/delicacy.txt	2	adj	delicious	deliceus -ly -ness	D IH0 L IH1 SH AH0 S	dɪˈlɪʃəs
d/delicacy.txt	4	adj, m n	deli	delie, delis	D EH1 L IY0	ˈdɛli
d/delicacy.txt	7	adj	delicate	delicate -ly	D EH1 L AH0 K AH0 T	ˈdɛləkət
d/delicacy.txt	8	m n	delicate	delicate, delicats	D EH1 L AH0 K AH0 T	ˈdɛləkət
d/delicacy.txt	9	f n	delight	delîte, delîts	D IH0 L AY1 T	dɪˈlaɪt
d/delicacy.txt	10	v	delight	to delîte -s -d -ing	D IH0 L AY1 T	dɪˈlaɪt
d/delicacy.txt	11	m n	delicatessen	delicatessen -s	D EH2 L IH0 K AH0 T EH1 S AH0 N	ˌdɛlɪkəˈtɛsən
d/dam.txt	1	m n	dam	dame, dams	D AE1 M	ˈdæm
d/dam.txt	2	v	dam	to dame -s -d -ing	D AE1 M	ˈdæm
d/dam.txt	3	m n	dam	dame, dams	D AE1 M	ˈdæm
d/damn.txt	1	v	damn	to damne -s -d -ing	D AE1 M	ˈdæm
d/dilemma.txt	1	f n	dilemma	dilèma -s	D IH0 L EH1 M AH0	dɪˈlɛmə
d/detect.txt	1	v	detect	to detecte detecs -d -ing	D IH0 T EH1 K T	dɪˈtɛkt
d/detect.txt	2	f n	detector	detecteor -s	D IH0 T EH1 K T ER0	dɪˈtɛktɚ
d/detect.txt	3	f n	detection	deteccion -s	D IH0 T EH1 K SH AH0 N	dɪˈtɛkʃən
d/detect.txt	4	adj	detectable	detectable	D IH0 T EH1 K T AH0 B AH0 L	dɪˈtɛktəbəl
d/detect.txt	5	f n	detective	detectif -s	D IH0 T EH1 K T IH0 V	dɪˈtɛktɪv
d/disco.txt	1	m n	disco	disco -s	D IH1 S K OW0	ˈdɪskoʊ
d/disco.txt	2	m n	discotheque	discotec -s	D IH1 S K OW0 T EH2 K	ˈdɪskoʊˌtɛk
d/dine.txt	1	v	dine	to dîne -s -d -ing	D AY1 N	ˈdaɪn
d/dine.txt	2	m n	diner	dîner -s	D AY1 N ER0	ˈdaɪnɚ
d/dine.txt	3	m n	diner	dînor -s	D AY1 N ER0	ˈdaɪnɚ
d/dine.txt	4	m n	dinner	dinere, dinars	D IH1 N ER0	ˈdɪnɚ
d/dark.txt	1	adj, m n	dark	darc	D AA1 R K	ˈdɑɹk
d/dark.txt	2	v	darken	to darchene -s -d -ing	D AA1 R K AH0 N	ˈdɑɹkən
d/dark.txt	3	m n	darkener	darchenor -s		
d/drop.txt	1	m n	drop	droppe, drops	D R AA1 P	ˈdɹɑp
d/drop.txt	1	m n	drop	droppe, drops	D R AO1 P	ˈdɹɔp
d/drop.txt	2	v	drop	to droppe drop(s -d -ing	D R AA1 P	ˈdɹɑp
d/drop.txt	2	v	drop	to droppe drop(s -d -ing	D R AO1 P	ˈdɹɔp
d/drop.txt	3	m n	droplet	droplete, droplets	D R AA1 P L AH0 T	ˈdɹɑplət
d/demiurge.txt	1	m n	demiurge	demiourge -s		
d/droop.txt	1	m n	droop	droupe	D R UW1 P	ˈdɹup
d/droop.txt	2	v	droop	to droupe -s -d -ing	D R UW1 P	ˈdɹup
d/discrepancy.txt	1	f n	discrepancy	discrèpancie -is	D IH0 S K R EH1 P AH0 N S IY0	dɪˈskɹɛpənsi
d/discrepancy.txt	2	adj, f n	discrepant	discrèpant -s		
d/duke.txt	1	m n	duke	duque, dúcs	D UW1 K	ˈduk
d/detest.txt	1	v	detest	to deteste -s -d -ing	D IH0 T EH1 S T	dɪˈtɛst
d/detest.txt	1	v	detest	to deteste -s -d -ing	D IY0 T EH1 S T	diˈtɛst
d/detest.txt	2	adj	detestable	detestable		
d/dip.txt	1	m n	dip	dippe, dips	D IH1 P	ˈdɪp
d/dip.txt	2	v	dip	to dippe dip(s -d -ing	D IH1 P	ˈdɪp
d/dip.txt	3	m n	dipper	dipper -s	D IH1 P ER0	ˈdɪpɚ
d/dispense.txt	1	v	dispense	to dispense -s -d -ing	D IH0 S P EH1 N S	dɪˈspɛns
d/dispense.txt	2	f n	dispensary	dispenserie, dispenseris	D IH0 S P EH1 N S ER0 IY0	dɪˈspɛnsɚi
d/dispense.txt	2	f n	dispensary	dispenserie, dispenseris	D IH1 S P EH0 N S EH2 R IY0	ˈdɪspɛnˌsɛɹi
d/dispense.txt	3	adj	dispensable	dispensable	D IH0 S P EH1 N S AH0 B AH0 L	dɪˈspɛnsəbəl
d/dispense.txt	4	f n	dispensation	dispensâcion	D IH2 S P AH0 N S EY1 SH AH0 N	ˌdɪspənˈseɪʃən
d/destruct.txt	1	v	destruct	to destructe destrucs -d -ing	D IH0 S T R AH1 K T	dɪˈstɹʌkt
d/destruct.txt	2	adj	destructible	destructable		
d/destruct.txt	4	adj	destructive	destructif	D IH0 S T R AH1 K T IH0 V	dɪˈstɹʌktɪv
d/dissent.txt	1	v	dissent	to dissente -s -d -ing	D IH0 S EH1 N T	dɪˈsɛnt
d/dissent.txt	2	f n	dissent	dissente	D IH0 S EH1 N T	dɪˈsɛnt
d/dissent.txt	3	f n	dissension	dissension -s	D IH0 S EH1 N SH AH0 N	dɪˈsɛnʃən
d/difficult.txt	1	adj	difficulty	difficult	D IH1 F AH0 K AH0 L T IY0	ˈdɪfəkəlti
d/difficult.txt	1	adj	difficulty	difficult	D IH1 F IH0 K AH2 L T IY0	ˈdɪfɪˌkʌlti
d/difficult.txt	2	m n	difficulty	difficultie, difficultis	D IH1 F AH0 K AH0 L T IY0	ˈdɪfəkəlti
d/difficult.txt	2	m n	difficulty	difficultie, difficultis	D IH1 F IH0 K AH2 L T IY0	ˈdɪfɪˌkʌlti
d/dab.txt	1	m n	dab	dabe, dabs	D AE1 B	ˈdæb
d/dab.txt	2	v	dab	to dabe -s -d dabing	D AE1 B	ˈdæb
d/dab.txt	3	m n	dab	dabe, dabs	D AE1 B	ˈdæb
d/deal.txt	1	irv	deal	to diele -s dailt -ing	D IY1 L	ˈdil
d/deal.txt	2	m n	deal	diele, diels	D IY1 L	ˈdil
d/die.txt	1	v	die	to daihe -s -d -ing	D AY1	ˈdaɪ
d/die.txt	2	m n	death	daiþ -s	D EH1 TH	ˈdɛθ
d/die.txt	4	adj, adv	deadly	daidly -iar -iest	D EH1 D L IY0	ˈdɛdli
d/die.txt	5	m n	die	dîe, dîce	D AY1	ˈdaɪ
d/die.txt	5	m n	dice	dîe, dîce	D AY1 S	ˈdaɪs
d/die.txt	6	v	dice	to dîce -s -d -ing	D AY1 S	ˈdaɪs
d/deplete.txt	1	v	deplete	to deplite -s -d -ing	D IH0 P L IY1 T	dɪˈplit
d/deplete.txt	2	f n	depletion	deplícion	D IH0 P L IY1 SH AH0 N	dɪˈpliʃən
d/deplete.txt	3	adj	depletive	deplítif		
d/deprive.txt	1	v	deprive	to deprîve -s -d -ing	D IH0 P R AY1 V	dɪˈpɹaɪv
d/deprive.txt	2	f n	deprivation	deprivâcion -s	D EH2 P R AH0 V EY1 SH AH0 N	ˌdɛpɹəˈveɪʃən
d/drowse.txt	1	v	drowse	to drôse -s -d -ing		
d/drowse.txt	2	m n	drowse	drôse		
d/drowse.txt	3	adj	drowsy	drôsy	D R AW1 Z IY0	ˈdɹaʊzi
d/double.txt	1	adj	double	doble	D AH1 B AH0 L	ˈdʌbəl
d/double.txt	2	m n	double	doble, dobuls	D AH1 B AH0 L	ˈdʌbəl
d/double.txt	3	v	double	to doble -s -d -ing	D AH1 B AH0 L	ˈdʌbəl
d/disciple.txt	1	f n	disciple	discîple, discîpuls	D IH0 S AY1 P AH0 L	dɪˈsaɪpəl
d/disguise.txt	1	v	disguise	to desguîse -s -d -ing	D IH0 S G AY1 Z	dɪsˈɡaɪz
d/disguise.txt	2	f n	disguise	desguîse -s	D IH0 S G AY1 Z	dɪsˈɡaɪz
d/devour.txt	1	v	devour	to devôer devôre(s devôred devôering	D IH0 V AW1 ER0	dɪˈvaʊɚ
d/disgust.txt	1	f n	disgust	desgoste	D IH0 S G AH1 S T	dɪsˈɡʌst
d/disgust.txt	2	v	disgust	to desgoste -s -d -ing	D IH0 S G AH1 S T	dɪsˈɡʌst
d/devolve.txt	1	v	devolve	to devolve -s -d -ing	D IH0 V AA1 L V	dɪˈvɑlv
d/devolve.txt	2	f n	devolution	devolúcion	D EH2 V AH0 L UW1 SH AH0 N	ˌdɛvəˈluʃən
d/dough.txt	1	m n	dough	doahe, doahs	D OW1	ˈdoʊ
d/dough.txt	2	adj	doughy	doahy	D OW1 IY0	ˈdoʊi
d/dough.txt	3	m n	doughnut	doahnote, doahnots	D OW1 N AH2 T	ˈdoʊˌnʌt
d/dough.txt	3	m n	donut	doahnote, doahnots	D OW1 N AH2 T	ˈdoʊˌnʌt
d/doleful.txt	1	adj	doleful	doleful	D OW1 L F AH0 L	ˈdoʊlfəl
d/discover.txt	1	v	discover	to discovir discovre(s discovred discoviring	D IH0 S K AH1 V ER0	dɪˈskʌvɚ
d/discover.txt	2	f n	discovery	discovrie, discovris	D IH0 S K AH1 V ER0 IY0	dɪˈskʌvɚi
d/discover.txt	2	f n	discovery	discovrie, discovris	D IH0 S K AH1 V R IY0	dɪˈskʌvɹi
d/discover.txt	2	f n	discovery	discovrie, discovris	D IH2 S K AH1 V R IY0	ˌdɪˈskʌvɹi
d/discover.txt	3	f n	discoverer	discoveror -s	D IH0 S K AH1 V ER0 ER0	dɪˈskʌvɚɚ
d/distort.txt	1	v	distort	to distorte -s -d -ing	D IH0 S T AO1 R T	dɪˈstɔɹt
d/distort.txt	2	f n	distortion	distôrcion -s	D IH0 S T AO1 R SH AH0 N	dɪˈstɔɹʃən
d/deluge.txt	1	f n	deluge	delouge	D EH1 L Y UW0 JH	ˈdɛljudʒ
d/deluge.txt	2	v	deluge	to delouge -s -d -ing	D EH1 L Y UW0 JH	ˈdɛljudʒ
d/docile.txt	1	adj	docile	docil	D AA1 S AH0 L	ˈdɑsəl
d/docile.txt	2	f n	docility	docilitie	D AA0 S IH1 L AH0 T IY0	dɑˈsɪləti
d/domineer.txt	1	v	domineer	to dominier dominire(s dominired dominiering	D AA2 M AH0 N IH1 R	ˌdɑməˈnɪɹ
d/document.txt	2	v	document	to documente -s -d -ing	D AA1 K Y AH0 M EH0 N T	ˈdɑkjəmɛnt
d/document.txt	2	v	document	to documente -s -d -ing	D AA1 K Y UW0 M EH0 N T	ˈdɑkjumɛnt
d/diffuse.txt	1	adj	diffuse	diffúss -ly	D IH0 F Y UW1 S	dɪˈfjus
d/diffuse.txt	1	adj	diffuse	diffúss -ly	D IH0 F Y UW1 Z	dɪˈfjuz
d/diffuse.txt	2	v	diffuse	to diffuse -s -d -ing	D IH0 F Y UW1 S	dɪˈfjus
d/diffuse.txt	2	v	diffuse	to diffuse -s -d -ing	D IH0 F Y UW1 Z	dɪˈfjuz
d/diffuse.txt	3	f n	diffusion	diffúsion -s	D IH0 F Y UW1 ZH AH0 N	dɪˈfjuʒən
d/diffuse.txt	4	adj	diffuse	diffússif	D IH0 F Y UW1 S	dɪˈfjus
d/diffuse.txt	4	adj	diffuse	diffússif	D IH0 F Y UW1 Z	dɪˈfjuz
d/diffuse.txt	4	adj	diffusive	diffússif		
d/diffuse.txt	5	f n	diffusivity	diffusivitie, diffusivitis		
d/debt.txt	1	m n	debt	dete, dets	D EH1 T	ˈdɛt
d/drivel.txt	1	v	drivel	to drivele -s -d -ing	D R IH1 V AH0 L	ˈdɹɪvəl
d/drivel.txt	2	m n	drivel	drivele, drivels	D R IH1 V AH0 L	ˈdɹɪvəl
d/dynamite.txt	1	m n	dynamite	dŷnamoit	D AY1 N AH0 M AY2 T	ˈdaɪnəˌmaɪt
d/dynamite.txt	2	v	dynamite	to dŷnamoit -s -ed -ing	D AY1 N AH0 M AY2 T	ˈdaɪnəˌmaɪt
d/desolate.txt	1	adj	desolate	desolate	D EH1 S AH0 L AH0 T	ˈdɛsələt
d/desolate.txt	1	adj	desolate	desolate	D EH1 Z AH0 L AH0 T	ˈdɛzələt
d/desolate.txt	1	adj	desolate	desolate	D EH1 S AH0 L EY2 T	ˈdɛsəˌleɪt
d/desolate.txt	2	v	desolate	to desolait -s -ed -ing	D EH1 S AH0 L AH0 T	ˈdɛsələt
d/desolate.txt	2	v	desolate	to desolait -s -ed -ing	D EH1 Z AH0 L AH0 T	ˈdɛzələt
d/desolate.txt	2	v	desolate	to desolait -s -ed -ing	D EH1 S AH0 L EY2 T	ˈdɛsəˌleɪt
d/desolate.txt	3	f n	desolation	desolâcion -s	D EH2 S AH0 L EY1 SH AH0 N	ˌdɛsəˈleɪʃən
d/design.txt	1	f n	design	designe, designs	D IH0 Z AY1 N	dɪˈzaɪn
d/design.txt	2	v	design	to designe -s -d -ing	D IH0 Z AY1 N	dɪˈzaɪn
d/design.txt	3	f n	designer	designer -s	D IH0 Z AY1 N ER0	dɪˈzaɪnɚ
d/design.txt	4	adj	designate	designate	D EH1 Z AH0 G N EY2 T	ˈdɛzəɡˌneɪt
d/design.txt	4	adj	designate	designate	D EH1 Z IH0 G N EY2 T	ˈdɛzɪɡˌneɪt
d/design.txt	5	v	designate	to designait -s -ed -ing	D EH1 Z AH0 G N EY2 T	ˈdɛzəɡˌneɪt
d/design.txt	5	v	designate	to designait -s -ed -ing	D EH1 Z IH0 G N EY2 T	ˈdɛzɪɡˌneɪt
d/design.txt	6	f n	designation	designâcion -s	D EH2 Z AH0 G N EY1 SH AH0 N	ˌdɛzəɡˈneɪʃən
d/design.txt	6	f n	designation	designâcion -s	D EH2 Z IH0 G N EY1 SH AH0 N	ˌdɛzɪɡˈneɪʃən
d/decrepit.txt	1	adj	decrepit	decrèpit	D AH0 K R EH1 P IH0 T	dəˈkɹɛpɪt
d/decrepit.txt	2	f n	decrepitude	decrèpitude		
d/deceive.txt	1	v	deceive	to deceive -s -d -ing	D IH0 S IY1 V	dɪˈsiv
d/deceive.txt	2	adj	deceivable	deceivable		
d/deceive.txt	3	f n	deceit	deceite, deceits	D AH0 S IY1 T	dəˈsit
d/deceive.txt	3	f n	deceit	deceite, deceits	D IH0 S IY1 T	dɪˈsit
d/deceive.txt	4	adj	deceitful	deceiteful	D AH0 S IY1 T F AH0 L	dəˈsitfəl
d/deceive.txt	4	adj	deceitful	deceiteful	D IH0 S IY1 T F AH0 L	dɪˈsitfəl
d/deceive.txt	5	f n	deception	deception -s	D IH0 S EH1 P SH AH0 N	dɪˈsɛpʃən
d/deceive.txt	6	adj	deceptive	deceptif -vly	D IH0 S EH1 P T IH0 V	dɪˈsɛptɪv
d/deaf.txt	2	v	deafen	to defhene -s -d -ing	D EH1 F AH0 N	ˈdɛfən
d/drown.txt	1	v	drown	to drône -s -d -ing	D R AW1 N	ˈdɹaʊn
d/drama.txt	2	adj	dramatic	dramatic -ly	D R AH0 M AE1 T IH0 K	dɹəˈmætɪk
d/destroy.txt	1	v	destroy	to destroie -s -d destroying	D IH0 S T R OY1	dɪˈstɹɔɪ
d/destroy.txt	2	f n	destroyer	destroyer -s	D IH0 S T R OY1 ER0	dɪˈstɹɔɪɚ
d/dimension.txt	1	f n	dimension	dimension -s	D IH0 M EH1 N SH AH0 N	dɪˈmɛnʃən
d/dimension.txt	2	adj	dimensional	dimensional	D IH0 M EH1 N SH AH0 N AH0 L	dɪˈmɛnʃənəl
d/disinherit.txt	1	v	disinherit	to disinhèrite -s -d -ing		
d/dyke.txt	1	m n	dyke	dŷc, dŷx	D AY1 K	ˈdaɪk
d/dyke.txt	2	v	dyke	to dŷc -s dŷched dŷching	D AY1 K	ˈdaɪk
d/display.txt	1	v	display	to desplaie -s -d desplaying	D IH0 S P L EY1	dɪˈspleɪ
d/display.txt	2	f n	display	desplaie, desplays	D IH0 S P L EY1	dɪˈspleɪ
d/display.txt	3	adj	displayable	desplayable		
d/divvy.txt	1	v	divide	to divie -s -d divying	D IH0 V AY1 D	dɪˈvaɪd
d/divvy.txt	1	v	divvy	to divie -s -d divying	D IH1 V IY0	ˈdɪvi
d/drawl.txt	1	v	drawl	to dralle -s -d -ing	D R AO1 L	ˈdɹɔl
d/drawl.txt	2	m n	drawl	dralle, dralls	D R AO1 L	ˈdɹɔl
d/defy.txt	1	v	defy	to defîe -s -d defyhing	D IH0 F AY1	dɪˈfaɪ
d/defy.txt	2	adj	defiant	defîant -ly	D IH0 F AY1 AH0 N T	dɪˈfaɪənt
d/defy.txt	3	f n	defiance	defîance -s	D IH0 F AY1 AH0 N S	dɪˈfaɪəns
d/domino.txt	1	m n	domino	domino -s	D AA1 M AH0 N OW2	ˈdɑməˌnoʊ
d/domino.txt	1	m n	domino	domino -s	D AA1 M IH0 N OW2	ˈdɑmɪˌnoʊ
d/dense.txt	1	adj	dense	dense	D EH1 N S	ˈdɛns
d/dense.txt	2	m n	density	densetie, densetis	D EH1 N S AH0 T IY0	ˈdɛnsəti
d/dense.txt	2	m n	density	densetie, densetis	D EH1 N S IH0 T IY0	ˈdɛnsɪti
d/decease.txt	1	f n	decease	deceisse	D IH0 S IY1 S	dɪˈsis
d/decease.txt	2	v	decease	to deceisse -s -d -ing	D IH0 S IY1 S	dɪˈsis
d/decease.txt	3	adj, f n	decedent	deceident	D EH0 S IY1 D AH0 N T	dɛˈsidənt
d/dodder.txt	1	v	dodder	to dáder dádre(s dádred dádering		
d/drake.txt	1	m n	drake	draic, draix	D R EY1 K	ˈdɹeɪk
d/dumb.txt	2	v	dumb	to dome -s -d -ing	D AH1 M	ˈdʌm
d/dumb.txt	3	adj, m n	dummy	domy; domie, domis	D AH1 M IY0	ˈdʌmi
d/dive.txt	1	irv	dive	to dîve -s doave dîved -ing	D AY1 V	ˈdaɪv
d/disc.txt	1	m n	disc	disc -s	D IH1 S K	ˈdɪsk
d/disc.txt	2	m n	discus	discus	D IH1 S K AH0 S	ˈdɪskəs
d/derail.txt	1	v	derail	to dereile -s -d -ing	D IH0 R EY1 L	dɪˈɹeɪl
d/derail.txt	2	f n	derailment	deréilment -s	D IH0 R EY1 L M AH0 N T	dɪˈɹeɪlmənt
d/declare.txt	1	v	declare	to declâre -s -d -ing	D IH0 K L EH1 R	dɪˈklɛɹ
d/declare.txt	2	f n	declaration	declarâcion -s	D EH2 K L ER0 EY1 SH AH0 N	ˌdɛklɚˈeɪʃən
d/declare.txt	3	f n	declarant	declârant -s	D IH0 K L EH1 R AH0 N T	dɪˈklɛɹənt
d/declare.txt	4	adj	declarative	declâratif -vly	D IH0 K L EH1 R AH0 T IH0 V	dɪˈklɛɹətɪv
d/declare.txt	5	adj	declaratory	declâratory	D IH0 K L EH1 R AH0 T AO2 R IY0	dɪˈklɛɹəˌtɔɹi
d/distant.txt	1	adj	distant	distant	D IH1 S T AH0 N T	ˈdɪstənt
d/distant.txt	2	m n	distance	distance -s	D IH1 S T AH0 N S	ˈdɪstəns
d/distant.txt	3	v	distance	to distance -s -d -ing	D IH1 S T AH0 N S	ˈdɪstəns
d/drone.txt	1	m n	drone	drone, droans	D R OW1 N	ˈdɹoʊn
d/drone.txt	2	v	drone	to drone -s -d -ing	D R OW1 N	ˈdɹoʊn
d/dabble.txt	1	v	dabble	to dabble -s -d -ing	D AE1 B AH0 L	ˈdæbəl
d/diaper.txt	1	m n	diaper	dîpre, dîpars	D AY1 P ER0	ˈdaɪpɚ
d/diaper.txt	2	v	diaper	to dîper dîpre(s dîpred dîpering	D AY1 P ER0	ˈdaɪpɚ
d/decade.txt	1	m n	decade	decâd -s	D EH0 K EY1 D	dɛˈkeɪd
d/decade.txt	1	m n	decade	decâd -s	D EH1 K EY0 D	ˈdɛkeɪd
d/drain.txt	1	v	drain	to dreine -s -d -ing	D R EY1 N	ˈdɹeɪn
d/drain.txt	2	m n	drain	dreine, dreins	D R EY1 N	ˈdɹeɪn
d/drain.txt	3	m n	drainage	dreinage -s	D R EY1 N AH0 JH	ˈdɹeɪnədʒ
d/drain.txt	3	m n	drainage	dreinage -s	D R EY1 N IH0 JH	ˈdɹeɪnɪdʒ
d/doze.txt	1	v	doze	to doase -s -d -ing	D OW1 Z	ˈdoʊz
d/distinguish.txt	1	v	distinguish	to distingoișe -s -d -ing	D IH0 S T IH1 NG G W IH0 SH	dɪˈstɪŋɡwɪʃ
d/distinguish.txt	2	adj	distinguishable	distingoișable	D IH0 S T IH1 NG G W IH0 SH AH0 B AH0 L	dɪˈstɪŋɡwɪʃəbəl
d/dynamo.txt	1	m n	dynamo	dŷnamo -s	D AY1 N AH0 M OW2	ˈdaɪnəˌmoʊ
d/dawn.txt	1	v	dawn	to daone -s -d -ing	D AO1 N	ˈdɔn
d/drape.txt	1	v	drape	to drâpe -s -d -ing	D R EY1 P	ˈdɹeɪp
d/drape.txt	2	m n	drape	drâpe, drâps	D R EY1 P	ˈdɹeɪp
d/drape.txt	3	m n	drapery	drâperie, drâperis	D R EY1 P ER0 IY0	ˈdɹeɪpɚi
d/drape.txt	4	m n	trappings	trapings	T R AE1 P IH0 NG Z	ˈtɹæpɪŋz
d/divide.txt	1	v	divide	to divîde -s -d -ing	D IH0 V AY1 D	dɪˈvaɪd
d/divide.txt	2	f n	divide	divîde, divîds	D IH0 V AY1 D	dɪˈvaɪd
d/divide.txt	4	adj	divisional	divisional	D IH0 V IH1 ZH AH0 N AH0 L	dɪˈvɪʒənəl
d/divide.txt	5	m n	dividend	dividend -s	D IH1 V IH0 D EH2 N D	ˈdɪvɪˌdɛnd
d/divide.txt	6	f n	divider	divîder -s	D IH0 V AY1 D ER0	dɪˈvaɪdɚ
d/divide.txt	7	adj	divisible	divisible -y	D IH0 V IH1 Z AH0 B AH0 L	dɪˈvɪzəbəl
d/divide.txt	8	f n	divisibility	divisibilitie, divisibilitis		
d/divide.txt	9	adj	divisive	divîssif -vly -ness	D IH0 V AY1 S IH0 V	dɪˈvaɪsɪv
d/deuce.txt	1	m n	dews	dousse	D UW1 Z	ˈduz
d/deuce.txt	1	m n	deuce	dousse	D UW1 S	ˈdus
d/dilate.txt	1	v	dilate	to dîlait -s -ed -ing	D AY2 L EY1 T	ˌdaɪˈleɪt
d/dilate.txt	2	f n	dilation	dialâcion -s	D AY2 L EY1 SH AH0 N	ˌdaɪˈleɪʃən
d/dilate.txt	3	f n	dilatation	dilatâcion -s	D IH2 L AH0 T EY1 SH AH0 N	ˌdɪləˈteɪʃən
d/defibrillation.txt	1	f n	fibril	defibrillâcion -s		
d/defibrillation.txt	1	f n	fibrillate	defibrillâcion -s		
d/defibrillation.txt	1	f n	fibrillation	defibrillâcion -s	F IH2 B R IH0 L EY1 SH AH0 N	ˌfɪbɹɪˈleɪʃən
d/defibrillation.txt	2	f n	fibril	defibrillaitor -s		
d/defibrillation.txt	2	f n	fibrillate	defibrillaitor -s		
d/defibrillation.txt	2	f n	fibrillation	defibrillaitor -s	F IH2 B R IH0 L EY1 SH AH0 N	ˌfɪbɹɪˈleɪʃən
d/defibrillation.txt	2	f n	defibrillation	defibrillaitor -s		
d/dengue.txt	1	m n	dengue	denguie	D EH1 N G	ˈdɛnɡ
d/dyad.txt	1	m n	dyad	dŷad -s	D AY1 AE2 D	ˈdaɪˌæd
d/dry.txt	1	v	dry	to drîe -s -d dryhing	D R AY1	ˈdɹaɪ
d/dry.txt	2	m n	dryer	drîer -s	D R AY1 ER0	ˈdɹaɪɚ
d/dry.txt	3	adj, adv, m n	dry	dryh, dryhar, dryhest	D R AY1	ˈdɹaɪ
d/dry.txt	4	m n	dryness	drîness	D R AY1 N AH0 S	ˈdɹaɪnəs
d/dazzle.txt	1	m n	dazzle	dasele, dasels	D AE1 Z AH0 L	ˈdæzəl
d/dazzle.txt	2	v	dazzle	to dasele -s -d -ing	D AE1 Z AH0 L	ˈdæzəl
d/Delaware.txt	1	m n	Delaware	Delaüere	D EH1 L AH0 W EH2 R	ˈdɛləˌwɛɹ
d/Delaware.txt	2	adj	Delawarian	delauèrian	D EH1 L AH0 W EH2 R IY0 IH0 N	ˈdɛləˌwɛɹiɪn
d/Delaware.txt	3	f n	Delawarian	delauèrian -s	D EH1 L AH0 W EH2 R IY0 IH0 N	ˈdɛləˌwɛɹiɪn
d/dispute.txt	1	v	dispute	to despúte -s -d -ing	D IH0 S P Y UW1 T	dɪˈspjut
d/dispute.txt	2	f n	dispute	despúte, despúts	D IH0 S P Y UW1 T	dɪˈspjut
d/dwarf.txt	1	m n	dwarf	duorfe, duorfs	D W AO1 R F	ˈdwɔɹf
d/dwarf.txt	2	v	dwarf	to duorfe -s -d -ing	D W AO1 R F	ˈdwɔɹf
d/dwarf.txt	3	adj	dwarf	duorf -ar -est	D W AO1 R F	ˈdwɔɹf
d/dwarf.txt	4	adj	dwarfish	duorfisce -ly -ness		
d/digest.txt	1	v	digest	to digèste -s -d -ing	D AY0 JH EH1 S T	daɪˈdʒɛst
d/digest.txt	1	v	digest	to digèste -s -d -ing	D AY1 JH EH0 S T	ˈdaɪdʒɛst
d/digest.txt	3	adj, f n	digestive	digèstif -s	D AY0 JH EH1 S T IH0 V	daɪˈdʒɛstɪv
d/digest.txt	5	m n	digest	dîgest -s	D AY0 JH EH1 S T	daɪˈdʒɛst
d/digest.txt	5	m n	digest	dîgest -s	D AY1 JH EH0 S T	ˈdaɪdʒɛst
d/duel.txt	1	m n	duel	duele, duels	D UW1 AH0 L	ˈduəl
d/duel.txt	2	v	duel	to duele -s -d -ing	D UW1 AH0 L	ˈduəl
d/damage.txt	1	m n	damage	damage -s	D AE1 M AH0 JH	ˈdæmədʒ
d/damage.txt	1	m n	damage	damage -s	D AE1 M IH0 JH	ˈdæmɪdʒ
d/damage.txt	2	v	damage	to damage -s -d -ing	D AE1 M AH0 JH	ˈdæmədʒ
d/damage.txt	2	v	damage	to damage -s -d -ing	D AE1 M IH0 JH	ˈdæmɪdʒ
d/degenerate.txt	1	adj	degenerate	degènerate	D IH0 JH EH1 N ER0 AH0 T	dɪˈdʒɛnɚət
d/degenerate.txt	1	adj	degenerate	degènerate	D IH0 JH EH1 N ER0 EY2 T	dɪˈdʒɛnɚˌeɪt
d/degenerate.txt	2	f n	degenerate	degènerate, degènerats	D IH0 JH EH1 N ER0 AH0 T	dɪˈdʒɛnɚət
d/degenerate.txt	2	f n	degenerate	degènerate, degènerats	D IH0 JH EH1 N ER0 EY2 T	dɪˈdʒɛnɚˌeɪt
d/degenerate.txt	3	v	degenerate	to degènerait -s -ed -ing	D IH0 JH EH1 N ER0 AH0 T	dɪˈdʒɛnɚət
d/degenerate.txt	3	v	degenerate	to degènerait -s -ed -ing	D IH0 JH EH1 N ER0 EY2 T	dɪˈdʒɛnɚˌeɪt
d/degenerate.txt	4	f n	degeneration	degenerâcion -s	D IH0 JH EH2 N ER0 EY1 SH AH0 N	dɪˌdʒɛnɚˈeɪʃən
d/degenerate.txt	5	adj	degenerative	degèneratif	D IH0 JH EH1 N ER0 AH0 T IH0 V	dɪˈdʒɛnɚətɪv
d/degenerate.txt	6	f n	degeneracy	degèneracie, degèneracis	D IH0 JH EH1 N ER0 AH0 S IY0	dɪˈdʒɛnɚəsi
d/dispatch.txt	1	v	dispatch	to despac̃e -s -d -ing	D IH0 S P AE1 CH	dɪˈspætʃ
d/dispatch.txt	2	m n	dispatch	dispac̃e -es	D IH0 S P AE1 CH	dɪˈspætʃ
d/dad.txt	1	m n	dad	dade, dads	D AE1 D	ˈdæd
d/dad.txt	2	m n	daddy	dadie, dadis	D AE1 D IY0	ˈdædi
d/detach.txt	1	v	detach	to detac̃e -s -d -ing	D IH1 T AE2 CH	ˈdɪˌtætʃ
d/detach.txt	1	v	detach	to detac̃e -s -d -ing	D IY0 T AE1 CH	diˈtætʃ
d/detach.txt	2	f n	detachment	detac̃ement -s	D IH0 T AE1 CH M AH0 N T	dɪˈtætʃmənt
d/detach.txt	2	f n	detachment	detac̃ement -s	D IY0 T AE1 CH M AH0 N T	diˈtætʃmənt
d/detach.txt	3	adj	detachable	detac̃able	D IH0 T AE1 CH AH0 B AH0 L	dɪˈtætʃəbəl
d/detach.txt	3	adj	detachable	detac̃able	D IY0 T AE1 CH AH0 B AH0 L	diˈtætʃəbəl
d/detach.txt	4	f n	detachable	detac̃able, detac̃abils	D IH0 T AE1 CH AH0 B AH0 L	dɪˈtætʃəbəl
d/detach.txt	4	f n	detachable	detac̃able, detac̃abils	D IY0 T AE1 CH AH0 B AH0 L	diˈtætʃəbəl
d/dirt.txt	1	m n	dirt	dirte, dirts	D ER1 T	ˈdɝt
d/dirt.txt	2	adj	dirty	dirty	D ER1 T IY0	ˈdɝti
d/dizzy.txt	1	adj	dizzy	dysy	D IH1 Z IY0	ˈdɪzi
d/dizzy.txt	2	v	dizzy	to dysie -s -d dysying	D IH1 Z IY0	ˈdɪzi
d/drum.txt	1	m n	drum	drome, droms	D R AH1 M	ˈdɹʌm
d/drum.txt	2	v	drum	to drome -s -d -ing	D R AH1 M	ˈdɹʌm
d/don.txt	1	m n	don	donme, dons	D AA1 N	ˈdɑn
d/don.txt	2	v	don	to donne don(s -d -ing	D AA1 N	ˈdɑn
d/declaim.txt	1	v	declaim	to declâme -s -d -ing	D IH0 K L EY1 M	dɪˈkleɪm
d/declaim.txt	2	f n	declamation	declamâcion -s		
d/declaim.txt	3	adj	declamatory	declàmatory		
d/deprave.txt	1	v	deprave	to deprâve -s -d -ing	D IY0 P R EY1 V	diˈpɹeɪv
d/deprave.txt	2	f n	depravation	depravâcion -s	D EH2 P R AH0 V EY1 SH AH0 N	ˌdɛpɹəˈveɪʃən
d/deprave.txt	3	f n	depravity	depravetie -is	D IH0 P R AE1 V AH0 T IY0	dɪˈpɹævəti
d/dairy.txt	1	adj, m n	dairy	deiry, deirie	D EH1 R IY0	ˈdɛɹi
d/diphthong.txt	1	m n	diphthong	diphþong -s	D IH1 F TH AO2 NG	ˈdɪfˌθɔŋ
d/demagogue.txt	1	m n	demagogue	dèmagogue, dèmagogs	D EH1 M AH0 G AA2 G	ˈdɛməˌɡɑɡ
d/demagogue.txt	2	f n	demagoguery	demagoguerie	D EH1 M AH0 G AA2 G ER0 IY0	ˈdɛməˌɡɑɡɚi
d/demagogue.txt	3	adj	demagogic	demagogic	D EH2 M AH0 G AA1 JH IH0 K	ˌdɛməˈɡɑdʒɪk
d/demagogue.txt	4	m n	demagogy	demagogie demagogis	D EH1 M AH0 G AA2 JH IY0	ˈdɛməˌɡɑdʒi
d/diamond.txt	1	m n	diamond	dîmand -s	D AY1 M AH0 N D	ˈdaɪmənd
d/dot.txt	1	m n	dot	dotte, dots	D AA1 T	ˈdɑt
d/dot.txt	2	v	dot	to dotte dot(s -d -ing	D AA1 T	ˈdɑt
d/dot.txt	3	m n	dot	dotte, dots	D AA1 T	ˈdɑt
d/dish.txt	1	m n	dish	disce -s	D IH1 SH	ˈdɪʃ
d/dish.txt	2	v	dish	to disce -s -d -ing	D IH1 SH	ˈdɪʃ
d/defeat.txt	1	v	defeat	to defeite -s -d -ing	D IH0 F IY1 T	dɪˈfit
d/defeat.txt	2	f n	defeat	defeite	D IH0 F IY1 T	dɪˈfit
d/discharge.txt	1	v	discharge	to disc̃arge -s -d -ing	D IH0 S CH AA1 R JH	dɪsˈtʃɑɹdʒ
d/discharge.txt	1	v	discharge	to disc̃arge -s -d -ing	D IH1 S CH AA2 R JH	ˈdɪsˌtʃɑɹdʒ
d/discharge.txt	2	m n	discharge	disc̃arge -s	D IH0 S CH AA1 R JH	dɪsˈtʃɑɹdʒ
d/discharge.txt	2	m n	discharge	disc̃arge -s	D IH1 S CH AA2 R JH	ˈdɪsˌtʃɑɹdʒ
d/despair.txt	1	v	despair	to despeire -s -d -ing	D IH0 S P EH1 R	dɪˈspɛɹ
d/despair.txt	2	f n	despair	despeire	D IH0 S P EH1 R	dɪˈspɛɹ
d/despair.txt	3	f n	desperation	desperâcion -s	D EH2 S P ER0 EY1 SH AH0 N	ˌdɛspɚˈeɪʃən
d/despair.txt	3	f n	desperation	desperâcion -s	D EH2 S P ER0 EY1 SH IH0 N	ˌdɛspɚˈeɪʃɪn
d/despair.txt	4	adj	desperate	desperate -ly	D EH1 S P R IH0 T	ˈdɛspɹɪt
d/despair.txt	4	adj	desperate	desperate -ly	D EH1 S P ER0 IH0 T	ˈdɛspɚɪt
d/divert.txt	1	v	divert	to diverte -s -d -ing	D AY0 V ER1 T	daɪˈvɝt
d/divert.txt	1	v	divert	to diverte -s -d -ing	D IH0 V ER1 T	dɪˈvɝt
d/divert.txt	2	f n	diversion	divêsion	D AY0 V ER1 ZH AH0 N	daɪˈvɝʒən
d/divert.txt	2	f n	diversion	divêsion	D IH0 V ER1 ZH AH0 N	dɪˈvɝʒən
d/dire.txt	1	adj	dire	dîre	D AY1 R	ˈdaɪɹ
d/dire.txt	1	adj	dire	dîre	D AY1 ER0	ˈdaɪɚ
d/dig.txt	1	irv	dig	to dighe dig(s deug dighing	D IH1 G	ˈdɪɡ
d/dig.txt	2	m n	dig	dighe, digs	D IH1 G	ˈdɪɡ
d/dominate.txt	1	v	dominate	to dominait -s -ed -ing	D AA1 M AH0 N EY2 T	ˈdɑməˌneɪt
d/dominate.txt	2	f n	domination	dominâcion -s	D AA2 M AH0 N EY1 SH AH0 N	ˌdɑməˈneɪʃən
d/dominate.txt	4	f n	domain	domaine, domaîns	D OW0 M EY1 N	doʊˈmeɪn
d/device.txt	1	f n	device	devîse -s	D IH0 V AY1 S	dɪˈvaɪs
d/device.txt	2	v	devise	to devîse -s -d -ing	D IH0 V AY1 Z	dɪˈvaɪz
d/device.txt	2	v	devise	to devîse -s -d -ing	D IH0 V AY1 S	dɪˈvaɪs
w/Wyoming.txt	1	f n	Wyoming	Uyóming	W AY2 OW1 M IH0 NG	ˌwaɪˈoʊmɪŋ
w/Wyoming.txt	2	adj, f n	Wyomingite	uyómingaït -s		
w/wedge.txt	1	m n	wedge	uedge -s	W EH1 JH	ˈwɛdʒ
w/wedge.txt	2	v	wedge	to uedge -s -d -ing	W EH1 JH	ˈwɛdʒ
w/wallop.txt	1	v	wallop	to uálope -s -d -ing	W AA1 L AH0 P	ˈwɑləp
w/wallop.txt	2	m n	wallop	uálope, uálops	W AA1 L AH0 P	ˈwɑləp
w/well.txt	1	adv, adj	well	ouel	W EH1 L	ˈwɛl
w/well.txt	2	adj	well-read	ouel-raid	W EH1 L R EH1 D	ˈwɛlˈɹɛd
w/well.txt	3	v	well	to uelle -s -d -ing	W EH1 L	ˈwɛl
w/well.txt	4	m n	well	uelle, uells	W EH1 L	ˈwɛl
w/wheeze.txt	1	v	wheeze	to uiese -s -d -ing	W IY1 Z	ˈwiz
w/wheeze.txt	1	v	wheeze	to uiese -s -d -ing	HH W IY1 Z	hˈwiz
w/wheeze.txt	2	m n	wheeze	uiese -s	W IY1 Z	ˈwiz
w/wheeze.txt	2	m n	wheeze	uiese -s	HH W IY1 Z	hˈwiz
w/wheeze.txt	3	m n	wheezy	uiesy		
w/wink.txt	1	v	wink	to uinque uinc(s -d -ing	W IH1 NG K	ˈwɪŋk
w/wink.txt	2	m n	wink	uinc -s	W IH1 NG K	ˈwɪŋk
w/wagon.txt	2	m n	wagon	uagon -s	W AE1 G AH0 N	ˈwæɡən
w/wake.txt	1	irv	wake	to uaic -s uóc uócan uâching	W EY1 K	ˈweɪk
w/wake.txt	2	m n	wake	uâc, uaix	W EY1 K	ˈweɪk
w/wake.txt	3	m n	wake	uâc, uaix	W EY1 K	ˈweɪk
w/wet.txt	2	irv	wet	to uete -s uet -ing	W EH1 T	ˈwɛt
w/will.txt	1	modal, aux	will	uill, oûd, uon't, oûdn't	W IH1 L	ˈwɪl
w/will.txt	1	modal, aux	will	uill, oûd, uon't, oûdn't	W AH0 L	wəl
w/will.txt	1	modal, aux	would	uill, oûd, uon't, oûdn't	W UH1 D	ˈwʊd
w/will.txt	1	modal, aux	won't	uill, oûd, uon't, oûdn't	W OW1 N T	ˈwoʊnt
w/will.txt	1	modal, aux	wouldn't	uill, oûd, uon't, oûdn't	W UH1 D AH0 N T	ˈwʊdənt
w/will.txt	2	m n	will	uille, uills	W IH1 L	ˈwɪl
w/will.txt	2	m n	will	uille, uills	W AH0 L	wəl
w/West-Virginia.txt	1	f n	West Virginia	Oest Virgïnia	W EH1 S T V ER0 JH IH1 N Y AH0	ˈwɛstvɚˈdʒɪnjə
w/West-Virginia.txt	2	adj, f n	West Virginian	oest virgïnian -s	W EH1 S T V ER0 JH IH1 N Y AH0 N	ˈwɛstvɚˈdʒɪnjən
w/waste.txt	1	m n	waste	uâste, uâsts	W EY1 S T	ˈweɪst
w/waste.txt	2	adj	wasteful	uâstful	W EY1 S T F AH0 L	ˈweɪstfəl
w/waste.txt	3	v	waste	to uâste -s -d -ing	W EY1 S T	ˈweɪst
w/waste.txt	4	m n	wastage	uâstage -s		
w/whip.txt	1	v	whip	to uippe uip(s -d -ing	W IH1 P	ˈwɪp
w/whip.txt	1	v	whip	to uippe uip(s -d -ing	HH W IH1 P	hˈwɪp
w/whip.txt	2	m n	whip	uippe, uips	W IH1 P	ˈwɪp
w/whip.txt	2	m n	whip	uippe, uips	HH W IH1 P	hˈwɪp
w/wage.txt	1	m n	wage	uâge -s	W EY1 JH	ˈweɪdʒ
w/wage.txt	2	v	wage	to uâge -s -d -ing	W EY1 JH	ˈweɪdʒ
w/wage.txt	3	m n	wager	uâgeure, uâgeurs	W EY1 JH ER0	ˈweɪdʒɚ
w/wage.txt	4	v	wager	to uâgeure -s -d -ing	W EY1 JH ER0	ˈweɪdʒɚ
w/wry.txt	1	v	wry	to r̃yhe -s -d -ing	R AY1	ˈɹaɪ
w/wry.txt	2	adj	wry	r̃yh	R AY1	ˈɹaɪ
w/wry.txt	3	adj, adv	awry	ar̃yh	ER0 AY1	ɚˈaɪ
w/Winter.txt	2	adj	wintry	uintry	W IH1 N T R IY0	ˈwɪntɹi
w/white.txt	1	adj, m n	white	oît(e oîtar oîtest	W AY1 T	ˈwaɪt
w/white.txt	1	adj, m n	white	oît(e oîtar oîtest	HH W AY1 T	hˈwaɪt
w/widow.txt	1	m n	widow	uidaue, uidaus	W IH1 D OW0	ˈwɪdoʊ
w/wall.txt	1	m n	wall	ualle, ualls	W AO1 L	ˈwɔl
w/wall.txt	2	v	wall	to ualle -s -d -ing	W AO1 L	ˈwɔl
w/warm.txt	2	v	warm	to uarm -s -d -ing	W AO1 R M	ˈwɔɹm
w/warm.txt	3	m n	warmth	uarmþ	W AO1 R M TH	ˈwɔɹmθ
w/whisper.txt	1	v	whisper	to uispir uispre(s uispred uispiring	W IH1 S P ER0	ˈwɪspɚ
w/whisper.txt	1	v	whisper	to uispir uispre(s uispred uispiring	HH W IH1 S P ER0	hˈwɪspɚ
w/whisper.txt	2	m n	whisper	uispre, uispirs	W IH1 S P ER0	ˈwɪspɚ
w/whisper.txt	2	m n	whisper	uispre, uispirs	HH W IH1 S P ER0	hˈwɪspɚ
w/wipe.txt	1	v	wipe	to uîpe -s -d -ing	W AY1 P	ˈwaɪp
w/wipe.txt	2	m n	wipe	uîpe, uîps	W AY1 P	ˈwaɪp
w/wave.txt	1	v	wave	to uâve -s -d -ing	W EY1 V	ˈweɪv
w/wave.txt	2	m n	wave	uâve -s	W EY1 V	ˈweɪv
w/wring.txt	1	irv	wring	to r̃ingue r̃ing(s r̃ong r̃inguing	R IH1 NG	ˈɹɪŋ
w/withdraw.txt	1	irv	withdraw	to uiþdrahe -s uiþdrou uiþdraon uiþdrahing	W IH0 DH D R AO1	wɪðˈdɹɔ
w/withdraw.txt	1	irv	withdraw	to uiþdrahe -s uiþdrou uiþdraon uiþdrahing	W IH0 TH D R AO1	wɪθˈdɹɔ
w/withdraw.txt	2	f n	withdrawal	uiþdraule, uiþdrauls	W IH0 DH D R AO1 AH0 L	wɪðˈdɹɔəl
w/withdraw.txt	2	f n	withdrawal	uiþdraule, uiþdrauls	W IH0 TH D R AO1 AH0 L	wɪθˈdɹɔəl
w/wrong.txt	1	adj	wrong	ròng	R AO1 NG	ˈɹɔŋ
w/wrong.txt	2	v	wrong	to rongue ròng(s -d -ing	R AO1 NG	ˈɹɔŋ
w/wife.txt	1	m n	wife	uîfe, uîfs	W AY1 F	ˈwaɪf
w/wife.txt	1	m n	wives	uîfe, uîfs	W AY1 V Z	ˈwaɪvz
w/week.txt	1	m n	week	uiec, uiex	W IY1 K	ˈwik
w/week.txt	2	m n	weekday	uiec-daie -days	W IY1 K D EY2	ˈwikˌdeɪ
w/week.txt	3	m n	weekend	uiec-end -s	W IY1 K EH2 N D	ˈwiˌkɛnd
w/week.txt	3	m n	weekend	uiec-end -s	W IY1 K IH2 N D	ˈwiˌkɪnd
w/week.txt	4	adv	weekly	uiechly	W IY1 K L IY0	ˈwikli
w/wise.txt	1	adj	wise	uîse -ar -st	W AY1 Z	ˈwaɪz
w/wise.txt	2	suffix	suffix-wise	-uîse	S AH1 F IH0 K S W AY1 Z	ˈsʌfɪkˈswaɪz
w/wise.txt	3	v	wise	to uîse -s -d -ing	W AY1 Z	ˈwaɪz
w/wise.txt	4	v	wisen	to uîsene -s -d -ing		
w/whale.txt	1	m n	whale	uaile, huails	W EY1 L	ˈweɪl
w/whale.txt	1	m n	whale	uaile, huails	HH W EY1 L	hˈweɪl
w/whale.txt	2	v	whale	to uaile -s -d -ing	W EY1 L	ˈweɪl
w/whale.txt	2	v	whale	to uaile -s -d -ing	HH W EY1 L	hˈweɪl
w/wide.txt	1	adj	wide	uîd -ar -est -ly	W AY1 D	ˈwaɪd
w/wide.txt	2	m n	width	uidþ -s	W IH1 D TH	ˈwɪdθ
w/wide.txt	3	v	widen	to uîdene -s -d -ing	W AY1 D AH0 N	ˈwaɪdən
w/Welsh.txt	3	m n	Wales	Ueals	W EY1 L Z	ˈweɪlz
w/wand.txt	1	m n	wand	uánd -s	W AA1 N D	ˈwɑnd
w/weigh.txt	1	v	weigh	to ueihe -s -d -ing	W EY1	ˈweɪ
w/weigh.txt	2	m n	weight	ueihte, ueihts	W EY1 T	ˈweɪt
w/weigh.txt	3	v	weight	to ueihte -s -d -ing	W EY1 T	ˈweɪt
w/wildebeast.txt	1	m n	wildebeast	uildebiest -s		
w/withstand.txt	1	irv	withstand	to uiþstande -s uiþstôd -ing	W IH0 TH S T AE1 N D	wɪθˈstænd
w/which.txt	2	pron	whichever	uic̃evre	W IH0 CH EH1 V ER0	wɪˈtʃɛvɚ
w/which.txt	2	pron	whichever	uic̃evre	HH W IH0 CH EH1 V ER0	hwɪˈtʃɛvɚ
w/Worcestershire.txt	1	m n	Worcester	Uôsteșor	W UH1 S T ER0	ˈwʊstɚ
w/Worcestershire.txt	1	m n	Worcestershire	Uôsteșor	W UH1 S T ER0 SH ER0	ˈwʊstɚʃɚ
w/wrap.txt	1	v	wrap	to r̃ape -s -d -ing	R AE1 P	ˈɹæp
w/wrap.txt	2	m n	wrap	r̃ape, r̃aps	R AE1 P	ˈɹæp
w/without.txt	1	prep	without	uiþaut	W IH0 TH AW1 T	wɪˈθaʊt
w/without.txt	1	prep	without	uiþaut	W IH0 DH AW1 T	wɪˈðaʊt
w/weary.txt	1	v	weary	to uïrie -s -d uïrying	W IH1 R IY0	ˈwɪɹi
w/weary.txt	2	adj	weary	uïry	W IH1 R IY0	ˈwɪɹi
w/weary.txt	3	adj	wearisome	uïrisome	W IH1 R IY0 S AH0 M	ˈwɪɹisəm
w/wool.txt	1	m n	wool	uôle, uôls	W UH1 L	ˈwʊl
w/wool.txt	2	adj	woolen	uôlan	W UH1 L AH0 N	ˈwʊlən
w/why.txt	1	adv, conj	why	uoie	W AY1	ˈwaɪ
w/why.txt	1	adv, conj	why	uoie	HH W AY1	hˈwaɪ
w/whey.txt	1	m n	whey	ueie	W EY1	ˈweɪ
w/whey.txt	1	m n	whey	ueie	HH W EY1	hˈweɪ
w/whey.txt	2	adj	whey	uey	W EY1	ˈweɪ
w/whey.txt	2	adj	whey	uey	HH W EY1	hˈweɪ
w/weasel.txt	1	m n	weasel	uisele, uisels	W IY1 Z AH0 L	ˈwizəl
w/weasel.txt	2	v	weasel	to uisele -s -d -ing	W IY1 Z AH0 L	ˈwizəl
w/write.txt	1	irv	write	to r̃aite -s r̃oat r̃itan -ing	R AY1 T	ˈɹaɪt
w/write.txt	2	m n	writer	r̃aiter -s	R AY1 T ER0	ˈɹaɪtɚ
w/whore.txt	1	m n	whore	hore, hors; ho -s	HH AO1 R	ˈhɔɹ
w/whore.txt	1	m n	ho	hore, hors; ho -s	HH OW1	ˈhoʊ
w/whore.txt	2	v	whore	hore -s -d -ing	HH AO1 R	ˈhɔɹ
w/we.txt	4	pron	ours	aurs	AW1 ER0 Z	ˈaʊɚz
w/we.txt	4	pron	ours	aurs	AA1 R Z	ˈɑɹz
w/we.txt	4	pron	ours	aurs	AW1 R Z	ˈaʊɹz
w/we.txt	5	pron	ourselves	aurselfs	AW0 ER0 S EH1 L V Z	aʊɚˈsɛlvz
w/we.txt	5	pron	ourselves	aurselfs	AA0 R S EH1 L V Z	ɑɹˈsɛlvz
w/wreak.txt	1	v	wreak	to r̃eic -s -hed -hing	R IY1 K	ˈɹik
w/waist.txt	1	m n	waist	ueaste, ueasts	W EY1 S T	ˈweɪst
w/weal.txt	1	m n	weal	uiale		
w/weal.txt	2	m n	wealth	uailþ	W EH1 L TH	ˈwɛlθ
w/weep.txt	1	irv	weep	to uiepe -s uaipt -ing	W IY1 P	ˈwip
w/weird.txt	1	adj	weird	uírd -ly -ness	W IH1 R D	ˈwɪɹd
w/witch.txt	1	m n	witch	uix̃e -s	W IH1 CH	ˈwɪtʃ
w/witch.txt	2	v	witch	to uix̃e -s -d -ing	W IH1 CH	ˈwɪtʃ
w/waver.txt	1	v	waver	to uâvir uâvre(s uâvred uâviring	W EY1 V ER0	ˈweɪvɚ
w/waver.txt	2	m n	waver	uâvre, uâvirs	W EY1 V ER0	ˈweɪvɚ
w/whole.txt	1	adj	whole	hoal -ly -ness	HH OW1 L	ˈhoʊl
w/whistle.txt	1	v	whistle	to uissle -s -d -ing	W IH1 S AH0 L	ˈwɪsəl
w/whistle.txt	1	v	whistle	to uissle -s -d -ing	HH W IH1 S AH0 L	hˈwɪsəl
w/whistle.txt	2	m n	whistle	uissle, uissels	W IH1 S AH0 L	ˈwɪsəl
w/whistle.txt	2	m n	whistle	uissle, uissels	HH W IH1 S AH0 L	hˈwɪsəl
w/win.txt	1	irv	win	to uinne uin(s uon -ing	W IH1 N	ˈwɪn
w/win.txt	3	m n	winner	uinor -s	W IH1 N ER0	ˈwɪnɚ
w/wear.txt	1	irv	wear	to ueire -s uore uorn ueiring	W EH1 R	ˈwɛɹ
w/wear.txt	2	m n	wear	ueire, ueirs	W EH1 R	ˈwɛɹ
w/wear.txt	3	adj, m n	wearable	ueirable -abils	W EH1 R AH0 B AH0 L	ˈwɛɹəbəl
w/wear.txt	4	m n	underwear	ondre-ueire	AH1 N D ER0 W EH2 R	ˈʌndɚˌwɛɹ
w/wire.txt	1	m n	wire	uîre, uîars	W AY1 ER0	ˈwaɪɚ
w/wire.txt	1	m n	wire	uîre, uîars	W AY1 R	ˈwaɪɹ
w/wire.txt	2	v	wire	to uîer uîre(s uîred uîering	W AY1 ER0	ˈwaɪɚ
w/wire.txt	2	v	wire	to uîer uîre(s uîred uîering	W AY1 R	ˈwaɪɹ
w/water.txt	2	v	water	to uatir uatre(s uatred uatiring	W AO1 T ER0	ˈwɔtɚ
w/warrant.txt	1	m n	warrant	uarant -s	W AO1 R AH0 N T	ˈwɔɹənt
w/warrant.txt	2	v	warrant	to uarante -s -d -ing	W AO1 R AH0 N T	ˈwɔɹənt
w/Wisconsin.txt	1	f n	Wisconsin	Uiscónsin	W IH0 S K AA1 N S AH0 N	wɪˈskɑnsən
w/Wisconsin.txt	2	adj, f n	Wisconsinite	uiscónsinaït -s		
w/worth.txt	2	adj, m n	worthwhile	uirþ-uîl	W ER1 TH W AY1 L	ˈwɝˈθwaɪl
w/withhold.txt	1	irv	withhold	to uiþhoalde -s uiþhaild -ing	W IH0 TH HH OW1 L D	wɪθˈhoʊld
w/watch.txt	1	v	watch	to uac̃e -s -d -ing	W AA1 CH	ˈwɑtʃ
w/watch.txt	1	v	watch	to uac̃e -s -d -ing	W AO1 CH	ˈwɔtʃ
w/watch.txt	2	m n	watch	uac̃e -s	W AA1 CH	ˈwɑtʃ
w/watch.txt	2	m n	watch	uac̃e -s	W AO1 CH	ˈwɔtʃ
w/wick.txt	1	m n	wick	uic, uix	W IH1 K	ˈwɪk
w/wolf.txt	2	v	wolf	to uôlfe -s -d -ing	W UH1 L F	ˈwʊlf
w/watermelon.txt	1	m n	watermelon	uatremelon -s	W AO1 T ER0 M EH2 L AH0 N	ˈwɔtɚˌmɛlən
w/whirl.txt	1	v	whirl	to uirele -s -d -ing	W ER1 L	ˈwɝl
w/whirl.txt	1	v	whirl	to uirele -s -d -ing	HH W ER1 L	hˈwɝl
w/whirl.txt	2	m n	whirl	uirele, uirels	W ER1 L	ˈwɝl
w/whirl.txt	2	m n	whirl	uirele, uirels	HH W ER1 L	hˈwɝl
w/wreck.txt	1	m n	wreck	r̃ec, r̃ex	R EH1 K	ˈɹɛk
w/wreck.txt	2	v	wreck	to r̃ec -s -hed -hing	R EH1 K	ˈɹɛk
w/wash.txt	1	v	wash	to uasce -s -d -ing	W AA1 SH	ˈwɑʃ
w/where.txt	1	adv, conj	where	ouere	W EH1 R	ˈwɛɹ
w/where.txt	1	adv, conj	where	ouere	HH W EH1 R	hˈwɛɹ
w/wing.txt	1	m n	wing	uingue, uings	W IH1 NG	ˈwɪŋ
w/wing.txt	2	v	wing	to uingue uing(s -d -ing	W IH1 NG	ˈwɪŋ
w/worm.txt	2	v	worm	to uême -s -d -ing	W ER1 M	ˈwɝm
w/what.txt	1	pron, adv	what	uate	W AH1 T	ˈwʌt
w/what.txt	1	pron, adv	what	uate	HH W AH1 T	hˈwʌt
w/word.txt	2	v	word	to uorde -s -d -ing	W ER1 D	ˈwɝd
w/wed.txt	1	irv	wed	to uede -s ued -ing	W EH1 D	ˈwɛd
w/willow.txt	1	m n	willow	uilaue, uilaus	W IH1 L OW2	ˈwɪˌloʊ
w/willow.txt	2	adj	willow	uilau	W IH1 L OW2	ˈwɪˌloʊ
w/wish.txt	1	v	wish	to uisce -s -d -ing	W IH1 SH	ˈwɪʃ
w/wish.txt	2	m n	wish	uisce -s	W IH1 SH	ˈwɪʃ
w/whelk.txt	1	m n	whelk	ouelc, ouelx		
w/whine.txt	1	v	whine	oîne -s -d -ing	W AY1 N	ˈwaɪn
w/whine.txt	1	v	whine	oîne -s -d -ing	HH W AY1 N	hˈwaɪn
w/whine.txt	2	m n	whine	oîne, oîns	W AY1 N	ˈwaɪn
w/whine.txt	2	m n	whine	oîne, oîns	HH W AY1 N	hˈwaɪn
w/witness.txt	1	m n	witness	uitnace -s	W IH1 T N AH0 S	ˈwɪtnəs
w/witness.txt	2	v	witness	to uitnace -s -d -ing	W IH1 T N AH0 S	ˈwɪtnəs
w/work.txt	1	m n	work	uirc, uêx	W ER1 K	ˈwɝk
w/work.txt	2	v	work	to uirc uirc(s uirched uirching	W ER1 K	ˈwɝk
w/work.txt	3	m n	bulwark	boluirc -x	B UH1 L W ER0 K	ˈbʊlwɚk
w/work.txt	4	v	bulwark	to boluirc boluirc(s boluirched boluirching	B UH1 L W ER0 K	ˈbʊlwɚk
w/want.txt	1	v	want	to uante -s -d -ing	W AA1 N T	ˈwɑnt
w/want.txt	1	v	want	to uante -s -d -ing	W AO1 N T	ˈwɔnt
w/want.txt	2	m n	want	uante, uants	W AA1 N T	ˈwɑnt
w/want.txt	2	m n	want	uante, uants	W AO1 N T	ˈwɔnt
w/way.txt	1	m n	way	uaie, uays	W EY1	ˈweɪ
w/walk.txt	1	v	walk	to uauc -s uauched uauching	W AO1 K	ˈwɔk
w/walk.txt	1	v	walk	to uauc -s uauched uauching	W AA1 K	ˈwɑk
w/walk.txt	2	m n	walk	uauc, uaux	W AO1 K	ˈwɔk
w/walk.txt	2	m n	walk	uauc, uaux	W AA1 K	ˈwɑk
w/world.txt	2	adj	worldly	uorldly -iar -iest	W ER1 L D L IY0	ˈwɝldli
w/wrack.txt	1	m n	wrack	r̃ac, r̃ax	R AE1 K	ˈɹæk
w/wrack.txt	2	v	wrack	to r̃ac -s -hed -hing	R AE1 K	ˈɹæk
w/worry.txt	1	v	worry	to uêrie -s -d uêrying	W ER1 IY0	ˈwɝi
w/worry.txt	2	m n	worry	uêrie, uêris	W ER1 IY0	ˈwɝi
w/worry.txt	3	adj	worrisome	uêrisome	W ER1 IY0 S AH0 M	ˈwɝisəm
w/worry.txt	4	adv	worrisome	uêrisomely	W ER1 IY0 S AH0 M	ˈwɝisəm
w/wince.txt	1	v	wince	to uince -s -d -ing	W IH1 N S	ˈwɪns
w/ware.txt	2	adj	wary	uairy	W EH1 R IY0	ˈwɛɹi
w/ware.txt	3	def v	beware	to bi-uair	B IH0 W EH1 R	bɪˈwɛɹ
w/weed.txt	1	m n	weed	uiede, uieds	W IY1 D	ˈwid
w/weed.txt	2	v	weed	to uiede -s -d -ing	W IY1 D	ˈwid
w/ward.txt	2	v	ward	to uarde -s -d -ing	W AO1 R D	ˈwɔɹd
w/ward.txt	3	m n	warden	uardene, uardans	W AO1 R D AH0 N	ˈwɔɹdən
w/ward.txt	4	v	warden	uardene -s -d -ing	W AO1 R D AH0 N	ˈwɔɹdən
w/weapon.txt	1	m n	weapon	uaipon -s	W EH1 P AH0 N	ˈwɛpən
w/weapon.txt	2	v	weaponize	to uaiponyse -s -d -ing		
w/weapon.txt	3	m n	weaponry	uaiponerie -is	W EH1 P AH0 N R IY0	ˈwɛpənɹi
w/war.txt	1	m n	war	guare, guars	W AO1 R	ˈwɔɹ
w/war.txt	2	v	war	to guare -s -d -ing	W AO1 R	ˈwɔɹ
w/war.txt	3	m n	warrior	guarior -s	W AO1 R IY0 ER0	ˈwɔɹiɚ
w/war.txt	3	m n	warrior	guarior -s	W AO1 R Y ER0	ˈwɔɹjɚ
w/war.txt	5	m n	warfare	guarfare	W AO1 R F EH2 R	ˈwɔɹˌfɛɹ
w/war.txt	6	m n	warhorse	guarhorse -s		
w/wild.txt	1	adj	wild	uîld	W AY1 L D	ˈwaɪld
w/wild.txt	2	m n	wild	uîlde	W AY1 L D	ˈwaɪld
w/wild.txt	3	m n	wilderness	uildreness	W IH1 L D ER0 N AH0 S	ˈwɪldɚnəs
w/wind.txt	1	irv	wind	to uînde -s uaund -ing	W AY1 N D	ˈwaɪnd
w/wind.txt	1	irv	wind	to uînde -s uaund -ing	W IH1 N D	ˈwɪnd
w/wind.txt	3	adj	windy	uindy	W IH1 N D IY0	ˈwɪndi
w/wind.txt	3	adj	windy	uindy	W AY1 N D IY0	ˈwaɪndi
w/wind.txt	4	v	wind	to uinde -s -d -ing	W AY1 N D	ˈwaɪnd
w/wind.txt	4	v	wind	to uinde -s -d -ing	W IH1 N D	ˈwɪnd
w/weave.txt	1	tr v	weave	to uieve -s uoave uoaven -ing	W IY1 V	ˈwiv
w/weave.txt	2	m n	weave	uieve -s	W IY1 V	ˈwiv
w/weave.txt	3	intr v	weave	to uieve -s -d -ing	W IY1 V	ˈwiv
w/wale.txt	1	m n	wale	uâle, uâls	W EY1 L	ˈweɪl
w/wale.txt	2	v	whale	to uâle -s -d -ing	W EY1 L	ˈweɪl
w/wale.txt	2	v	whale	to uâle -s -d -ing	HH W EY1 L	hˈweɪl
w/wale.txt	2	v	wale	to uâle -s -d -ing	W EY1 L	ˈweɪl
w/wrestle.txt	1	v	wrestle	to r̃essle -s -d -ing	R EH1 S AH0 L	ˈɹɛsəl
w/wade.txt	1	v	wade	to uâde -s -d -ing	W EY1 D	ˈweɪd
w/wade.txt	2	m n	wade	uâde, uâds	W EY1 D	ˈweɪd
w/Washington.txt	1	m n	Washington	Uașington	W AA1 SH IH0 NG T AH0 N	ˈwɑʃɪŋtən
w/Washington.txt	1	m n	Washington	Uașington	W AO1 SH IH0 NG T AH0 N	ˈwɔʃɪŋtən
w/Washington.txt	2	adj, f n	Washingtonian	uașingtonian -s	W AA2 SH IH0 NG T OW1 N IY0 AH0 N	ˌwɑʃɪŋˈtoʊniən
w/Washington.txt	2	adj, f n	Washingtonian	uașingtonian -s	W AO2 SH IH0 NG T OW1 N IY0 AH0 N	ˌwɔʃɪŋˈtoʊniən
w/worship.txt	1	m n	worship	uorșip	W ER1 SH AH0 P	ˈwɝʃəp
w/worship.txt	1	m n	worship	uorșip	W ER1 SH IH0 P	ˈwɝʃɪp
w/worship.txt	2	v	worship	to uorșipe -s -d -ing	W ER1 SH AH0 P	ˈwɝʃəp
w/worship.txt	2	v	worship	to uorșipe -s -d -ing	W ER1 SH IH0 P	ˈwɝʃɪp
w/waive.txt	1	v	waive	to uaive -s -d -ing	W EY1 V	ˈweɪv
w/wheal.txt	1	m n	wheal	uiele, uiels		
w/wonder.txt	1	v	wonder	to uonder uondre(s uondred uondering	W AH1 N D ER0	ˈwʌndɚ
w/wonder.txt	3	adj	wonderous	uondreus -ly		
w/wonder.txt	3	adj	wondrous	uondreus -ly	W AH1 N D R AH0 S	ˈwʌndɹəs
w/wonder.txt	4	adj	wonderful	uondreful -ly	W AH1 N D ER0 F AH0 L	ˈwʌndɚfəl
w/worse.txt	1	adj	worse	uirse	W ER1 S	ˈwɝs
w/worse.txt	2	adj	worst	uirst	W ER1 S T	ˈwɝst
w/worse.txt	3	v	worsen	to uirsene -s -d -ing	W ER1 S AH0 N	ˈwɝsən
w/waffle.txt	1	m n	waffle	uaffle, uaffels	W AA1 F AH0 L	ˈwɑfəl
w/wretch.txt	1	m n	wretch	rec̃e -s	R EH1 CH	ˈɹɛtʃ
w/wizard.txt	1	m n	wizard	uisard -s	W IH1 Z ER0 D	ˈwɪzɚd
w/wizard.txt	2	m n	wizardry	uisardrie	W IH1 Z ER0 D R IY0	ˈwɪzɚdɹi
w/wood.txt	1	adj, m n	wood	uôde, uôds	W UH1 D	ˈwʊd
w/wood.txt	2	v	wood	to uôde -s -d -ing	W UH1 D	ˈwʊd
w/wood.txt	3	adj	wooden	uôdan	W UH1 D AH0 N	ˈwʊdən
w/womb.txt	1	m n	womb	oume, oums	W UW1 M	ˈwum
w/wrest.txt	1	v	wrest	to r̃este -s -d -ing	R EH1 S T	ˈɹɛst
w/wrest.txt	2	m n	wrest	r̃este, r̃ests	R EH1 S T	ˈɹɛst
w/war-song.txt	1	m n	war-song	guar songue	W AO1 R S AO1 NG	ˈwɔɹˈsɔŋ
w/warn.txt	1	v	warn	to uarne -s -d -ing	W AO1 R N	ˈwɔɹn
w/whack.txt	1	v	whack	to uac -s -hed -hing	W AE1 K	ˈwæk
w/whack.txt	1	v	whack	to uac -s -hed -hing	HH W AE1 K	hˈwæk
w/whack.txt	2	m n	wacky	uachy	W AE1 K IY0	ˈwæki
w/whack.txt	3	m n	wackjob	uachjob -s		
w/wine.txt	1	m n	wine	uigne, uigns	W AY1 N	ˈwaɪn
w/wine.txt	2	v	wine	uigne -s -d -ing	W AY1 N	ˈwaɪn
w/wine.txt	3	m n	winery	uignerie, uigneris	W AY1 N ER0 IY0	ˈwaɪnɚi
w/wheel.txt	1	m n	wheel	uiole, uiols	W IY1 L	ˈwil
w/wheel.txt	1	m n	wheel	uiole, uiols	HH W IY1 L	hˈwil
w/wheel.txt	2	v	wheel	to uiole -s -d -ing	W IY1 L	ˈwil
w/wheel.txt	2	v	wheel	to uiole -s -d -ing	HH W IY1 L	hˈwil
w/Wednesday.txt	1	m n	Wednesday	Uensdaie, Uensdays	W EH1 N Z D IY0	ˈwɛnzdi
w/Wednesday.txt	1	m n	Wednesday	Uensdaie, Uensdays	W EH1 N Z D EY2	ˈwɛnzˌdeɪ
w/wail.txt	1	v	wail	to ueile -s -d -ing	W EY1 L	ˈweɪl
w/wail.txt	2	m n	wail	ueile, ueils	W EY1 L	ˈweɪl
w/window.txt	1	m n	window	uindaue, uindaus	W IH1 N D OW0	ˈwɪndoʊ
w/wait.txt	1	v	wait	to uaite -s -d -ing	W EY1 T	ˈweɪt
w/wait.txt	2	m n	wait	uaite, uaits	W EY1 T	ˈweɪt
w/wait.txt	3	m n	waiter	uaiter -s	W EY1 T ER0	ˈweɪtɚ
w/who.txt	1	pron	who	hu	HH UW1	ˈhu
w/who.txt	2	pron	whose	huse	HH UW1 Z	ˈhuz
w/wallow.txt	1	v	wallow	to ualaue -s -d -ing	W AA1 L OW0	ˈwɑloʊ
w/wane.txt	1	v	wane	to uaine -s -d -ing	W EY1 N	ˈweɪn
w/weather.txt	1	m n	weather	ueþre	W EH1 DH ER0	ˈwɛðɚ
w/weather.txt	2	v	weather	to ueþer ueþre(s ueþred ueþering	W EH1 DH ER0	ˈwɛðɚ
w/weather.txt	3	v	weatherize	to ueþeryse -s -d -ing		
w/weak.txt	1	adj	weak	ueic ueicar ueichest	W IY1 K	ˈwik
w/weak.txt	2	v	weaken	to ueichene -s -d -ing	W IY1 K AH0 N	ˈwikən
w/weak.txt	3	adj	weakish	ueicoiș -ly -ness		
w/weak.txt	4	m n	weakling	ueichling -ngs	W IY1 K L IH0 NG	ˈwiklɪŋ
w/wander.txt	1	v	wander	to uandir uandre(s uandred uandiring	W AA1 N D ER0	ˈwɑndɚ
w/wander.txt	2	m n	wanderer	uanderor -s	W AA1 N D ER0 ER0	ˈwɑndɚɚ
w/when.txt	1	adv, conj	when	uene	W EH1 N	ˈwɛn
w/when.txt	1	adv, conj	when	uene	HH W EH1 N	hˈwɛn
w/when.txt	1	adv, conj	when	uene	W IH1 N	ˈwɪn
w/when.txt	1	adv, conj	when	uene	HH W IH1 N	hˈwɪn
w/when.txt	2	adv, conj	whenever	uenevre	W EH0 N EH1 V ER0	wɛˈnɛvɚ
w/when.txt	2	adv, conj	whenever	uenevre	HH W EH0 N EH1 V ER0	hwɛˈnɛvɚ
u/unknown.txt	1	adj	unknown	ungnone	AH0 N N OW1 N	ənˈnoʊn
u/unknown.txt	2	adj	unknowable	ungnóable	AH0 N N OW1 AH0 B AH0 L	ənˈnoʊəbəl
u/urn.txt	1	m n	urn	urne, urns	ER1 N	ˈɝn
u/unlike.txt	1	prep	unlike	unlîc	AH0 N L AY1 K	ənˈlaɪk
u/Utah.txt	1	m n	Utah	Útah	Y UW1 T AO2	ˈjuˌtɔ
u/Utah.txt	2	adj, m n	Utahn	útaun -s		
u/unite.txt	2	v	unionize	to únionyse -s -d -ing	Y UW1 N Y AH0 N AY2 Z	ˈjunjəˌnaɪz
u/unite.txt	3	v	unite	to unîte -s -d -ing	Y UW1 N AY2 T	ˈjuˌnaɪt
u/unite.txt	4	m n	unity	únetie, únetis	Y UW1 N AH0 T IY0	ˈjunəti
u/unite.txt	4	m n	unity	únetie, únetis	Y UW1 N IH0 T IY0	ˈjunɪti
u/unite.txt	5	v	unify	to únifae -s -d únifyhing	Y UW1 N AH0 F AY2	ˈjunəˌfaɪ
u/unite.txt	6	f n	unification	unificâcion -s	Y UW2 N AH0 F AH0 K EY1 SH AH0 N	ˌjunəfəˈkeɪʃən
u/ugly.txt	1	adj	ugly	uggly -iar -iest	AH1 G L IY0	ˈʌɡli
u/umpire.txt	1	m n	umpire	ompîar -s	AH1 M P AY2 ER0	ˈʌmˌpaɪɚ
u/umpire.txt	2	v	umpire	to ompîare -s -d -ing	AH1 M P AY2 ER0	ˈʌmˌpaɪɚ
u/underneath.txt	1	prep	underneath	ondrenieþ	AH2 N D ER0 N IY1 TH	ˌʌndɚˈniθ
u/umbra.txt	2	m n	umbrage	ombrage -s	AH1 M B R IH0 JH	ˈʌmbɹɪdʒ
u/umbra.txt	4	v	adumbrate	to adombrait -s -ed -ing		
u/umbra.txt	5	f n	adumbration	adombrâcion -s		
u/umbra.txt	6	adj	adumbrative	adombratif -vly		
u/Ukraine.txt	1	f n	Ukraine	Ucraîne	Y UW0 K R EY1 N	juˈkɹeɪn
u/Ukraine.txt	2	f n	Ukrainian	Ucraînian	Y UW0 K R EY1 N IY0 AH0 N	juˈkɹeɪniən
u/Ukraine.txt	3	adj, f n	Ukrainian	ucraînian	Y UW0 K R EY1 N IY0 AH0 N	juˈkɹeɪniən
u/understand.txt	1	irv	understand	to onderstande -s onderstôd -ing	AH2 N D ER0 S T AE1 N D	ˌʌndɚˈstænd
u/understand.txt	2	adj	understandable	onderstàndable -y	AH2 N D ER0 S T AE1 N D AH0 B AH0 L	ˌʌndɚˈstændəbəl
u/urchin.txt	1	m n	urchin	erc̃on -s	ER1 CH AH0 N	ˈɝtʃən
u/upheaval.txt	1	f n	upheaval	uphieval -s	AH0 P HH IY1 V AH0 L	əpˈhivəl
u/uncle.txt	1	m n	uncle	oncle, onculs	AH1 NG K AH0 L	ˈʌŋkəl
u/universe.txt	1	m n	universe	universe -s	Y UW1 N AH0 V ER2 S	ˈjunəˌvɝs
u/universe.txt	2	f n	university	univêrsetie, univêrsetis	Y UW2 N AH0 V ER1 S AH0 T IY0	ˌjunəˈvɝsəti
u/universe.txt	3	adj	universal	univêrsal -ly	Y UW2 N AH0 V ER1 S AH0 L	ˌjunəˈvɝsəl
u/universe.txt	4	f n	universalist	univêrsalist -s		
u/universe.txt	5	f n	universalism	univêrsalism		
u/universe.txt	6	f n	universality	universaletie	Y UW2 N AH0 V ER0 S AE1 L AH0 T IY0	ˌjunəvɚˈsæləti
u/urge.txt	1	v	urge	to urge -s -d -ing	ER1 JH	ˈɝdʒ
u/urge.txt	2	m n	urge	urge -s	ER1 JH	ˈɝdʒ
u/urge.txt	4	m n	urgency	urgencie -is	ER1 JH AH0 N S IY0	ˈɝdʒənsi
u/undergo.txt	1	irv	undergo	to ondergoe -s onderoaint ondergaon ondergouing	AH2 N D ER0 G OW1	ˌʌndɚˈɡoʊ
u/undermine.txt	1	v	undermine	to ondremîne -s -d -ing	AH1 N D ER0 M AY2 N	ˈʌndɚˌmaɪn
u/use.txt	1	m n	use	use -s	Y UW1 S	ˈjus
u/use.txt	1	m n	use	use -s	Y UW1 Z	ˈjuz
u/use.txt	2	v	use	to use -s -d -ing	Y UW1 S	ˈjus
u/use.txt	2	v	use	to use -s -d -ing	Y UW1 Z	ˈjuz
u/use.txt	3	adj	usual	ușual	Y UW1 ZH AH0 W AH0 L	ˈjuʒəwəl
u/use.txt	3	adj	usual	ușual	Y UW1 ZH UW0 AH0 L	ˈjuʒuəl
u/use.txt	4	adv	usually	ușally	Y UW1 ZH AH0 W AH0 L IY0	ˈjuʒəwəli
u/use.txt	4	adv	usually	ușally	Y UW1 ZH AH0 L IY0	ˈjuʒəli
u/use.txt	5	adj	unusual	unúșual	AH0 N Y UW1 ZH UW2 AH0 L	ənˈjuˌʒuəl
u/use.txt	5	adj	unusual	unúșual	AH0 N Y UW1 ZH W AH0 L	ənˈjuʒwəl
u/use.txt	6	adv	unusually	unúșally	AH0 N Y UW1 ZH UW2 AH0 L IY0	ənˈjuˌʒuəli
u/use.txt	6	adv	unusually	unúșally	AH0 N Y UW1 ZH W AH0 L IY0	ənˈjuʒwəli
u/use.txt	7	adj	useful	useful -ly -ness	Y UW1 S F AH0 L	ˈjusfəl
u/use.txt	8	adj	useless	useless -ly -ness	Y UW1 S L AH0 S	ˈjusləs
u/use.txt	10	f n	usability	usabilitie -is		
j/joint.txt	2	adj	joint	joint	JH OY1 N T	ˈdʒɔɪnt
j/joke.txt	1	m n	joke	joque, joax	JH OW1 K	ˈdʒoʊk
j/joke.txt	2	v	joke	to joque joac(s joqued joquing	JH OW1 K	ˈdʒoʊk
j/joke.txt	3	m n	joker	joquer -s	JH OW1 K ER0	ˈdʒoʊkɚ
j/juice.txt	1	m n	juice	juce -s	JH UW1 S	ˈdʒus
j/juice.txt	2	v	juice	to juce -s -d -ing	JH UW1 S	ˈdʒus
j/juice.txt	3	m n	juicer	jucer -s		
j/juice.txt	4	adj	juicy	jucy -iar -iest	JH UW1 S IY0	ˈdʒusi
j/jog.txt	1	m n	jog	jogue, jogs	JH AA1 G	ˈdʒɑɡ
j/jog.txt	2	v	jog	to jogue jog(s -d -ing	JH AA1 G	ˈdʒɑɡ
j/jewel.txt	1	m n	jewel	jouele, jouels	JH UW1 AH0 L	ˈdʒuəl
j/jewel.txt	1	m n	jewel	jouele, jouels	JH UW1 L	ˈdʒul
j/jewel.txt	2	v	jewel	to jouele -s -d -ing	JH UW1 AH0 L	ˈdʒuəl
j/jewel.txt	2	v	jewel	to jouele -s -d -ing	JH UW1 L	ˈdʒul
j/jewel.txt	3	m n	jeweler	jouler -s	JH UW1 AH0 L ER0	ˈdʒuəlɚ
j/jewel.txt	3	m n	jeweler	jouler -s	JH UW1 L ER0	ˈdʒulɚ
j/jewel.txt	4	m n	jewelry	joulerie -is	JH UW1 AH0 L R IY0	ˈdʒuəlɹi
j/jewel.txt	4	m n	jewelry	joulerie -is	JH UW1 L R IY0	ˈdʒulɹi
j/jewel.txt	4	m n	jewelry	joulerie -is	JH UW1 L ER0 IY0	ˈdʒulɚi
j/jump.txt	1	v	jump	to jompe -s -d -ing	JH AH1 M P	ˈdʒʌmp
j/jump.txt	2	m n	jump	jompe, jomps	JH AH1 M P	ˈdʒʌmp
j/joy.txt	1	m n	joy	joie, joys	JH OY1	ˈdʒɔɪ
j/joy.txt	2	adj	joyous	joyeus -ly	JH OY1 AH0 S	ˈdʒɔɪəs
j/junk.txt	1	m n	junk	jonc	JH AH1 NG K	ˈdʒʌŋk
j/junk.txt	2	v	junk	to jonc jonc(s -d -ing	JH AH1 NG K	ˈdʒʌŋk
j/junk.txt	3	adj	junky	jonchy	JH AH1 NG K IY0	ˈdʒʌŋki
j/junk.txt	4	m n	junkie	jonchie, jonchis	JH AH1 NG K IY0	ˈdʒʌŋki
j/junk.txt	5	m n	junk	junco -s	JH AH1 NG K	ˈdʒʌŋk
j/jungle.txt	1	m n	jungle	jongle, jonguls	JH AH1 NG G AH0 L	ˈdʒʌŋɡəl
j/jealous.txt	1	adj	jealous	jailus -ly	JH EH1 L AH0 S	ˈdʒɛləs
j/jealous.txt	2	m n	jealousy	jailossie, jailossis	JH EH1 L AH0 S IY0	ˈdʒɛləsi
j/junior.txt	1	adj, m n	junior	júnior -s	JH UW1 N Y ER0	ˈdʒunjɚ
j/junior.txt	2	f n	juniority	junioretie -is		
j/jury.txt	1	m n	jury	jurie, juris	JH UH1 R IY0	ˈdʒʊɹi
j/jury.txt	2	adj	jury	jury	JH UH1 R IY0	ˈdʒʊɹi
j/jury.txt	3	m n	juror	juror -s	JH UH1 R ER0	ˈdʒʊɹɚ
j/jury.txt	4	m n	jurist	jurist -s	JH UH1 R AH0 S T	ˈdʒʊɹəst
j/jury.txt	4	m n	jurist	jurist -s	JH UH1 R IH0 S T	ˈdʒʊɹɪst
j/jury.txt	5	f n	jurisdiction	jurisdiccion -s	JH UH2 R AH0 S D IH1 K SH AH0 N	ˌdʒʊɹəsˈdɪkʃən
j/jury.txt	5	f n	jurisdiction	jurisdiccion -s	JH UH2 R IH0 S D IH1 K SH AH0 N	ˌdʒʊɹɪsˈdɪkʃən
j/joule.txt	1	m n	joule	joule, jouals	JH UW1 L	ˈdʒul
j/judge.txt	1	v	judge	to joge -s -d -ing	JH AH1 JH	ˈdʒʌdʒ
j/judge.txt	2	m n	judge	joge -s	JH AH1 JH	ˈdʒʌdʒ
j/judge.txt	3	m n	judgment	jogement -al	JH AH1 JH M AH0 N T	ˈdʒʌdʒmənt
j/jail.txt	1	m n	jail	geale, geals	JH EY1 L	ˈdʒeɪl
j/jail.txt	2	v	jail	to geale -s -d -ing	JH EY1 L	ˈdʒeɪl
j/judicial.txt	1	adj	judicial	judicial	JH UW0 D IH1 SH AH0 L	dʒuˈdɪʃəl
j/judicial.txt	2	adj	judicable	judicable		
j/judicial.txt	3	f n	judication	judicâcion -s		
j/judicial.txt	4	adj	judicative	judicatif -vly		
j/judicial.txt	5	adj	judicatory	judicatory		
j/judicial.txt	6	m n	judicatory	judicatorie -is		
j/judicial.txt	7	f n	judicature	judicaţure, judicaţurs		
j/judicial.txt	8	adj	judiciary	judiçiairy	JH UW0 D IH1 SH IY0 EH2 R IY0	dʒuˈdɪʃiˌɛɹi
j/judicial.txt	9	f n	judiciary	judiçiarie -is	JH UW0 D IH1 SH IY0 EH2 R IY0	dʒuˈdɪʃiˌɛɹi
j/judicial.txt	10	adj	judicious	judiceus -ly -ness	JH UW0 D IH1 SH AH0 S	dʒuˈdɪʃəs
j/jeopardy.txt	1	m n	jeopardy	jepardie, jepardis	JH EH1 P ER0 D IY0	ˈdʒɛpɚdi
j/jeopardy.txt	2	v	jeopardize	to jepardyse -s -d -ing	JH EH1 P ER0 D AY2 Z	ˈdʒɛpɚˌdaɪz
j/jersey.txt	1	m n	jersey	gêsie, gêsis	JH ER1 Z IY0	ˈdʒɝzi
j/jerk.txt	1	v	jerk	to gerc -s gerched gerching	JH ER1 K	ˈdʒɝk
j/jerk.txt	2	m n	jerk	gerc, gêx	JH ER1 K	ˈdʒɝk
j/jerk.txt	3	adj	jerky	gerchy	JH ER1 K IY0	ˈdʒɝki
j/jerk.txt	4	v	jerk	to jerc -s jerched jerching	JH ER1 K	ˈdʒɝk
j/jerk.txt	5	m n	jerky	jerchie	JH ER1 K IY0	ˈdʒɝki
j/jaw.txt	1	m n	jaw	jaue, jaus	JH AO1	ˈdʒɔ
j/justice.txt	1	adj, adv	just	jost -ly -ness	JH AH1 S T	ˈdʒʌst
j/justice.txt	1	adj, adv	just	jost -ly -ness	JH IH0 S T	dʒɪst
j/justice.txt	3	adj	justiciary	justiçiairy		
j/justice.txt	4	f n	justiciary	justiçiarie -is		
j/justice.txt	5	adj	justiciable	josticiable -y		
j/justice.txt	6	f n	justiciability	josticiabilitie -is		
j/justice.txt	7	v	justify	to jostifae -s -d -fyhing	JH AH1 S T AH0 F AY2	ˈdʒʌstəˌfaɪ
j/justice.txt	9	f n	justifiability	jostifîabilitie -is		
j/justice.txt	10	f n	justification	jostificâcion -s	JH AH2 S T AH0 F AH0 K EY1 SH AH0 N	ˌdʒʌstəfəˈkeɪʃən
j/justice.txt	11	adj	justificative	jostificaitif -vly		
j/justice.txt	12	adj	justificatory	jostificatory		
j/jinn.txt	1	m n	jinn	dgine, dgins		
j/Japan.txt	1	f n	Japan	Japane	JH AH0 P AE1 N	dʒəˈpæn
j/Japan.txt	2	adj	Japanese	japanise	JH AE2 P AH0 N IY1 Z	ˌdʒæpəˈniz
j/Japan.txt	3	f n	Japanese	Japanise	JH AE2 P AH0 N IY1 Z	ˌdʒæpəˈniz
j/jeans.txt	1	m n	jeans	giens	JH IY1 N Z	ˈdʒinz
j/jeans.txt	2	adj	jean	gien	JH IY1 N	ˈdʒin
j/jade.txt	1	adj, m n	jade	jâde, jâds	JH EY1 D	ˈdʒeɪd
j/jade.txt	3	v	jade	to jâde -s -d -ing	JH EY1 D	ˈdʒeɪd
j/journey.txt	1	m n	journal	journal -s	JH ER1 N AH0 L	ˈdʒɝnəl
j/journey.txt	2	m n	journey	journie, journis	JH ER1 N IY0	ˈdʒɝni
j/journey.txt	3	v	journey	to journie -s -d journying	JH ER1 N IY0	ˈdʒɝni
j/jock.txt	1	m n	jockstrap	jác -s		
j/jock.txt	1	m n	jock	jác -s	JH AA1 K	ˈdʒɑk
j/jock.txt	2	m n	jockey	jáchie, jáchis	JH AA1 K IY0	ˈdʒɑki
j/jock.txt	3	v	jockey	to jáchie -s -d jáchying	JH AA1 K IY0	ˈdʒɑki
j/jack.txt	1	v	jack	to jaque jac(s jaqued jaquing	JH AE1 K	ˈdʒæk
j/jack.txt	2	m n	jack	jac, jax	JH AE1 K	ˈdʒæk
j/join.txt	1	v	join	to joine -s -d -ing	JH OY1 N	ˈdʒɔɪn
j/jest.txt	1	m n	jest	jeste, jests	JH EH1 S T	ˈdʒɛst
j/jest.txt	2	v	jest	to jeste -s -d -ing	JH EH1 S T	ˈdʒɛst
j/jewish.txt	1	adj	Jewish	juisce	JH UW1 IH0 SH	ˈdʒuɪʃ
j/jewish.txt	2	m n	Jew	jue, juis	JH UW1	ˈdʒu
j/jewish.txt	3	m n	Judaism	judaïsm	JH UW1 D EY0 IH2 Z AH0 M	ˈdʒudeɪˌɪzəm
j/jewish.txt	3	m n	Judaism	judaïsm	JH UW1 D IY0 IH2 Z AH0 M	ˈdʒudiˌɪzəm
j/jewish.txt	4	adj	Judaic	judâic		
j/jewish.txt	5	f n	Judaica	judâica		
m/mouse.txt	1	m n	mouse	mause, mîce	M AW1 S	ˈmaʊs
m/mouse.txt	1	m n	mice	mause, mîce	M AY1 S	ˈmaɪs
m/Maryland.txt	1	m n	Maryland	Mêland	M EH1 R AH0 L AH0 N D	ˈmɛɹələnd
m/Maryland.txt	2	adj, m n	Marylander	mêlandor -s		
m/Mexico.txt	2	m n, adj	Mexican	mexican	M EH1 K S AH0 K AH0 N	ˈmɛksəkən
m/Minnesota.txt	1	f n	Minnesota	Minnessóta	M IH2 N IH0 S OW1 T AH0	ˌmɪnɪˈsoʊtə
m/Minnesota.txt	2	adj, f n	Minnesotan	minnessótan	M IH2 N AH0 S OW1 T AH0 N	ˌmɪnəˈsoʊtən
m/monotheism.txt	1	m n	monotheism	monoþÿism	M AA1 N AH0 TH IY2 IH0 Z AH0 M	ˈmɑnəˌθiɪzəm
m/monotheism.txt	2	m n	monotheist	monoþÿist -s		
m/monotheism.txt	3	adj	monotheistic	monoþyistic		
m/machinate.txt	1	f n	machination	machinâcion -s	M AE2 K AH0 N EY1 SH AH0 N	ˌmækəˈneɪʃən
m/machinate.txt	1	f n	machination	machinâcion -s	M AE2 SH AH0 N EY1 SH AH0 N	ˌmæʃəˈneɪʃən
m/machinate.txt	2	v	machinate	to machinait -s -ed -ing		
m/machinate.txt	3	m n	machinator	machinaitor -s		
m/mermaid.txt	1	m n	mermaid	mêmaid -s	M ER1 M EY2 D	ˈmɝˌmeɪd
m/mermaid.txt	2	m n	merman	mêman, mêmen	M ER1 M AE2 N	ˈmɝˌmæn
m/massage.txt	1	f n	massage	masságe -s	M AH0 S AA1 ZH	məˈsɑʒ
m/massage.txt	2	v	massage	to masságe -s -d -ing	M AH0 S AA1 ZH	məˈsɑʒ
m/massage.txt	3	f n	masseur	massoure, massours		
m/moderate.txt	1	v	moderate	to moderait -s -ed -ing	M AA1 D ER0 AH0 T	ˈmɑdɚət
m/moderate.txt	1	v	moderate	to moderait -s -ed -ing	M AA1 D ER0 EY2 T	ˈmɑdɚˌeɪt
m/moderate.txt	2	adj	moderate	moderate -ly	M AA1 D ER0 AH0 T	ˈmɑdɚət
m/moderate.txt	2	adj	moderate	moderate -ly	M AA1 D ER0 EY2 T	ˈmɑdɚˌeɪt
m/moderate.txt	3	m n	moderate	moderate, moderats	M AA1 D ER0 AH0 T	ˈmɑdɚət
m/moderate.txt	3	m n	moderate	moderate, moderats	M AA1 D ER0 EY2 T	ˈmɑdɚˌeɪt
m/moderate.txt	4	f n	moderation	moderâcion -s	M AA2 D ER0 EY1 SH AH0 N	ˌmɑdɚˈeɪʃən
m/mat.txt	1	m n	mat	mate, mats	M AE1 T	ˈmæt
m/mat.txt	2	v	mat	to mate -s -d -ing	M AE1 T	ˈmæt
m/meringue.txt	1	adj	meringue	meràng		
m/mate.txt	1	v	mate	to mâte -s -d -ing	M EY1 T	ˈmeɪt
m/mate.txt	2	m n	mate	mâte, mâts	M EY1 T	ˈmeɪt
m/mania.txt	2	adj	manic	manic -ly	M AE1 N IH0 K	ˈmænɪk
m/mania.txt	3	m n	maniac	mâniac -s	M EY1 N IY0 AE2 K	ˈmeɪniˌæk
m/mania.txt	4	adj	maniacal	manîacal	M AH0 N AY1 AH0 K AH0 L	məˈnaɪəkəl
m/mania.txt	5	adv	maniacally	manîachly		
m/mischievous.txt	1	adj	mischievous	misc̃ivus, misc̃ievieus -ly	M IH1 S CH AH0 V AH0 S	ˈmɪstʃəvəs
m/measure.txt	1	m n	measure	meșure, meșurs	M EH1 ZH ER0	ˈmɛʒɚ
m/measure.txt	2	v	measure	to meșure -s -d -ing	M EH1 ZH ER0	ˈmɛʒɚ
m/measure.txt	3	adj	measurable	meșurable -y	M EH1 ZH ER0 AH0 B AH0 L	ˈmɛʒɚəbəl
m/measure.txt	4	m n	measurement	meșurement -s	M EH1 ZH ER0 M AH0 N T	ˈmɛʒɚmənt
m/measure.txt	5	adj	measureless	meșureless -ly		
m/mace.txt	2	f n	Mace	maice	M EY1 S	ˈmeɪs
m/mace.txt	3	v	mace	to maice -s -d -ing	M EY1 S	ˈmeɪs
m/mace.txt	4	f n	mace	maice	M EY1 S	ˈmeɪs
m/mean.txt	1	irv	mean	to miene -s maint -ing	M IY1 N	ˈmin
m/mean.txt	2	adj	mean	mian -ar -est	M IY1 N	ˈmin
m/mean.txt	3	adj, m n	mean	mine, míns	M IY1 N	ˈmin
m/mean.txt	4	v	mean	to mine -s -d -ing	M IY1 N	ˈmin
m/menstruate.txt	1	v	menstruate	to menstrait -s -ed -ing	M EH1 N S T R UW0 EY2 T	ˈmɛnstɹuˌeɪt
m/menstruate.txt	2	f n	menstruation	menstrâcion -s	M EH2 N S T R UW0 EY1 SH AH0 N	ˌmɛnstɹuˈeɪʃən
m/menstruate.txt	3	adj	menstrual	menstral -ly	M EH1 N S T R UW0 AH0 L	ˈmɛnstɹuəl
m/menstruate.txt	3	adj	menstrual	menstral -ly	M EH1 N S T R AH0 L	ˈmɛnstɹəl
m/menstruate.txt	4	adj	menstruous	menstrus -ly		
m/misconstrue.txt	1	v	misconstrue	to misconstreue -s -d -ing	M IH0 S K AH0 N S T R UW1	mɪskənˈstɹu
m/menace.txt	2	v	menace	to menace -s -d -ing	M EH1 N AH0 S	ˈmɛnəs
m/menace.txt	2	v	menace	to menace -s -d -ing	M EH1 N IH0 S	ˈmɛnɪs
m/menace.txt	3	adj	minacious	menâceus -ly		
m/mango.txt	1	m n	mango	mângo -s	M AE1 NG G OW0	ˈmæŋɡoʊ
m/mountain.txt	1	m n	mountain	môntain -s	M AW1 N T AH0 N	ˈmaʊntən
m/mountain.txt	2	adj	mountainous	môntainus	M AW1 N T AH0 N AH0 S	ˈmaʊntənəs
m/merge.txt	1	v	merge	to mêge -s -d -ing	M ER1 JH	ˈmɝdʒ
m/merge.txt	2	m n	merger	mêgeor -s	M ER1 JH ER0	ˈmɝdʒɚ
m/magazine.txt	1	f n	magazine	magasine, magasíns	M AE1 G AH0 Z IY2 N	ˈmæɡəˌzin
m/mutate.txt	1	v	mutate	to m̃utait -s -d -ing	M Y UW1 T EY2 T	ˈmjuˌteɪt
m/mutate.txt	2	f n	mutation	m̃utâcion -s	M Y UW0 T EY1 SH AH0 N	mjuˈteɪʃən
m/mutate.txt	3	adj, m n	mutant	m̃utant -s	M Y UW1 T AH0 N T	ˈmjutənt
m/Monday.txt	1	m n	Monday	Mondaie, Mondays	M AH1 N D IY0	ˈmʌndi
m/Monday.txt	1	m n	Monday	Mondaie, Mondays	M AH1 N D EY2	ˈmʌnˌdeɪ
m/mesh.txt	1	m n	mesh	mesce -s	M EH1 SH	ˈmɛʃ
m/mesh.txt	2	v	mesh	to mesce -s -d -ing	M EH1 SH	ˈmɛʃ
m/master.txt	1	m n	master	mastre, mastars	M AE1 S T ER0	ˈmæstɚ
m/master.txt	2	v	master	to master mastre(s mastred mastering	M AE1 S T ER0	ˈmæstɚ
m/master.txt	3	m n	mastery	mastrie -is	M AE1 S T ER0 IY0	ˈmæstɚi
m/muscle.txt	1	m n	muscle	musçle, musçuls	M AH1 S AH0 L	ˈmʌsəl
m/muscle.txt	2	v	muscle	to musçle -s -d -ing	M AH1 S AH0 L	ˈmʌsəl
m/muscle.txt	3	adj	muscular	muscular	M AH1 S K Y AH0 L ER0	ˈmʌskjəlɚ
m/muscle.txt	4	f n	muscularity	muscularetie -is		
m/manure.txt	1	f n	manure	manoure	M AH0 N UH1 R	məˈnʊɹ
m/manure.txt	2	v	manure	to manouer manoure(s manoured manouering	M AH0 N UH1 R	məˈnʊɹ
m/mature.txt	1	v	mature	to maţûre -s -d -ing	M AH0 CH UH1 R	məˈtʃʊɹ
m/mature.txt	1	v	mature	to maţûre -s -d -ing	M AH0 T Y UH1 R	mətˈjʊɹ
m/mature.txt	2	adj	mature	maţûr -ly	M AH0 CH UH1 R	məˈtʃʊɹ
m/mature.txt	2	adj	mature	maţûr -ly	M AH0 T Y UH1 R	mətˈjʊɹ
m/mature.txt	3	f n	maturity	maţuretie, maţuretis	M AH0 CH UH1 R AH0 T IY0	məˈtʃʊɹəti
m/mature.txt	3	f n	maturity	maţuretie, maţuretis	M AH0 T Y UH1 R IH0 T IY0	mətˈjʊɹɪti
m/meme.txt	1	m n	meme	mime, míms	M IY1 M	ˈmim
m/meme.txt	2	adj	memetic	memetic -ly		
m/mage.txt	1	m n	mage	mâge -s		
m/mage.txt	2	m n	magic	magic -s	M AE1 JH IH0 K	ˈmædʒɪk
m/mage.txt	3	adj	magical	magical	M AE1 JH IH0 K AH0 L	ˈmædʒɪkəl
m/mage.txt	4	f n	magician	magician -s	M AH0 JH IH1 SH AH0 N	məˈdʒɪʃən
m/motion.txt	1	adj, m n	motive	mótif -s	M OW1 T IH0 V	ˈmoʊtɪv
m/motion.txt	3	m n	motion	mocion -s	M OW1 SH AH0 N	ˈmoʊʃən
m/motion.txt	4	v	motion	to mocione -s -d -ing	M OW1 SH AH0 N	ˈmoʊʃən
m/machete.txt	1	f n	machete	maçètie -is	M AH0 SH EH1 T IY2	məˈʃɛˌti
m/machete.txt	1	f n	machete	maçètie -is	M AH0 CH EH1 T IY2	məˈtʃɛˌti
m/mine.txt	2	v	mine	to mîne -s -d -ing	M AY1 N	ˈmaɪn
m/monger.txt	1	m n	monger	mángre, mángors	M AH1 NG G ER0	ˈmʌŋɡɚ
m/monger.txt	2	v	monger	to mánguer mángre(s mángred mánguering	M AH1 NG G ER0	ˈmʌŋɡɚ
m/mist.txt	2	v	mist	to miste -s -d -ing	M IH1 S T	ˈmɪst
m/minute.txt	1	m n	minute	minote, minots	M IH1 N AH0 T	ˈmɪnət
m/minute.txt	1	m n	minute	minote, minots	M AY0 N UW1 T	maɪˈnut
m/minute.txt	1	m n	minute	minote, minots	M AY0 N Y UW1 T	maɪnˈjut
m/minute.txt	2	adj	minute	mînute	M IH1 N AH0 T	ˈmɪnət
m/minute.txt	2	adj	minute	mînute	M AY0 N UW1 T	maɪˈnut
m/minute.txt	2	adj	minute	mînute	M AY0 N Y UW1 T	maɪnˈjut
m/meadow.txt	1	m n	meadow	maido -s -uy	M EH1 D OW2	ˈmɛˌdoʊ
m/mote.txt	1	m n	mote	mote, móts	M OW1 T	ˈmoʊt
m/marvel.txt	1	m n	marvel	marvele, marvels	M AA1 R V AH0 L	ˈmɑɹvəl
m/marvel.txt	2	v	marvel	to marvele -s -d -ing	M AA1 R V AH0 L	ˈmɑɹvəl
m/marvel.txt	3	adj	marvelous	marvelus -ly	M AA1 R V AH0 L AH0 S	ˈmɑɹvələs
m/mutiny.txt	1	m n	mutiny	mútinie, mútinis	M Y UW1 T AH0 N IY0	ˈmjutəni
m/mutiny.txt	2	v	mutiny	to mútinie -s -d mútinying	M Y UW1 T AH0 N IY0	ˈmjutəni
m/mutiny.txt	3	f n	mutineer	mutinire, mutiniers	M Y UW2 T AH0 N IH1 R	ˌmjutəˈnɪɹ
m/mutiny.txt	4	adj	mutinous	mútinus	M Y UW1 T AH0 N AH0 S	ˈmjutənəs
m/male.txt	1	m n, adj	male	mâle, mâls	M EY1 L	ˈmeɪl
m/move.txt	1	v	move	to mouve -s -d -ing	M UW1 V	ˈmuv
m/move.txt	2	f n	move	mouve -s	M UW1 V	ˈmuv
m/move.txt	3	m n	moving picture	mouvie, mouvis	M UW1 V IH0 NG P IH1 K CH ER0	ˈmuvɪŋˈpɪktʃɚ
m/move.txt	3	m n	movie	mouvie, mouvis	M UW1 V IY0	ˈmuvi
m/move.txt	4	m n	movement	mouvement -s	M UW1 V M AH0 N T	ˈmuvmənt
m/mollusk.txt	1	m n	mollusk	mollusc -s	M AA1 L AH0 S K	ˈmɑləsk
m/marshmallow.txt	1	m n	marshmallow	marscemelo -s	M AA1 R SH M EH2 L OW0	ˈmɑɹʃˌmɛloʊ
m/man.txt	1	m n	man	man, men	M AE1 N	ˈmæn
m/man.txt	1	m n	men	man, men	M EH1 N	ˈmɛn
m/man.txt	2	v	man	to mane -s -d -ing	M AE1 N	ˈmæn
m/minor.txt	2	f n	minority	mînoretie -is	M AY0 N AO1 R AH0 T IY0	maɪˈnɔɹəti
m/minor.txt	2	f n	minority	mînoretie -is	M AH0 N AO1 R AH0 T IY0	məˈnɔɹəti
m/magnify.txt	1	v	magnify	to magnifae -s -d magnifyhing	M AE1 G N AH0 F AY2	ˈmæɡnəˌfaɪ
m/magnify.txt	2	f n	magnification	magnificâcion -s	M AE2 G N AH0 F AH0 K EY1 SH AH0 N	ˌmæɡnəfəˈkeɪʃən
m/mascara.txt	1	f n	mascara	mascâra -s	M AE0 S K EH1 R AH0	mæˈskɛɹə
m/mount.txt	1	m n	mount	mônte, mônts	M AW1 N T	ˈmaʊnt
m/mount.txt	2	v	mount	to mônte -s -d -ing	M AW1 N T	ˈmaʊnt
m/mortar.txt	1	m n	mortar	mortre, mortars	M AO1 R T ER0	ˈmɔɹtɚ
m/maul.txt	1	m n	maul	maule, mauls	M AO1 L	ˈmɔl
m/maul.txt	2	v	maul	to maule -s -d -ing	M AO1 L	ˈmɔl
m/mousse.txt	2	v	mousse	to mousse -s -d -ing	M UW1 S	ˈmus
m/match.txt	1	m n	match	max̃e -s	M AE1 CH	ˈmætʃ
m/match.txt	2	m n	match	mac̃e -s	M AE1 CH	ˈmætʃ
m/match.txt	3	v	match	to mac̃e -s -d -ing	M AE1 CH	ˈmætʃ
m/muse.txt	1	m n	muse	muse -s	M Y UW1 Z	ˈmjuz
m/muse.txt	2	v	muse	to muse -s -d -ing	M Y UW1 Z	ˈmjuz
m/muse.txt	3	v	bemuse	to bemuse -s -d -ing	B IH0 M Y UW1 Z	bɪˈmjuz
m/muse.txt	4	f n	bemusement	bemusement -s	B EH1 M Y UW0 S M AH0 N T	ˈbɛmjusmənt
m/Malay.txt	1	f n	Malaysia	Malaîsia	M AH0 L EY1 ZH AH0	məˈleɪʒə
m/Malay.txt	2	adj, f n	Malaysian	malaîsian	M AH0 L EY1 ZH AH0 N	məˈleɪʒən
m/Malay.txt	3	f n	Malay	Malaie	M EY1 L EY0	ˈmeɪleɪ
m/meet.txt	1	irv	meet	to miete -s mait -ing	M IY1 T	ˈmit
m/meet.txt	2	m n	meet	miete, miets	M IY1 T	ˈmit
m/mother.txt	1	m n	mother	maþre, maþors	M AH1 DH ER0	ˈmʌðɚ
m/mother.txt	2	v	mother	to maþore -s -d -ing	M AH1 DH ER0	ˈmʌðɚ
m/mother.txt	3	m n	mom	mám -s	M AA1 M	ˈmɑm
m/meal.txt	1	m n	meal	miale, mials	M IY1 L	ˈmil
m/meal.txt	2	adj	piecemeal	piecemial	P IY1 S M IY2 L	ˈpiˌsmil
m/meal.txt	3	m n	meal	miele	M IY1 L	ˈmil
m/meal.txt	4	adj	mealy-mouthed	miely-môuþed	M IY1 L IY0 M AW1 DH D	ˈmiliˈmaʊðd
m/meow.txt	1	m n, interj	meow	miau -s	M IY0 AW1	miˈaʊ
m/meow.txt	2	v	meow	to miaue -s -d -ing	M IY0 AW1	miˈaʊ
m/miracle.txt	2	adj	miraculous	miraculeus	M ER0 AE1 K Y AH0 L AH0 S	mɚˈækjələs
m/mule.txt	1	m n	mule	mule, múls	M Y UW1 L	ˈmjul
m/mongrel.txt	1	m n	mongrel	mongral		
m/miscarry.txt	1	v	miscarry	to miscârie -s -d miscârying		
m/miscarry.txt	2	m n	miscarriage	miscârage -s	M IH0 S K EH1 R AH0 JH	mɪˈskɛɹədʒ
m/mason.txt	1	m n	mason	mâçon -s	M EY1 S AH0 N	ˈmeɪsən
m/mason.txt	2	adj	masonic	maçonic	M AH0 S AA1 N IH0 K	məˈsɑnɪk
m/mason.txt	3	m n	masonry	mâçonerie -is	M EY1 S AH0 N R IY0	ˈmeɪsənɹi
m/moat.txt	1	m n	moat	mote, moats	M OW1 T	ˈmoʊt
m/mosque.txt	1	m n	mosque	mosque, moscs	M AA1 S K	ˈmɑsk
m/mosque.txt	1	m n	mosque	mosque, moscs	M AO1 S K	ˈmɔsk
m/mackerel.txt	1	m n	mackerel	maquerele, maquerels	M AE1 K ER0 AH0 L	ˈmækɚəl
m/mackerel.txt	2	m n	mackerel	maquerele, maquerels	M AE1 K ER0 AH0 L	ˈmækɚəl
m/mush.txt	1	m n	mush	mosce	M AH1 SH	ˈmʌʃ
m/manner.txt	1	m n	manner	manere, manars	M AE1 N ER0	ˈmænɚ
m/manner.txt	2	m n	mannerism	manerism -s	M AE1 N ER0 IH2 Z AH0 M	ˈmænɚˌɪzəm
m/monk.txt	1	m n	monk	monque, moncs	M AH1 NG K	ˈmʌŋk
m/monument.txt	2	adj	monumental	moñomental	M AA2 N Y AH0 M EH1 N T AH0 L	ˌmɑnjəˈmɛntəl
m/monument.txt	2	adj	monumental	moñomental	M AA2 N Y AH0 M EH1 N AH0 L	ˌmɑnjəˈmɛnəl
m/monument.txt	2	adj	monumental	moñomental	M AA2 N Y UW0 M EH1 N T AH0 L	ˌmɑnjuˈmɛntəl
m/meteor.txt	1	m n	meteor	mitior -s	M IY1 T IY0 ER0	ˈmitiɚ
m/mix.txt	1	m n	mix	mix -es	M IH1 K S	ˈmɪks
m/mix.txt	2	v	mix	to mixe -s -d -ing	M IH1 K S	ˈmɪks
m/mix.txt	3	m n	mixture	mixțure, mixțurs	M IH1 K S CH ER0	ˈmɪkstʃɚ
m/mushroom.txt	1	m n	mushroom	moșroum -s	M AH1 SH R UW0 M	ˈmʌʃɹum
m/mushroom.txt	2	v	mushroom	to moșroume -s -d -ing	M AH1 SH R UW0 M	ˈmʌʃɹum
m/mission.txt	2	adj, m n	missionary	missionairy, missionarie -is	M IH1 SH AH0 N EH2 R IY0	ˈmɪʃəˌnɛɹi
m/museum.txt	1	f n	museum	m̃usíom -s	M Y UW0 Z IY1 AH0 M	mjuˈziəm
m/museum.txt	1	f n	museum	m̃usíom -s	M Y UW1 Z IY0 AH0 M	ˈmjuziəm
m/moron.txt	2	adj	moronic	moronic -ly		
m/mirage.txt	1	f n	mirage	miráge -s	M ER0 AA1 ZH	mɚˈɑʒ
m/moot.txt	1	adj, m n	moot	mout	M UW1 T	ˈmut
m/moot.txt	2	v	moot	to moute -s -d -ing	M UW1 T	ˈmut
m/musket.txt	1	m n	musket	moschete, moschets	M AH1 S K AH0 T	ˈmʌskət
m/musket.txt	2	f n	musketeer	moschetire, moschetiers	M AH2 S K AH0 T IY1 R	ˌmʌskəˈtiɹ
m/musket.txt	3	m n	musketry	moschetrie, moschetris		
m/murder.txt	1	m n	murder	mourdre, mourdars	M ER1 D ER0	ˈmɝdɚ
m/murder.txt	2	v	murder	to mourder mourdre(s mourdred mourdering	M ER1 D ER0	ˈmɝdɚ
m/murder.txt	3	m n	murderer	mourdror -s	M ER1 D ER0 ER0	ˈmɝdɚɚ
m/murder.txt	4	adj	murderous	mourderus -ly	M ER1 D ER0 AH0 S	ˈmɝdɚəs
m/meat.txt	1	m n	meat	mite, míts	M IY1 T	ˈmit
m/meat.txt	2	adj	meaty	míty -iar -iest	M IY1 T IY0	ˈmiti
m/moist.txt	1	adj	moist	moist	M OY1 S T	ˈmɔɪst
m/moist.txt	2	v	moisten	to moissene -s -d -ing	M OY1 S AH0 N	ˈmɔɪsən
m/moist.txt	3	m n	moisture	moisțure, moisțurs	M OY1 S CH ER0	ˈmɔɪstʃɚ
m/moist.txt	4	v	moisturize	to moisțuryse -s -d -ing		
m/mandate.txt	1	m n	mandate	mandate, mandats	M AE1 N D EY2 T	ˈmænˌdeɪt
m/mandate.txt	2	v	mandate	to mandait -s -d -ing	M AE1 N D EY2 T	ˈmænˌdeɪt
m/mandate.txt	3	adj	mandatory	mandatory	M AE1 N D AH0 T AO2 R IY0	ˈmændəˌtɔɹi
m/mandate.txt	4	m n	mandatary	mandatarie -is		
m/month.txt	1	m n	month	monþ -s	M AH1 N TH	ˈmʌnθ
m/mime.txt	2	v	mime	to mîme -s -d -ing	M AY1 M	ˈmaɪm
m/mime.txt	3	m n	mimic	mimic	M IH1 M IH0 K	ˈmɪmɪk
m/mime.txt	4	v	mimic	to mimiche mimic(s -d -ing	M IH1 M IH0 K	ˈmɪmɪk
m/mime.txt	5	m n	mimicry	mimicrie, mimicris	M IH1 M IH0 K R IY0	ˈmɪmɪkɹi
m/maelstrom.txt	1	m n	maelstrom	mâlstrom -s	M EY1 L S T R AH0 M	ˈmeɪlstɹəm
m/murmur.txt	1	m n	murmur	mormor -s	M ER1 M ER0	ˈmɝmɚ
m/murmur.txt	2	v	murmur	to mormore -s -d -ing	M ER1 M ER0	ˈmɝmɚ
m/Missouri.txt	1	f n	Missouri	Mesoûri	M AH0 Z UH1 R IY0	məˈzʊɹi
m/Missouri.txt	1	f n	Missouri	Mesoûri	M AH0 Z ER1 AH0	məˈzɝə
m/Missouri.txt	2	adj, f n	Missourian	mesoûrian -s	M AH0 Z UH1 R IY0 AH0 N	məˈzʊɹiən
m/may.txt	1	modal, aux	may	maie	M EY1	ˈmeɪ
m/may.txt	1	modal, aux	might	maie	M AY1 T	ˈmaɪt
m/medicine.txt	1	m n	medicine	medicin -s	M EH1 D AH0 S AH0 N	ˈmɛdəsən
m/moan.txt	1	v	moan	to moane -s -d -ing	M OW1 N	ˈmoʊn
m/moan.txt	2	m n	moan	moane, moans	M OW1 N	ˈmoʊn
m/moan.txt	3	v	bemoan	to bemoane -s -d -ing	B IH0 M OW1 N	bɪˈmoʊn
m/maxilla.txt	1	f n	maxilla	maxilla -s	M AE0 K S IH1 L AH0	mækˈsɪlə
m/maxilla.txt	2	adj	maxillary	maxillary, maxillairy	M AE0 K S IH1 L AH0 R IY2	mækˈsɪləˌɹi
m/morning.txt	1	m n	morning	morning -s	M AO1 R N IH0 NG	ˈmɔɹnɪŋ
m/maroon.txt	1	adj, f n	maroon	maroune	M ER0 UW1 N	mɚˈun
m/modern.txt	1	adj	modern	modern	M AA1 D ER0 N	ˈmɑdɚn
m/modern.txt	2	f n	modernity	modênetie, modênetis	M AA0 D ER1 N AH0 T IY0	mɑˈdɝnəti
m/modern.txt	3	v	modernize	to modernyse -s -d -ing	M AA1 D ER0 N AY2 Z	ˈmɑdɚˌnaɪz
m/modern.txt	4	f n	modernization	modernisâcion -s	M AA2 D ER0 N AH0 Z EY1 SH AH0 N	ˌmɑdɚnəˈzeɪʃən
m/modern.txt	4	f n	modernization	modernisâcion -s	M AA2 D ER0 N AY0 Z EY1 SH AH0	ˌmɑdɚnaɪˈzeɪʃə
m/modern.txt	5	m n	modernism	modernism	M AA1 D ER0 N IH2 Z AH0 M	ˈmɑdɚˌnɪzəm
m/mall.txt	1	m n	The Mall	malle, malls	DH AH0 M AO1 L	ðəˈmɔl
m/merry.txt	1	adj	merry	merry -iar -iest -ily	M EH1 R IY0	ˈmɛɹi
m/militia.txt	1	f n	militia	milicia -s	M AH0 L IH1 SH AH0	məˈlɪʃə
m/militia.txt	1	f n	militia	milicia -s	M IH0 L IH1 SH AH0	mɪˈlɪʃə
m/militia.txt	2	m n	military	militarie, militaris	M IH1 L AH0 T EH2 R IY0	ˈmɪləˌtɛɹi
m/militia.txt	2	m n	military	militarie, militaris	M IH1 L IH0 T EH2 R IY0	ˈmɪlɪˌtɛɹi
m/militia.txt	3	m n	militarism	militarism	M IH1 L AH0 T ER0 IH2 Z AH0 M	ˈmɪlətɚˌɪzəm
m/militia.txt	4	m n	militarist	militarist -s		
m/militia.txt	5	adj	militaristic	militaristic	M IH2 L IH0 T ER0 IH1 S T IH0 K	ˌmɪlɪtɚˈɪstɪk
m/militia.txt	6	v	militarize	to militaryse -s -d -ing	M IH1 L AH0 T ER0 AY2 Z	ˈmɪlətɚˌaɪz
m/militia.txt	7	f n	militarization	militarisâcion -s		
m/militia.txt	9	m n	militancy	militancie, militancis	M IH1 L AH0 T AH0 N S IY0	ˈmɪlətənsi
m/militia.txt	10	v	militate	to militait -s -ed -ing	M IH1 L IH0 T EY2 T	ˈmɪlɪˌteɪt
m/material.txt	1	adj, f n	material	matírial -ly -s	M AH0 T IH1 R IY0 AH0 L	məˈtɪɹiəl
m/material.txt	2	f n	materiality	matirialetie -is	M AH0 T IH2 R IY0 AE1 L IH0 T IY0	məˌtɪɹiˈælɪti
m/material.txt	3	v	materialize	to matírialyse -s -d -ing	M AH0 T IH1 R IY0 AH0 L AY2 Z	məˈtɪɹiəˌlaɪz
m/material.txt	4	f n	materialization	matirialisâcion -s		
m/material.txt	5	f n	materialism	matírialism -s	M AH0 T IH1 R IY0 AH0 L IH2 Z AH0 M	məˈtɪɹiəˌlɪzəm
m/material.txt	6	f n	materialist	matírialist -s	M AH0 T IH1 R IY0 AH0 L IH0 S T	məˈtɪɹiəlɪst
m/material.txt	7	adj	materialistic	matirialistic  -ly	M AH0 T IH2 R IY0 AH0 L IH1 S T IH0 K	məˌtɪɹiəˈlɪstɪk
m/machine.txt	2	adj	machinable	maçínable		
m/machine.txt	3	v	machine	to maçine -s -d -ing	M AH0 SH IY1 N	məˈʃin
m/machine.txt	4	f n	machinery	maçinerie -is	M AH0 SH IY1 N ER0 IY0	məˈʃinɚi
m/machine.txt	4	f n	machinery	maçinerie -is	M AH0 SH IY1 N R IY0	məˈʃinɹi
m/machine.txt	5	f n	machinist	maçínist -s	M AH0 SH IY1 N AH0 S T	məˈʃinəst
m/moon.txt	1	m n	moon	Moune; moune, mouns	M UW1 N	ˈmun
m/Montana.txt	1	f n	Montana	Montàna	M AA0 N T AE1 N AH0	mɑnˈtænə
m/Montana.txt	2	adj, f n	Montanan	montànan -s	M AA0 N T AE1 N AH0 N	mɑnˈtænən
m/mica.txt	2	adj	micaceous	micâceus		
m/marry.txt	1	v	marry	to mârie -s -d mârying	M EH1 R IY0	ˈmɛɹi
m/marry.txt	2	m n	marriage	mârage -s	M EH1 R IH0 JH	ˈmɛɹɪdʒ
m/marry.txt	3	adj	marital	mârital	M EH1 R AH0 T AH0 L	ˈmɛɹətəl
m/marry.txt	4	adv	maritally	mâritally		
m/menu.txt	1	m n	menu	meñu -s	M EH1 N Y UW0	ˈmɛnju
m/mood.txt	3	m n	moodiness	moudiness		
m/misery.txt	1	m n	misery	mïserie -is	M IH1 Z ER0 IY0	ˈmɪzɚi
m/mock.txt	1	v	mock	to moc -s moched moching	M AA1 K	ˈmɑk
m/mock.txt	2	adj	mock	moc-	M AA1 K	ˈmɑk
m/mock.txt	3	m n	mockery	mocherie, mocheris	M AA1 K ER0 IY0	ˈmɑkɚi
m/mortify.txt	1	v	mortify	to mortifae -s -d mortifyhing	M AO1 R T IH0 F AY2	ˈmɔɹtɪˌfaɪ
m/mortify.txt	2	f n	mortification	mortificâcion -s	M AO1 R T AH0 F K EY2 SH AH0 N	ˈmɔɹtəfˌkeɪʃən
m/mortify.txt	3	f n	mortician	mortician -s	M AO0 R T IH1 SH AH0 N	mɔɹˈtɪʃən
m/mortify.txt	4	m n	mortuary	morțuarie -is	M AO1 R CH UW0 EH2 R IY0	ˈmɔɹtʃuˌɛɹi
m/mortify.txt	5	adj	mortuary	morțuairy	M AO1 R CH UW0 EH2 R IY0	ˈmɔɹtʃuˌɛɹi
m/mere.txt	1	adj	mere	mier -ly	M IH1 R	ˈmɪɹ
m/mare.txt	1	m n	mare	naihtmaire, naihtmairs	M EH1 R	ˈmɛɹ
m/mare.txt	1	m n	nightmare	naihtmaire, naihtmairs	N AY1 T M EH2 R	ˈnaɪtˌmɛɹ
m/mare.txt	2	m n	mare	meire, meirs	M EH1 R	ˈmɛɹ
m/mow.txt	1	v	mow	to moue -s -d mouing	M OW1	ˈmoʊ
m/manor.txt	1	m n	manor	mànore, mànors	M AE1 N ER0	ˈmænɚ
m/manor.txt	2	adj	manorial	manórial		
m/mastectomy.txt	1	f n	mastectomy	mastectomie, mastectomis	M AE0 S T EH1 K T AH0 M IY0	mæˈstɛktəmi
m/mayonnaise.txt	1	m n	mayonnaise	manaiz	M EY1 AH0 N EY2 Z	ˈmeɪəˌneɪz
m/mayonnaise.txt	2	m n	mayo	mayo	M EY1 OW0	ˈmeɪoʊ
m/maim.txt	1	v	maim	to maime -s -d -ing	M EY1 M	ˈmeɪm
m/mash.txt	2	v	mash	to masce -s -d -ing	M AE1 SH	ˈmæʃ
m/mash.txt	3	m n	mashie	maçie -is		
m/mash.txt	3	m n	mashy	maçie -is		
m/monitor.txt	1	m n	monitor	monitre, monitors	M AA1 N AH0 T ER0	ˈmɑnətɚ
m/monitor.txt	2	v	monitor	to monitore -s -d -ing	M AA1 N AH0 T ER0	ˈmɑnətɚ
m/monitor.txt	3	adj	monitory	monitory		
m/mattress.txt	1	m n	mattress	matrace -s	M AE1 T R AH0 S	ˈmætɹəs
m/meager.txt	1	adj	meager	miguer	M IY1 G ER0	ˈmiɡɚ
m/meager.txt	2	adv	meagerly	miguerly		
m/moor.txt	1	m n	moor	moure, mours	M UH1 R	ˈmʊɹ
m/moor.txt	2	v	moor	to muare -s -d -ing	M UH1 R	ˈmʊɹ
m/mustache.txt	1	m n	mustache	mostaçe -s	M AH1 S T AE2 SH	ˈmʌˌstæʃ
m/maneuver.txt	1	v	manoeuvre	to manouver manouvre(s manouvred manouvering		
m/maneuver.txt	1	v	maneuver	to manouver manouvre(s manouvred manouvering	M AH0 N UW1 V ER0	məˈnuvɚ
m/maneuver.txt	2	f n	manoeuvre	manouvre, manouvars		
m/maneuver.txt	2	f n	maneuver	manouvre, manouvars	M AH0 N UW1 V ER0	məˈnuvɚ
m/manage.txt	1	v	manage	to manage -s -d -ing	M AE1 N AH0 JH	ˈmænədʒ
m/manage.txt	1	v	manage	to manage -s -d -ing	M AE1 N IH0 JH	ˈmænɪdʒ
m/manage.txt	2	m n	management	management -s	M AE1 N AH0 JH M AH0 N T	ˈmænədʒmənt
m/manage.txt	2	m n	management	management -s	M AE1 N IH0 JH M AH0 N T	ˈmænɪdʒmənt
m/manage.txt	3	m n	manager	managior -s	M AE1 N AH0 JH ER0	ˈmænədʒɚ
m/manage.txt	3	m n	manager	managior -s	M AE1 N IH0 JH ER0	ˈmænɪdʒɚ
m/mail.txt	1	v	mail	to maile -s -d -ing	M EY1 L	ˈmeɪl
m/mail.txt	2	m n	mail	maile	M EY1 L	ˈmeɪl
m/mail.txt	3	m n	mail	maile	M EY1 L	ˈmeɪl
m/mail.txt	4	m n	blackmail	blac-mail	B L AE1 K M EY2 L	ˈblækˌmeɪl
m/mail.txt	5	v	blackmail	to blac-maile -s -d -ing	B L AE1 K M EY2 L	ˈblækˌmeɪl
m/matter.txt	1	m n	matter	matre, matirs	M AE1 T ER0	ˈmætɚ
m/matter.txt	2	v	matter	to matir matre(s matred matiring	M AE1 T ER0	ˈmætɚ
m/mute.txt	1	adj, m n	mute	mute, múts	M Y UW1 T	ˈmjut
m/mute.txt	2	v	mute	to mute -s -d -ing	M Y UW1 T	ˈmjut
m/membrane.txt	1	m n	membrane [FR]	membrân -s		
m/membrane.txt	2	adj	membral	membral		
m/membrane.txt	3	adj	membranous	membranus	M EH1 M B R AH0 N AH0 S	ˈmɛmbɹənəs
m/model.txt	1	adj, m n	model	modle, moduls	M AA1 D AH0 L	ˈmɑdəl
m/model.txt	2	v	model	to modle -s -d modeling	M AA1 D AH0 L	ˈmɑdəl
m/mutual.txt	1	adj	mutual	múțual -ly	M Y UW1 CH UW0 AH0 L	ˈmjutʃuəl
m/mutual.txt	2	f n	mutuality	muțualetie, muțualetis	M Y UW2 CH UW0 AE1 L IH2 T IY0	ˌmjutʃuˈæˌlɪti
m/mutual.txt	3	m n	mutualism	múțualism	M Y UW1 CH UW0 AH2 L IH2 Z AH0 M	ˈmjutʃuˌʌˌlɪzəm
m/mutual.txt	4	adj	mutualistic	muțualistic		
m/Maine.txt	1	m n	Maine	Maine	M EY1 N	ˈmeɪn
m/Maine.txt	2	m n	Mainer	mainer -s	M EY1 N ER0	ˈmeɪnɚ
m/make.txt	1	irv	make	to maic -s mâde mâching	M EY1 K	ˈmeɪk
m/make.txt	2	m n	make	mâc, maix	M EY1 K	ˈmeɪk
m/member.txt	1	m n	member	membre, membars	M EH1 M B ER0	ˈmɛmbɚ
m/member.txt	2	m n	membership	memberscip -s	M EH1 M B ER0 SH IH2 P	ˈmɛmbɚˌʃɪp
m/member.txt	3	v	dismember	to dismember dismembre(s dismembred dismembering	D IH0 S M EH1 M B ER0	dɪˈsmɛmbɚ
m/meditate.txt	1	v	meditate	to meditait -s -ed -ing	M EH1 D AH0 T EY2 T	ˈmɛdəˌteɪt
m/meditate.txt	2	f n	meditation	meditâcion -s	M EH2 D AH0 T EY1 SH AH0 N	ˌmɛdəˈteɪʃən
m/meditate.txt	3	adj	meditative	meditaitif -vly	M EH1 D AH0 T EY2 T IH0 V	ˈmɛdəˌteɪtɪv
m/moose.txt	1	m n	moose	mouce	M UW1 S	ˈmus
m/motivate.txt	1	v	motivate	to mótivait -s -ed -ing	M OW1 T AH0 V EY2 T	ˈmoʊtəˌveɪt
m/motivate.txt	2	f n	motivation	motivâcion -s	M OW2 T AH0 V EY1 SH AH0 N	ˌmoʊtəˈveɪʃən
m/motivate.txt	3	adj	motivational	motivâcional -ly	M OW2 T AH0 V EY1 SH AH0 N AH0 L	ˌmoʊtəˈveɪʃənəl
m/motivate.txt	4	m n	motivator	mótivaitor -s	M OW1 T AH0 V EY0 T ER0	ˈmoʊtəveɪtɚ
m/music.txt	1	m n	music	músic	M Y UW1 Z IH0 K	ˈmjuzɪk
m/music.txt	2	adj, m n	musical	músical -s	M Y UW1 Z IH0 K AH0 L	ˈmjuzɪkəl
m/music.txt	3	adv	musically	músicly	M Y UW1 Z IH0 K L IY0	ˈmjuzɪkli
m/music.txt	4	f n	musicale	m̃usicale, m̃usicàls		
m/music.txt	5	f n	musician	m̃usician -s	M Y UW0 Z IH1 SH AH0 N	mjuˈzɪʃən
m/music.txt	6	f n	musicality	m̃usicaletie -is	M Y UW2 Z IH0 K AE1 L AH0 T IY0	ˌmjuzɪˈkæləti
m/might.txt	1	modal, aux	might	máit	M AY1 T	ˈmaɪt
m/might.txt	2	m n	might	maihte	M AY1 T	ˈmaɪt
m/might.txt	3	adj, m n	mighty	maihty -is	M AY1 T IY0	ˈmaɪti
m/mystery.txt	1	m n	mystery	mystirie, mystiris	M IH1 S T ER0 IY0	ˈmɪstɚi
m/mystery.txt	2	adj, m n	mystic	mystic -s	M IH1 S T IH0 K	ˈmɪstɪk
m/mystery.txt	3	adj	mystical	mystical	M IH1 S T IH0 K AH0 L	ˈmɪstɪkəl
m/mystery.txt	4	adv	mystically	mystichly		
m/mystery.txt	5	adj	mysterious	mystírieus -ly	M IH0 S T IH1 R IY0 AH0 S	mɪˈstɪɹiəs
m/mystery.txt	6	m n	mysticism	mysticism -s	M IH1 S T IH0 S IH2 Z AH0 M	ˈmɪstɪˌsɪzəm
m/mystery.txt	7	v	mystify	to mystifae -s -d mystifyhing	M IH1 S T AH0 F AY2	ˈmɪstəˌfaɪ
m/meek.txt	1	adj	meek	miec	M IY1 K	ˈmik
m/mourn.txt	1	v	mourn	to maurne -s -d -ing	M AO1 R N	ˈmɔɹn
m/mourn.txt	2	m n	mourner	maurner -s	M AO1 R N ER0	ˈmɔɹnɚ
m/mourn.txt	3	adj	mournful	maurnful	M AO1 R N F AH0 L	ˈmɔɹnfəl
m/marrow.txt	1		marrow		M EH1 R OW0	ˈmɛɹoʊ
m/manipulate.txt	1	v	manipulate	to manïpulait -s -ed -ing	M AH0 N IH1 P Y AH0 L EY2 T	məˈnɪpjəˌleɪt
m/manipulate.txt	3	adj	manipulative	manïpulatif -vly	M AH0 N IH1 P Y AH0 L EY2 T IH0 V	məˈnɪpjəˌleɪtɪv
m/manipulate.txt	4	f n	manipulator	manïpulaitor -s	M AH0 N IH1 P Y AH0 L EY2 T ER0	məˈnɪpjəˌleɪtɚ
m/manipulate.txt	5	adj	manipulable	manïpulable		
m/mildew.txt	1	m n	mildew	mildue	M IH1 L D UW2	ˈmɪlˌdu
m/modify.txt	1	v	modify	to modifae -s -d modifyhing	M AA1 D AH0 F AY2	ˈmɑdəˌfaɪ
m/modify.txt	2	m n	modifier	modifyhor -s	M AA1 D AH0 F AY2 ER0	ˈmɑdəˌfaɪɚ
m/muster.txt	1	v	muster	to moster mostre(s mostred mostering	M AH1 S T ER0	ˈmʌstɚ
m/muster.txt	2	m n	muster	mostre, mosters	M AH1 S T ER0	ˈmʌstɚ
m/medicate.txt	1	v	medicate	to medicait -s -ed -ing	M EH1 D IH0 K EY2 T	ˈmɛdɪˌkeɪt
m/medicate.txt	2	f n	medication	medicâcion -s	M EH2 D AH0 K EY1 SH AH0 N	ˌmɛdəˈkeɪʃən
m/medicate.txt	3	m n	medic	medic -s	M EH1 D IH0 K	ˈmɛdɪk
m/medicate.txt	4	adj, m n	medical	medical -s	M EH1 D AH0 K AH0 L	ˈmɛdəkəl
m/medicate.txt	4	adj, m n	medical	medical -s	M EH1 D IH0 K AH0 L	ˈmɛdɪkəl
m/masculine.txt	1	adj	masculine	masculin	M AE1 S K Y AH0 L AH0 N	ˈmæskjələn
m/masculine.txt	2	f n	masculinity	masculinitie -is	M AE2 S K Y AH0 L IH1 N AH0 T IY0	ˌmæskjəˈlɪnəti
m/mirror.txt	1	m n	mirror	mírore, mírors	M IH1 R ER0	ˈmɪɹɚ
m/mirror.txt	2	v	mirror	to mírore -s -d -ing	M IH1 R ER0	ˈmɪɹɚ
m/money.txt	1	m n	money	monie -is	M AH1 N IY0	ˈmʌni
m/mustard.txt	1	m n	mustard	mostard -s	M AH1 S T ER0 D	ˈmʌstɚd
m/many.txt	1	adj	many	meny	M EH1 N IY0	ˈmɛni
m/many.txt	2	m n	many	meny	M EH1 N IY0	ˈmɛni
m/Massachusetts.txt	1	f n	Massachusetts	Massac̃oussets	M AE2 S AH0 CH UW1 S AH0 T S	ˌmæsəˈtʃusəts
m/Massachusetts.txt	2	adj, f n	Massachusettsan	massac̃oussetsan -s		
m/martyr.txt	2	v	martyr	to martir martre(s martred martiring	M AA1 R T ER0	ˈmɑɹtɚ
m/martyr.txt	4	f n	martyrion	martírion		
m/mind.txt	1	m n	mind	mŷnde, mŷnds	M AY1 N D	ˈmaɪnd
m/mind.txt	2	v	mind	to mŷnde -s -d -ing	M AY1 N D	ˈmaɪnd
m/milk.txt	2	v	milk	to milche milc(s -d -ing	M IH1 L K	ˈmɪlk
m/mechanic.txt	1	f n	mechanic	mecanic -s	M AH0 K AE1 N IH0 K	məˈkænɪk
m/mechanic.txt	1	f n	mechanic	mecanic -s	M IH0 K AE1 N IH0 K	mɪˈkænɪk
m/mechanic.txt	2	adj	mechanical	mecanical	M AH0 K AE1 N IH0 K AH0 L	məˈkænɪkəl
m/mechanic.txt	3	m n	mechanism	mecanism -s	M EH1 K AH0 N IH2 Z AH0 M	ˈmɛkəˌnɪzəm
m/mask.txt	1	m n	mask	màsc -s	M AE1 S K	ˈmæsk
m/mask.txt	2	v	mask	to masque màsc(s -d -ing	M AE1 S K	ˈmæsk
m/mask.txt	3	f n	masquerade	mascarâde -s	M AE2 S K ER0 EY1 D	ˌmæskɚˈeɪd
m/mask.txt	4	v	masquerade	to mascarâde -s -d -ing	M AE2 S K ER0 EY1 D	ˌmæskɚˈeɪd
m/masturbate.txt	1	v	masturbate	to masturbait -s -ed -ing	M AE1 S T ER0 B EY2 T	ˈmæstɚˌbeɪt
m/masturbate.txt	4	adj	masturbatory	masturbatory		
m/Mississippi.txt	1	f n	Mississippi	Missessïpi	M IH2 S IH0 S IH1 P IY0	ˌmɪsɪˈsɪpi
m/Mississippi.txt	2	adj , f n	Mississippian	missessïpian -s	M IH2 S IH0 S IH1 P IY0 AH0 N	ˌmɪsɪˈsɪpiən
m/much.txt	1	adv, adj	much	moc̃, more, moast	M AH1 CH	ˈmʌtʃ
m/much.txt	1	adv, adj	more	moc̃, more, moast	M AO1 R	ˈmɔɹ
m/much.txt	1	adv, adj	most	moc̃, more, moast	M OW1 S T	ˈmoʊst
m/much.txt	1	adv, adj	most	moc̃, more, moast	M OW1 S	ˈmoʊs
m/monster.txt	1	m n	monster	monstre, monstars	M AA1 N S T ER0	ˈmɑnstɚ
m/monster.txt	2	m n	monstrosity	monstrossetie, monstrossetis	M AA0 N S T R AA1 S AH0 T IY0	mɑnˈstɹɑsəti
m/monster.txt	3	adj	monstrous	monstreus -ly	M AA1 N S T R AH0 S	ˈmɑnstɹəs
m/May.txt	1	m n	May	May	M EY1	ˈmeɪ
m/mussel.txt	1	m n	mussel	mussle, mussels	M AH1 S AH0 L	ˈmʌsəl
m/march.txt	1	v	march	to marc̃e -s -d -ing	M AA1 R CH	ˈmɑɹtʃ
m/march.txt	2	m n	march	marc̃e -s	M AA1 R CH	ˈmɑɹtʃ
m/magnitude.txt	1	m n	magnitude	magnitude, magnituds	M AE1 G N AH0 T UW2 D	ˈmæɡnəˌtud
m/mutter.txt	1	v	mutter	to motir motre(s motred motiring	M AH1 T ER0	ˈmʌtɚ
m/moss.txt	1	m n	moss	moss	M AO1 S	ˈmɔs
m/moss.txt	2	adj	mossy	mossy	M AO1 S IY0	ˈmɔsi
m/marsh.txt	1	m n	marsh	marsce -s	M AA1 R SH	ˈmɑɹʃ
m/Michigan.txt	1	f n	Michigan	Miçigan	M IH1 SH IH0 G AH0 N	ˈmɪʃɪɡən
m/Michigan.txt	2	adj, f n	Michigander	miçigander -s		
m/major.txt	1	adj	major	mâjor -ly	M EY1 JH ER0	ˈmeɪdʒɚ
m/major.txt	2	f n	majority	majoretie -is	M AH0 JH AO1 R AH0 T IY0	məˈdʒɔɹəti
m/macabre.txt	1	adj	macabre	macáb	M AH0 K AA1 B R AH0	məˈkɑbɹə
m/macabre.txt	1	adj	macabre	macáb	M AH0 K AA1 B ER0	məˈkɑbɚ
m/maiz.txt	1	m n	maize	maize	M EY1 Z	ˈmeɪz
m/maintain.txt	1	v	maintain	to mainteine -s -d -ing	M EY0 N T EY1 N	meɪnˈteɪn
m/maintain.txt	2	adj	maintainable	maintéinable		
m/maintain.txt	3	f n	maintainability	mainteinabilitie -is		
m/maintain.txt	4	m n	maintenance	maintenance -s	M EY1 N T AH0 N AH0 N S	ˈmeɪntənəns
m/maintain.txt	4	m n	maintenance	maintenance -s	M EY1 N T N AH0 N S	ˈmeɪntnəns
m/mode.txt	3	f n	modality	modaletie -is	M AH0 D AE1 L AH0 T IY0	məˈdæləti
m/mention.txt	1	m n	mention	mencion -s	M EH1 N SH AH0 N	ˈmɛnʃən
m/mention.txt	2	v	mention	to mencione -s -d -ing	M EH1 N SH AH0 N	ˈmɛnʃən
m/mascot.txt	1	m n	mascot	mascot -s	M AE1 S K AH0 T	ˈmæskət
m/mascot.txt	1	m n	mascot	mascot -s	M AE1 S K AA2 T	ˈmæˌskɑt
m/mutton.txt	1	m n	mutton	moton	M AH1 T AH0 N	ˈmʌtən
m/module.txt	2	adj, m n	modular	mod̦ular	M AA1 JH AH0 L ER0	ˈmɑdʒəlɚ
m/module.txt	3	f n	modularity	mod̦ularetie -is		
m/module.txt	4	v	modulate	to mod̦ulait -s -ed -ing	M AO1 JH Y UW0 L EY0 T	ˈmɔdʒjuleɪt
m/module.txt	4	v	modulate	to mod̦ulait -s -ed -ing	M AO1 JH UW0 L EY0 T	ˈmɔdʒuleɪt
m/module.txt	5	m n	modulator	mod̦ulaitor -s	M AA1 JH AH0 L EY2 T ER0	ˈmɑdʒəˌleɪtɚ
m/memory.txt	1	m n	memory	memorie, memoris	M EH1 M ER0 IY0	ˈmɛmɚi
m/memory.txt	2	v	memorize	to memoryse -s -d -ing	M EH1 M ER0 AY2 Z	ˈmɛmɚˌaɪz
m/memory.txt	3	f n	memorization	memorisâcion -s		
m/memory.txt	5	v	memorialize	to memórialyse -s -d -ing	M AH0 M AO1 R IY0 AH0 L AY2 Z	məˈmɔɹiəˌlaɪz
m/maze.txt	1	m n	maze	mâse -s	M EY1 Z	ˈmeɪz
m/monkey.txt	1	m n	monkey	monchie, monchis	M AH1 NG K IY0	ˈmʌŋki
m/medieval.txt	1	adj	medieval	medíval	M IH0 D IY1 V AH0 L	mɪˈdivəl
m/medieval.txt	1	adj	medieval	medíval	M IY0 D IY1 V AH0 L	miˈdivəl
m/medieval.txt	1	adj	medieval	medíval	M IH0 D Y IY1 V AH0 L	mɪdˈjivəl
m/mead.txt	1	m n	mead	miede	M IY1 D	ˈmid
v/vehicle.txt	1	m n	vehicle	vihicle, vihiculs	V IY1 HH IH0 K AH0 L	ˈvihɪkəl
v/vehicle.txt	1	m n	vehicle	vihicle, vihiculs	V IY1 IH0 K AH0 L	ˈviɪkəl
v/vehicle.txt	2	adj	vehicular	vihicular	V IY0 HH IH1 K Y AH0 L ER0	viˈhɪkjəlɚ
v/valley.txt	1	m n	valley	valie, valis	V AE1 L IY0	ˈvæli
v/valley.txt	2	m n	vale	vâle, vâls	V EY1 L	ˈveɪl
v/vanish.txt	1	v	vanish	to vanișe -s -d -ing	V AE1 N IH0 SH	ˈvænɪʃ
v/victor.txt	2	m n	victory	victorie -is	V IH1 K T ER0 IY0	ˈvɪktɚi
v/victor.txt	2	m n	victory	victorie -is	V IH1 K T R IY0	ˈvɪktɹi
v/victor.txt	3	adj	victorious	victórieus -ly	V IH0 K T AO1 R IY0 AH0 S	vɪkˈtɔɹiəs
v/verify.txt	1	v	verify	to verifae -s -d verifyhing	V EH1 R AH0 F AY2	ˈvɛɹəˌfaɪ
v/verify.txt	2	f n	verification	verificâcion -s	V EH2 R AH0 F AH0 K EY1 SH AH0 N	ˌvɛɹəfəˈkeɪʃən
v/verify.txt	3	adj	verifiable	verifîable	V EH1 R AH0 F AY2 AH0 B AH0 L	ˈvɛɹəˌfaɪəbəl
v/veal.txt	1	m n	veal	viele	V IY1 L	ˈvil
v/voyage.txt	2	v	voyage	to voyage -s -d -ing	V OY1 AH0 JH	ˈvɔɪədʒ
v/voyage.txt	2	v	voyage	to voyage -s -d -ing	V OY1 IH0 JH	ˈvɔɪɪdʒ
v/voyage.txt	3	m n	voyager	voyagior -s	V OY1 AH0 JH ER0	ˈvɔɪədʒɚ
v/voyage.txt	3	m n	voyager	voyagior -s	V OY1 IH0 JH ER0	ˈvɔɪɪdʒɚ
v/verse.txt	1	m n	verse	verse -s	V ER1 S	ˈvɝs
v/verse.txt	3	adj	versional	vêsional -ly		
v/verse.txt	4	adj	versatile	versatil	V ER1 S AH0 T AH0 L	ˈvɝsətəl
v/verse.txt	4	adj	versatile	versatil	V ER0 S AH0 T AY1 L	vɚsəˈtaɪl
v/verse.txt	5	f n	versatility	versatilitie -is	V ER2 S AH0 T IH1 L AH0 T IY0	ˌvɝsəˈtɪləti
v/vile.txt	1	adj	vile	vîel	V AY1 L	ˈvaɪl
v/vile.txt	2	v	vilify	to vilifae -s -d vilifyhing	V IH1 L IH0 F AY2	ˈvɪlɪˌfaɪ
v/vile.txt	3	f n	vilification	vilificâcion -s	V IH2 L AH0 F AH0 K EY1 SH AH0 N	ˌvɪləfəˈkeɪʃən
v/vise.txt	1	m n	vise	vîss -es	V AY1 S	ˈvaɪs
v/vise.txt	2	v	vise	to vîsse -s -d -ing	V AY1 S	ˈvaɪs
v/vinyl.txt	1	adj, m n	vinyl	vînyl	V AY1 N AH0 L	ˈvaɪnəl
v/vapor.txt	2	v	vapor	to vâpore -s -d -ing	V EY1 P ER0	ˈveɪpɚ
v/vapor.txt	3	v	vape	to vâpe -s -d -ing	V EY1 P	ˈveɪp
v/vapor.txt	4	m n	vape	vâpe, vâps	V EY1 P	ˈveɪp
v/vegetable.txt	2	f n	vegetability	vegetabilitie, vegetabilitis		
v/vegetable.txt	3	m n	veggie	vegie, vegis	V EH1 JH IY0	ˈvɛdʒi
v/vegetable.txt	4	v	vegetate	to vegetait -s -ed -ing	V EH1 JH AH0 T EY2 T	ˈvɛdʒəˌteɪt
v/vegetable.txt	5	f n	vegetation	vegetâcion -s	V EH2 JH AH0 T EY1 SH AH0 N	ˌvɛdʒəˈteɪʃən
v/vegetable.txt	6	adj	vegetative	vegetaitif	V EH2 JH AH0 T EY1 T IH0 V	ˌvɛdʒəˈteɪtɪv
v/vegetable.txt	8	adj, f n	vegetarian	vegetârian -s	V EH2 JH AH0 T EH1 R IY2 AH0 N	ˌvɛdʒəˈtɛˌɹiən
v/vegetable.txt	9	adj, m n	vegan	vígan	V EH1 G AH0 N	ˈvɛɡən
v/villain.txt	2	adj	villainous	villainus	V IH1 L AH0 N AH0 S	ˈvɪlənəs
v/vain.txt	1	adj	vain	vân -ar -est	V EY1 N	ˈveɪn
v/vain.txt	2	m n	vanity	vanetie -is	V AE1 N AH0 T IY0	ˈvænəti
v/vain.txt	2	m n	vanity	vanetie -is	V AE1 N IH0 T IY0	ˈvænɪti
v/viking.txt	1	m n	viking	vîching -s	V AY1 K IH0 NG	ˈvaɪkɪŋ
v/vowel.txt	1	m n	vowel	vôale, vôals	V AW1 AH0 L	ˈvaʊəl
v/verb.txt	1	m n	verb	verbe, verbs	V ER1 B	ˈvɝb
v/verb.txt	3	v	verbalize	to verbalyse -s -d -ing	V ER1 B AH0 L AY2 Z	ˈvɝbəˌlaɪz
v/verb.txt	4	m n	verbage	verbage -s		
v/value.txt	2	v	value	to vàlue -s -d -ing	V AE1 L Y UW0	ˈvælju
v/value.txt	3	adj	valueless	valueless -ly	V AE1 L Y UW0 L AH0 S	ˈvæljuləs
v/value.txt	4	adj, m n	valuable	valuable, valuabils	V AE1 L Y AH0 B AH0 L	ˈvæljəbəl
v/value.txt	4	adj, m n	valuable	valuable, valuabils	V AE1 L Y UW0 B AH0 L	ˈvæljubəl
v/value.txt	5	v	valuate	to valuait -s -ed -ing		
v/veteran.txt	1	m n	veteran	veteran	V EH1 T ER0 AH0 N	ˈvɛtɚən
v/veteran.txt	1	m n	veteran	veteran	V EH1 T R AH0 N	ˈvɛtɹən
v/veteran.txt	2	adj	veteran	veteran	V EH1 T ER0 AH0 N	ˈvɛtɚən
v/veteran.txt	2	adj	veteran	veteran	V EH1 T R AH0 N	ˈvɛtɹən
v/vagina.txt	2	adj	vaginal	vaginal	V AH0 JH AY1 N AH0 L	vəˈdʒaɪnəl
v/view.txt	1	m n	view	vue, vuis	V Y UW1	ˈvju
v/view.txt	2	v	view	to vue -s -d vuing	V Y UW1	ˈvju
v/versus.txt	1	prep	versus	versus	V ER1 S AH0 S	ˈvɝsəs
v/versus.txt	1	prep	versus	versus	V ER1 S AH0 Z	ˈvɝsəz
v/volume.txt	1	m n	volume	volume	V AA1 L Y UW0 M	ˈvɑljum
v/virtue.txt	1	m n	virtue	virțue, virțuis	V ER1 CH UW0	ˈvɝtʃu
v/virtue.txt	2	adj	virtuous	virțueus -ly	V ER1 CH UW0 AH0 S	ˈvɝtʃuəs
v/virtue.txt	3	f n	virtuosity	virțuossetie, virțuossetis	V ER0 CH UW0 AA1 S IH0 T IY0	vɚtʃuˈɑsɪti
v/video.txt	1	adj, m n	video	vidio -s	V IH1 D IY0 OW0	ˈvɪdioʊ
v/Virginia.txt	1	f n	Virginia	Virgïnia	V ER0 JH IH1 N Y AH0	vɚˈdʒɪnjə
v/Virginia.txt	2	adj, f n	Virginian	virgïnian -s	V ER0 JH IH1 N Y AH0 N	vɚˈdʒɪnjən
v/vine.txt	1	m n	vine	vigne, vigns	V AY1 N	ˈvaɪn
v/vine.txt	2	v	vine	to vigne -s -d -ing	V AY1 N	ˈvaɪn
v/vocabulary.txt	1	f n, m n	vocabulary	vocàbularie, vocàbularis; vocab -s	V OW0 K AE1 B Y AH0 L EH2 R IY0	voʊˈkæbjəˌlɛɹi
v/valet.txt	2	v	valet	to valeie -s -d valeying	V AE0 L EY1	væˈleɪ
v/volcano.txt	1	f n	volcano	volcâno -s	V AA0 L K EY1 N OW0	vɑlˈkeɪnoʊ
v/volcano.txt	2	adj	volcanic	volcanic	V AA0 L K AE1 N IH0 K	vɑlˈkænɪk
v/volcano.txt	3	m n	volcanism	volcanism		
v/valve.txt	1	m n	valve	valve -s	V AE1 L V	ˈvælv
v/veil.txt	2	v	veil	to veile -s -d -ing	V EY1 L	ˈveɪl
v/veil.txt	3	v	unveil	to unveile -s -d -ing	AH0 N V EY1 L	ənˈveɪl
v/vulgar.txt	1	adj	vulgar	volgre	V AH1 L G ER0	ˈvʌlɡɚ
v/vulgar.txt	2	f n	vulgarity	volgaretie, volgaretis	V AH0 L G EH1 R IH0 T IY0	vəlˈɡɛɹɪti
v/vaccine.txt	1	f n	vaccine	vaccine, vaccíns	V AE2 K S IY1 N	ˌvækˈsin
v/vaccine.txt	2	f n	vaccination	vaccinâcion -s	V AE0 K S AH0 N EY1 SH AH0 N	væksəˈneɪʃən
v/vaccine.txt	3	v	vaccinate	to vaccinait -s -ed -ing	V AE1 K S AH0 N EY0 T	ˈvæksəneɪt
v/vaccine.txt	4	v	vaccinate	to vaxe -s -d -ing	V AE1 K S AH0 N EY0 T	ˈvæksəneɪt
v/vaccine.txt	4	v	vaxx	to vaxe -s -d -ing		
v/vaccine.txt	5	m n	vaccine	vax -es	V AE2 K S IY1 N	ˌvækˈsin
v/vaccine.txt	5	m n	vaccination	vax -es	V AE0 K S AH0 N EY1 SH AH0 N	væksəˈneɪʃən
v/vaccine.txt	5	m n	vaxx	vax -es		
v/vouch.txt	1	v	vouch	to voac̃e -s -d -ing	V AW1 CH	ˈvaʊtʃ
v/vouch.txt	2	m n	voucher	voac̃er -s	V AW1 CH ER0	ˈvaʊtʃɚ
v/vary.txt	2	adj	various	vârieus -ly	V EH1 R IY0 AH0 S	ˈvɛɹiəs
v/vary.txt	4	f n	variability	vâriabilitie, vâriabilitis	V EH0 R IY0 AH0 B IH1 L IH0 T IY0	vɛɹiəˈbɪlɪti
v/vary.txt	7	v	variate	to vâriait -s -ed -ing		
v/vary.txt	8	f n	variation	variâcion -s	V EH2 R IY0 EY1 SH AH0 N	ˌvɛɹiˈeɪʃən
v/vary.txt	9	m n	variate	vâriate, vâriats		
v/vary.txt	10	v	vary	to vârie -s -d vârying	V EH1 R IY0	ˈvɛɹi
v/vary.txt	11	f n	variety	varîetie, varîetis	V ER0 AY1 AH0 T IY0	vɚˈaɪəti
v/virtual.txt	1	adj	virtual	virțual -ly	V ER1 CH UW0 AH0 L	ˈvɝtʃuəl
v/virtual.txt	2	f n	virtuality	virțualetie		
v/vote.txt	1	m n	vote	vote, vóts	V OW1 T	ˈvoʊt
v/vote.txt	2	v	vote	to vote -s -d -ing	V OW1 T	ˈvoʊt
v/veer.txt	1	v	veer	to vier vire(s vired viering	V IH1 R	ˈvɪɹ
v/vision.txt	2	adj	visionary	visionairy	V IH1 ZH AH0 N EH2 R IY0	ˈvɪʒəˌnɛɹi
v/vision.txt	3	m n	visionary	visionarie -is	V IH1 ZH AH0 N EH2 R IY0	ˈvɪʒəˌnɛɹi
v/vision.txt	4	adj, m n	visual	vișual -s	V IH1 ZH AH0 W AH0 L	ˈvɪʒəwəl
v/vision.txt	5	adv	visually	vișally	V IH1 ZH W AH0 L IY0	ˈvɪʒwəli
v/vision.txt	6	v	visualize	to vișualyse -s -d -ing	V IH1 ZH W AH0 L AY2 Z	ˈvɪʒwəˌlaɪz
v/vision.txt	7	f n	visualization	vișualisâcion -s	V IH2 ZH W AH0 L AH0 Z EY1 SH AH0 N	ˌvɪʒwələˈzeɪʃən
v/vision.txt	10	f n	visibility	visibilitie -is	V IH2 Z AH0 B IH1 L IH0 T IY0	ˌvɪzəˈbɪlɪti
v/venture.txt	1	m n	venture	vențure, vențurs	V EH1 N CH ER0	ˈvɛntʃɚ
v/venture.txt	2	v	venture	to vențure -s -d -ing	V EH1 N CH ER0	ˈvɛntʃɚ
v/violate.txt	1	adj	violent	vîlent	V AY1 AH0 L AH0 N T	ˈvaɪələnt
v/violate.txt	1	adj	violent	vîlent	V AY1 L AH0 N T	ˈvaɪlənt
v/violate.txt	2	m n	violence	vîlence	V AY1 AH0 L AH0 N S	ˈvaɪələns
v/violate.txt	3	v	violate	to vîolait -s -ed -ing	V AY1 AH0 L EY0 T	ˈvaɪəleɪt
v/violate.txt	4	f n	violation	violâcion -s	V AY0 AH0 L EY1 SH AH0 N	vaɪəˈleɪʃən
v/violate.txt	5	adj	violative	vîolaitif -vly		
v/void.txt	1	adj	void	void	V OY1 D	ˈvɔɪd
v/void.txt	2	m n	void	voide, voids	V OY1 D	ˈvɔɪd
v/void.txt	3	v	void	to voide -s -d -ing	V OY1 D	ˈvɔɪd
v/vice.txt	2	adj	vicious	viceus -sly -sness	V IH1 SH AH0 S	ˈvɪʃəs
v/vice.txt	3	m n	vice-president	vîce-prèsident -s	V AY1 S P R EH1 Z AH0 D AH0 N T	ˈvaɪˈspɹɛzədənt
v/visceral.txt	1	adj	visceral	visceral	V IH1 S ER0 AH0 L	ˈvɪsɚəl
v/visceral.txt	2	m n	viscera	viscera		
v/vomit.txt	1	m n	vomit	vomit	V AA1 M AH0 T	ˈvɑmət
v/vomit.txt	2	v	vomit	to vomit -s -ed -ing	V AA1 M AH0 T	ˈvɑmət
v/vanquish.txt	1	v	vanquish	to vencoișe -s -d -ing	V AE1 NG K W IH0 SH	ˈvæŋkwɪʃ
v/vulva.txt	1	m n	vulva	volva -s	V UH1 L V AH0	ˈvʊlvə
v/vinegar.txt	1	m n	vinegar	vinagre, vinagars	V IH1 N AH0 G ER0	ˈvɪnəɡɚ
v/vinegar.txt	2	adj	vinegary	vinagry		
v/vie.txt	1	v	vie	to vîe -s -d vîhing	V AY1	ˈvaɪ
v/vicar.txt	1	m n	vicar	vicre, vicars	V IH1 K ER0	ˈvɪkɚ
v/vicar.txt	3	adj	vicarious	vicârieus -ly	V AY0 K EH1 R IY0 AH0 S	vaɪˈkɛɹiəs
v/vocal.txt	2	v	vocalize	to vocalyse -s -d -ing	V OW1 K AH0 L AY2 Z	ˈvoʊkəˌlaɪz
v/vocal.txt	3	m n	vocalist	vocalist -s	V OW1 K AH0 L IH0 S T	ˈvoʊkəlɪst
v/vocal.txt	4	f n	vocalization	vocalisâcion -s		
v/vow.txt	1	m n	vow	vôe, vôus	V AW1	ˈvaʊ
v/vow.txt	2	v	vow	to vôe -s -d vôuing	V AW1	ˈvaʊ
v/veterinarian.txt	1	f n	veterinarian	vetrinârian -s	V EH2 T R AH0 N EH1 R IY0 AH0 N	ˌvɛtɹəˈnɛɹiən
v/veterinarian.txt	1	f n	veterinarian	vetrinârian -s	V EH2 T ER0 AH0 N EH1 R IY0 AH0 N	ˌvɛtɚəˈnɛɹiən
v/veterinarian.txt	2	adj	veterinary	vetrinairy	V EH1 T R AH0 N EH2 R IY0	ˈvɛtɹəˌnɛɹi
v/veterinarian.txt	3	v	vet	to vete -s -d -ing	V EH1 T	ˈvɛt
v/verbose.txt	1	adj	verbose	verbóss		
v/verbose.txt	2	f n	verbosity	verbossetie -is		
v/visit.txt	1	v	visit	to visit -s -ed -ing	V IH1 Z IH0 T	ˈvɪzɪt
v/visit.txt	2	m n	visit	visit -s	V IH1 Z IH0 T	ˈvɪzɪt
v/visit.txt	3	m n	visitor	visitor -s	V IH1 Z IH0 T ER0	ˈvɪzɪtɚ
v/visit.txt	4	f n	visitation	visitâcion -s	V IH2 Z IH0 T EY1 SH AH0 N	ˌvɪzɪˈteɪʃən
v/visit.txt	5	adj, m n	visitant	visitant -s		
v/vulture.txt	1	m n	vulture	vulțure, vulțurs	V AH1 L CH ER0	ˈvʌltʃɚ
v/vacate.txt	1	v	vacate	to vâcait -s -ed -ing	V EY1 K EY0 T	ˈveɪkeɪt
v/vacate.txt	2	f n	vacation	vacâcion -s	V EY0 K EY1 SH AH0 N	veɪˈkeɪʃən
v/vacate.txt	4	m n	vacancy	vâcancie -is	V EY1 K AH0 N S IY0	ˈveɪkənsi
v/volunteer.txt	1	f n	volunteer	volontire, volontiers	V AA2 L AH0 N T IH1 R	ˌvɑlənˈtɪɹ
v/volunteer.txt	2	v	volunteer	to volontier volontire(s volontired volontiering	V AA2 L AH0 N T IH1 R	ˌvɑlənˈtɪɹ
v/volunteer.txt	3	adj	voluntary	volontairy	V AA1 L AH0 N T EH0 R IY0	ˈvɑləntɛɹi
v/volunteer.txt	4	m n	voluntarism	volontarism	V OW0 L AH1 N T ER0 IH2 Z AH0 M	voʊˈlʌntɚˌɪzəm
v/volunteer.txt	5	f n	volunteerism	volontierism	V AO2 L AH0 N T IH1 R IH2 Z AH0 M	ˌvɔlənˈtɪˌɹɪzəm
v/village.txt	2	m n	villager	villagior -s	V IH1 L IH0 JH ER0	ˈvɪlɪdʒɚ
v/violet.txt	1	adj, m n	violet	vîlet -s	V AY1 AH0 L IH0 T	ˈvaɪəlɪt
v/violet.txt	1	adj, m n	violet	vîlet -s	V AY1 L IH0 T	ˈvaɪlɪt
v/vault.txt	1	m n	vault	volte, volts	V AO1 L T	ˈvɔlt
v/vault.txt	2	v	vault	to volte -s -d -ing	V AO1 L T	ˈvɔlt
v/vacuum.txt	3	adj	vacuous	vacueus -sly	V AE1 K Y UW0 AH0 S	ˈvækjuəs
v/vacuum.txt	4	f n	vacuity	vacuetie -is		
v/vacuum.txt	6	adj	vacuolar	vacuólar		
v/voice.txt	1	m n	voice	voice -s	V OY1 S	ˈvɔɪs
v/voice.txt	2	v	voice	to voice -s -d -ing	V OY1 S	ˈvɔɪs
v/volt.txt	1	adj	Alessandro Volta	voltâic	AA0 L EY0 Z AA1 N D R OW0 V OW1 L T AH0	ɑleɪˈzɑndɹoʊˈvoʊltə
v/volt.txt	1	adj	voltaic	voltâic		
v/volt.txt	2	m n	volt	vólte, vólts	V OW1 L T	ˈvoʊlt
v/volt.txt	3	m n	voltage	vóltage -s	V OW1 L T AH0 JH	ˈvoʊltədʒ
v/volt.txt	3	m n	voltage	vóltage -s	V OW1 L T IH0 JH	ˈvoʊltɪdʒ
v/Vermont.txt	1	f n	Vermont	Vermonte	V ER0 M AA1 N T	vɚˈmɑnt
v/Vermont.txt	2	adj, f n	Vermonter	vermonter -s	V ER0 M AA1 N T ER0	vɚˈmɑntɚ
v/vial.txt	1	m n	vial	vîale, vîals	V AY1 AH0 L	ˈvaɪəl
v/victim.txt	1	m n	victim	victim -s	V IH1 K T AH0 M	ˈvɪktəm
v/victim.txt	1	m n	victim	victim -s	V IH1 K T IH0 M	ˈvɪktɪm
y/yellow.txt	1	adj	yellow	yeloe yeloar yeloest	Y EH1 L OW0	ˈjɛloʊ
y/yellow.txt	2	m n	yellow	yeloe, yeloas	Y EH1 L OW0	ˈjɛloʊ
y/yellow.txt	3	v	yellow	to yeloe -s -d yelouing	Y EH1 L OW0	ˈjɛloʊ
y/yacht.txt	1	m n	yacht	yahte, yahts	Y AA1 T	ˈjɑt
y/yack.txt	1	v	yackety-yacking	to yac -s yached yaching		
y/yolk.txt	1	m n	yolk	eoc, eóx	Y OW1 K	ˈjoʊk
y/yam.txt	1	m n	yam	yame, yams	Y AE1 M	ˈjæm
y/yarn.txt	1	m n	yarn	yarne, yarns	Y AA1 R N	ˈjɑɹn
y/year.txt	1	m n	year	yiere, yiars	Y IH1 R	ˈjɪɹ
y/year.txt	2	adj, adv	yearly	yierly	Y IH1 R L IY0	ˈjɪɹli
y/yew.txt	1	m n	yew	eue, eus	Y UW1	ˈju
y/yearn.txt	1	v	yearn	to yêne -s -d -ing	Y ER1 N	ˈjɝn
y/yard.txt	1	m n	yard	yarde, yards	Y AA1 R D	ˈjɑɹd
y/yawn.txt	1	v	yawn	to yaone -s -d -ing	Y AO1 N	ˈjɔn
y/yawn.txt	2	m n	yawn	yaone, yaons	Y AO1 N	ˈjɔn
y/yield.txt	1	v	yield	to yielde -s -d -ing	Y IY1 L D	ˈjild
y/yield.txt	2	m n	yield	yielde, yields	Y IY1 L D	ˈjild
y/yoke.txt	2	v	yoke	to yoque yoac(s -d -ing	Y OW1 K	ˈjoʊk
y/young.txt	1	adj, m n	young	yong -ar -uest	Y AH1 NG	ˈjʌŋ
y/yak.txt	1	m n	yak	yac, yax	Y AE1 K	ˈjæk
y/you.txt	3	pron	yours	yours	Y UH1 R Z	ˈjʊɹz
y/you.txt	3	pron	yours	yours	Y AO1 R Z	ˈjɔɹz
y/you.txt	3	pron	yours	yours	Y ER0 Z	jɚz
y/you.txt	4	pron	yourself	yourselfe	Y ER0 S EH1 L F	jɚˈsɛlf
y/you.txt	4	pron	yourself	yourselfe	Y UH0 R S EH1 L F	jʊɹˈsɛlf
y/you.txt	4	pron	yourself	yourselfe	Y AO1 R S EH0 L F	ˈjɔɹsɛlf
y/you.txt	5	pron	yourselves	yourselfs	Y UH0 R S EH1 L V Z	jʊɹˈsɛlvz
y/you.txt	5	pron	yourselves	yourselfs	Y AO1 R S EH0 L V Z	ˈjɔɹsɛlvz
k/Korea.txt	1	f n	Korea	Qoría	K AO2 R IY1 AH0	ˌkɔˈɹiə
k/Korea.txt	1	f n	Korea	Qoría	K R IY1 AH0	ˈkɹiə
k/Korea.txt	1	f n	Korea	Qoría	K ER0 R IY1 AH0	kɚˈɹiə
k/Korea.txt	2	adj	Korean	qorían	K AO2 R IY1 AH0 N	ˌkɔˈɹiən
k/Korea.txt	2	adj	Korean	qorían	K R IY1 AH0 N	ˈkɹiən
k/Korea.txt	2	adj	Korean	qorían	K ER0 R IY1 AH0 N	kɚˈɹiən
k/Korea.txt	3	f n	Korean	Qorían	K AO2 R IY1 AH0 N	ˌkɔˈɹiən
k/Korea.txt	3	f n	Korean	Qorían	K R IY1 AH0 N	ˈkɹiən
k/Korea.txt	3	f n	Korean	Qorían	K ER0 R IY1 AH0 N	kɚˈɹiən
k/kid.txt	1	m n	kid	cyde, cyds	K IH1 D	ˈkɪd
k/kid.txt	2	v	kid	to cyde -s -d -ing	K IH1 D	ˈkɪd
k/kayak.txt	1	m n	kayak	cayac, cayax	K AY1 AE0 K	ˈkaɪæk
k/kayak.txt	2	v	kayak	to cayac -s cayached cayaching	K AY1 AE0 K	ˈkaɪæk
k/karaoke.txt	1	f n	karaoke	carioquie	K EH2 R IY0 OW1 K IY0	ˌkɛɹiˈoʊki
k/kill.txt	1	v	kill	to chille -s -d -ing	K IH1 L	ˈkɪl
k/kill.txt	2	m n	kill	chille, chills	K IH1 L	ˈkɪl
k/Kansas.txt	1	m n	Kansas	Cansas	K AE1 N Z AH0 S	ˈkænzəs
k/Kansas.txt	2	adj, m n	Kansan	cansan -s	K AE1 N Z AH0 N	ˈkænzən
k/koinonia.txt	1	f n	koinonia	coinonía		
k/knot.txt	1	m n	knot	gnote, gnots	N AA1 T	ˈnɑt
k/knot.txt	2	v	knot	to gnote -s -d -ing	N AA1 T	ˈnɑt
k/kaleidoscope.txt	1	f n	kaleidoscope	calîdoscope, calîdoscoaps	K AH0 L AY1 D AH0 S K OW2 P	kəˈlaɪdəˌskoʊp
k/kaleidoscope.txt	2	adj	kaleidoscopic	calîdoscopic -ly		
k/knead.txt	1	v	knead	to niede -s -d -ing	N IY1 D	ˈnid
k/knight.txt	2	v	knight	to nîhte -s -d -ing	N AY1 T	ˈnaɪt
k/knight.txt	3	m n	knighthood	nîhtehud -s	N AY1 T HH UH2 D	ˈnaɪtˌhʊd
k/knight.txt	4	adj, adv	knightly	nîhtly	N AY1 T L IY0	ˈnaɪtli
k/kiss.txt	1	v	kiss	to cysse -s -d -ing	K IH1 S	ˈkɪs
k/kiss.txt	2	m n	kiss	cyss -es	K IH1 S	ˈkɪs
k/kiss.txt	3	adj	kissable	cyssable		
k/kiwi.txt	1	m n	kiwi	chioie, chiois	K IY1 W IY0	ˈkiwi
k/karate.txt	1	f n	karate	carátie	K ER0 AA1 T IY0	kɚˈɑti
k/kludge.txt	1	m n	kludge	cloge -s		
k/kludge.txt	2	v	kludge	to cloge -s -d -ing		
k/knife.txt	1	m n	knife	nîfe, nîfs	N AY1 F	ˈnaɪf
k/knife.txt	2	v	knife	nîfe -s -d -ing	N AY1 F	ˈnaɪf
k/kick.txt	1	v	kick	to chiche chic(s -d -ing	K IH1 K	ˈkɪk
k/kick.txt	2	m n	kick	chic, chix	K IH1 K	ˈkɪk
k/keep.txt	1	irv	keep	to cuípe -s caipt -ing	K IY1 P	ˈkip
k/keep.txt	2	m n	keep	cuípe, cuíps	K IY1 P	ˈkip
k/koan.txt	1	m n	koan	cóane, cóans		
k/know.txt	1	irv	know	to gnoe -s gneu gnoan gnouing	N OW1	ˈnoʊ
k/know.txt	2	m n	know	gnoe	N OW1	ˈnoʊ
k/know.txt	3	m n	knowledge	gnollage	N AA1 L AH0 JH	ˈnɑlədʒ
k/know.txt	3	m n	knowledge	gnollage	N AA1 L IH0 JH	ˈnɑlɪdʒ
k/know.txt	4	adj	knowledgeable	gnollagiable	N AA1 L AH0 JH AH0 B AH0 L	ˈnɑlədʒəbəl
k/know.txt	5	v	acknowledge	to acgnollage -s -d -ing	AE0 K N AA1 L IH0 JH	ækˈnɑlɪdʒ
k/know.txt	6	f n	acknowledgement	acgnollagement -s	AE0 K N AA1 L IH0 JH M AH0 N T	ækˈnɑlɪdʒmənt
k/kefir.txt	1	f n	kefir	quefire		
k/kind.txt	1	adj, m n	kind	cŷnd -ar -est -ly -ness	K AY1 N D	ˈkaɪnd
k/Kentucky.txt	1	f n	Kentucky	Caintuchie	K AH0 N T AH1 K IY0	kənˈtʌki
k/Kentucky.txt	2	adj, f n	Kentuckian	caintuchian -s	K EH2 N T AH1 K IY0 AH0 N	ˌkɛnˈtʌkiən
k/kit.txt	1	m n	kit	cuite, cuits	K IH1 T	ˈkɪt
k/king.txt	2	v	king	to cyngue cyng(s -d -ing	K IH1 NG	ˈkɪŋ
k/king.txt	3	adj	kingly	cyngly	K IH1 NG L IY0	ˈkɪŋli
k/king.txt	4	m n	kingpin	cyngpin -s	K IH1 NG P IH2 N	ˈkɪŋˌpɪn
k/king.txt	5	m n	kingship	cyngscip -s	K IH1 NG SH IH0 P	ˈkɪŋʃɪp
k/king.txt	6	m n	kingdom	cyngdom -s	K IH1 NG D AH0 M	ˈkɪŋdəm
k/king.txt	7	m n	United Kingdom	Unîted Cyngdom	Y UW0 N AY1 T IH0 D K IH1 NG D AH0 M	juˈnaɪtɪdˈkɪŋdəm
k/kitchen.txt	1	m n	kitchen	cuic̃ene, cuic̃ans	K IH1 CH AH0 N	ˈkɪtʃən
k/knit.txt	1	v	knit	to gnite -s -d -ing	N IH1 T	ˈnɪt
k/knit.txt	2	m n	knit	gnite, gnits	N IH1 T	ˈnɪt
k/knit.txt	3	adj	knit	gnit	N IH1 T	ˈnɪt
k/kitten.txt	1	m n	kitten	chiton -s	K IH1 T AH0 N	ˈkɪtən
k/kite.txt	2	v	kite	to cŷte -s -d -ing	K AY1 T	ˈkaɪt
k/knock.txt	1	v	knock	to gnoc -s gnoched gnoching	N AA1 K	ˈnɑk
k/knock.txt	2	m n	knock	gnoc, gnox	N AA1 K	ˈnɑk
k/kangaroo.txt	1	f n	kangaroo	cangaroue, cangarous	K AE2 NG G ER0 UW1	ˌkæŋɡɚˈu
k/kettle.txt	1	m n	kettle	caitle, caitils	K EH1 T AH0 L	ˈkɛtəl
k/kin.txt	2	adj, m n	kindred	cyndrad	K IH1 N D R IH0 D	ˈkɪndɹɪd
k/knee.txt	2	v	knee	to nie -s -d gnying	N IY1	ˈni
k/key.txt	2	m n	key	chie, chys	K IY1	ˈki
k/key.txt	3	adj	key	chy	K IY1	ˈki
k/key.txt	4	v	key	to chie -s -d chying	K IY1	ˈki
k/kneel.txt	1	irv	kneel	to niele -s nelt -ing	N IY1 L	ˈnil
q/quick.txt	1	adj	quick	cuic cuicar cuichest	K W IH1 K	ˈkwɪk
q/quick.txt	2	adv	quickly	cuichly	K W IH1 K L IY0	ˈkwɪkli
q/quick.txt	3	m n	quick	cuic, cuix	K W IH1 K	ˈkwɪk
q/quay.txt	1	m n	quay	quie, quis	K IY1	ˈki
q/quay.txt	1	m n	quay	quie, quis	K EY1	ˈkeɪ
q/queer.txt	1	adj	queer	cuir	K W IH1 R	ˈkwɪɹ
q/queer.txt	2	m n	queer	cuire, cuiars	K W IH1 R	ˈkwɪɹ
q/quote.txt	1	m n	quote	quote, quóts	K W OW1 T	ˈkwoʊt
q/quote.txt	2	v	quote	to quote -s -d -ing	K W OW1 T	ˈkwoʊt
q/quote.txt	3	f n	quotation	quotâcion -s	K W OW0 T EY1 SH AH0 N	kwoʊˈteɪʃən
q/quote.txt	4	adj	quotable	quótable	K W OW1 T AH0 B AH0 L	ˈkwoʊtəbəl
q/quality.txt	1	m n	quality	qualetie, qualetis	K W AA1 L AH0 T IY0	ˈkwɑləti
q/quality.txt	2	adj	quality	qualety	K W AA1 L AH0 T IY0	ˈkwɑləti
q/quality.txt	3	v	qualify	to qualifae -s -d qualifyhing	K W AA1 L AH0 F AY2	ˈkwɑləˌfaɪ
q/quality.txt	5	adj	qualitative	qualitaitif	K W AA1 L AH0 T EY2 T IH0 V	ˈkwɑləˌteɪtɪv
q/quantity.txt	1	m n	quantity	quantetie, quantetis	K W AA1 N T AH0 T IY0	ˈkwɑntəti
q/quantity.txt	2	v	quantify	to quantifae -s -d quantifyhing	K W AA1 N T IH0 F AY2	ˈkwɑntɪˌfaɪ
q/quantity.txt	3	f n	quantitation	quantitâcion -s		
q/quantity.txt	4	adj	quantitative	quantitaitif	K W AA1 N T IH0 T EY2 T IH0 V	ˈkwɑntɪˌteɪtɪv
q/quoin.txt	1	m n	quoin	quoine, quoins	K W OY1 N	ˈkwɔɪn
q/queen.txt	1	m n	queen	cuine, cuíns	K W IY1 N	ˈkwin
q/queen.txt	2	v	queen	to cuine -s -d -ing	K W IY1 N	ˈkwin
q/queen.txt	3	adj	queenly	cuinely		
q/queen.txt	4	m n	queenhood	cuinehud -s		
q/queue.txt	2	v	queue	to cúe -s -d cúing	K Y UW1	ˈkju
q/quit.txt	1	irv	quit	to qüite qüite(s qüit -ing	K W IH1 T	ˈkwɪt
q/quit.txt	2	m n	quitter	qüitor -s	K W IH1 T ER0	ˈkwɪtɚ
q/quarantine.txt	1	m n	quarantine	quarantine, quaratïns	K W AO1 R AH0 N T IY2 N	ˈkwɔɹənˌtin
q/quarantine.txt	2	v	quarantine	to quarantine -s -d -ing	K W AO1 R AH0 N T IY2 N	ˈkwɔɹənˌtin
q/quirk.txt	1	m n	quirk	cuirc -s	K W ER1 K	ˈkwɝk
q/quirk.txt	2	adj	quirky	cuirchy	K W ER1 K IY0	ˈkwɝki
q/query.txt	1	v	query	to quèrie -s -d quèrying	K W IY1 R IY0	ˈkwiɹi
q/query.txt	2	m n	query	quèrie, quèris	K W IY1 R IY0	ˈkwiɹi
q/Qatar.txt	1	m n	Qatar	Qatre	K AH2 T AA1 R	ˌkʌˈtɑɹ
q/Qatar.txt	2	adj, f n	Qatari	qatári -s		
q/quire.txt	1	m n	quire	quîre, quîars	K W AY1 R	ˈkwaɪɹ
q/quiver.txt	1	v	quiver	to cuivir cuivre(s cuivred cuiviring	K W IH1 V ER0	ˈkwɪvɚ
q/quiver.txt	2	m n	quiver	cuivre, cuivirs	K W IH1 V ER0	ˈkwɪvɚ
q/quiver.txt	3	m n	quiver	cuivre, cuivars	K W IH1 V ER0	ˈkwɪvɚ
q/question.txt	2	v	question	to quaistione -s -d -ing	K W EH1 S CH AH0 N	ˈkwɛstʃən
q/question.txt	2	v	question	to quaistione -s -d -ing	K W EH1 SH AH0 N	ˈkwɛʃən
q/quell.txt	1	v	quell	to cuelle -s -d -ing	K W EH1 L	ˈkwɛl
q/quarter.txt	1	adj, m n	quarter	caurtre, caurtars -ly	K W AO1 R T ER0	ˈkwɔɹtɚ
q/quarter.txt	2	v	quarter	to caurter caurtre(s caurtred caurtering	K W AO1 R T ER0	ˈkwɔɹtɚ
q/quack.txt	1	v	quack	to cuac cuac(s cuached cuaching	K W AE1 K	ˈkwæk
q/quack.txt	2	m n	quack	cuac, cuax	K W AE1 K	ˈkwæk
q/quiet.txt	2	v	quiet	to quîete -s -d -ing	K W AY1 AH0 T	ˈkwaɪət
q/quake.txt	1	v	quake	to cuaic -s cuaiched cuaiching	K W EY1 K	ˈkweɪk
q/quake.txt	2	m n	quake	cuaic, cuaix	K W EY1 K	ˈkweɪk
q/quarrel.txt	1	m n	quarrel	quarele, quarels	K W AO1 R AH0 L	ˈkwɔɹəl
q/quarrel.txt	2	v	quarrel	to quarele -s -d quareling	K W AO1 R AH0 L	ˈkwɔɹəl
q/quill.txt	1	m n	quill	cuille, cuills	K W IH1 L	ˈkwɪl
q/quinoa.txt	1	m n	quinoa	quinua	K IY2 N OW1 AH0	ˌkiˈnoʊə
q/quagmire.txt	1	m n	quagmire	cuagmîre, cuagmîars	K W AE1 G M AY2 ER0	ˈkwæɡˌmaɪɚ
q/quaver.txt	1	v	quaver	to cuâvir cuâvre(s cuâvred cuâviring	K W EY1 V ER0	ˈkweɪvɚ
q/quaver.txt	2	m n	quaver	cuâvre, cuâvirs	K W EY1 V ER0	ˈkweɪvɚ
c/cliche.txt	1	f n	cliche	cliçeie, cliçéis	K L IY0 SH EY1	kliˈʃeɪ
c/coupon.txt	1	m n	coupon	coupon -s	K UW1 P AO2 N	ˈkuˌpɔn
c/coupon.txt	1	m n	coupon	coupon -s	K Y UW1 P AO2 N	ˈkjuˌpɔn
c/colossus.txt	1	f n	colossus	colossus	K AH0 L AA1 S AH0 S	kəˈlɑsəs
c/colossus.txt	2	adj	colossal	colossal	K AH0 L AA1 S AH0 L	kəˈlɑsəl
c/catkin.txt	1	m n	catkin	catchen		
c/clarity.txt	1	m n	clarity	clâretie -is	K L EH1 R AH0 T IY0	ˈklɛɹəti
c/clarity.txt	1	m n	clarity	clâretie -is	K L EH1 R IH0 T IY0	ˈklɛɹɪti
c/climate.txt	1	m n	climate	clîmate, clîmats	K L AY1 M AH0 T	ˈklaɪmət
c/climate.txt	1	m n	climate	clîmate, clîmats	K L AY1 M IH0 T	ˈklaɪmɪt
c/climate.txt	2	adj	climatic	clîmatic	K L AY0 M AE1 T IH0 K	klaɪˈmætɪk
c/climate.txt	3	f n	climatography	clîmatographie		
c/climate.txt	4	adj	climatological	clîmatological		
c/climate.txt	5	f n	climatologist	clîmatologist -s	K L IH2 M AH0 T AA1 L AH0 JH IH0 S T	ˌklɪməˈtɑlədʒɪst
c/climate.txt	5	f n	climatologist	clîmatologist -s	K L AY2 M AH0 T AA1 L AH0 JH IH0 S T	ˌklaɪməˈtɑlədʒɪst
c/climate.txt	6	f n	climatology	clîmatologie		
c/commit.txt	1	v	commit	to comitte -s -d -ing	K AH0 M IH1 T	kəˈmɪt
c/commit.txt	2	f n	committal	comittal -s	K AH0 M IH1 T AH0 L	kəˈmɪtəl
c/commit.txt	3	f n	committee	comittie -is	K AH0 M IH1 T IY0	kəˈmɪti
c/commit.txt	4	f n	commitment	comittement -s	K AH0 M IH1 T M AH0 N T	kəˈmɪtmənt
c/commit.txt	6	v	commission	to comissione -s -d -ing	K AH0 M IH1 SH AH0 N	kəˈmɪʃən
c/cross.txt	1	m n	cross	cross -es	K R AO1 S	ˈkɹɔs
c/cross.txt	2	v	cross	to crosse -s -d -ing	K R AO1 S	ˈkɹɔs
c/citizen.txt	1	m n	citizen	citasan -s	S IH1 T AH0 Z AH0 N	ˈsɪtəzən
c/citizen.txt	1	m n	citizen	citasan -s	S IH1 T IH0 Z AH0 N	ˈsɪtɪzən
c/cling.txt	1	irv	cling	to clingue cling(s clong clinguing	K L IH1 NG	ˈklɪŋ
c/cling.txt	2	adj	clingy	clinghy, clinguiar, clinguiest		
c/cordon.txt	1	m n	cordon	cordene, cordans	K AO1 R D AH0 N	ˈkɔɹdən
c/cordon.txt	2	v	cordon	to cordene -s -d -ing	K AO1 R D AH0 N	ˈkɔɹdən
c/constrain.txt	1	v	constrain	to constraine -s -d -ing	K AH0 N S T R EY1 N	kənˈstɹeɪn
c/constrain.txt	2	f n	constraint	constraînte, constraînts	K AH0 N S T R EY1 N T	kənˈstɹeɪnt
c/constrain.txt	3	f n	constriction	constriccion -s	K AH0 N S T R IH1 K SH AH0 N	kənˈstɹɪkʃən
c/constrain.txt	4	adj	constrictive	constrictif		
c/constrain.txt	5	adj	constringent	constringent		
c/clip.txt	1	v	clip	to clippe clip(s clipped clipping	K L IH1 P	ˈklɪp
c/clip.txt	2	m n	clip	clippe, clips	K L IH1 P	ˈklɪp
c/clip.txt	3	v	clip	to clippe clip(s clipped clipping	K L IH1 P	ˈklɪp
c/clip.txt	4	m n	clip	clippe, clips	K L IH1 P	ˈklɪp
c/chicken.txt	1	m n	chicken	c̃ican -s	CH IH1 K AH0 N	ˈtʃɪkən
c/chicken.txt	2	v	chicken	to c̃icane -s -d -ing	CH IH1 K AH0 N	ˈtʃɪkən
c/character.txt	1	adj, m n	character	câractre, câractars	K EH1 R IH0 K T ER0	ˈkɛɹɪktɚ
c/character.txt	2	adj, m n	character	câractre, câractors	K EH1 R IH0 K T ER0	ˈkɛɹɪktɚ
c/character.txt	3	v	characterize	to câracteryse -s -d -ing	K EH1 R AH0 K T ER0 AY2 Z	ˈkɛɹəktɚˌaɪz
c/character.txt	4	f n	characterization	caracterisâcion -s	K EH2 R AH0 K T ER0 IH0 Z EY1 SH AH0 N	ˌkɛɹəktɚɪˈzeɪʃən
c/character.txt	5	adj, f n	characteristic	caracteristic -s	K EH2 R AH0 K T ER0 IH1 S T IH0 K	ˌkɛɹəktɚˈɪstɪk
c/caterpillar.txt	1	m n	caterpillar	catirpilere, catirpilars	K AE1 T AH0 P IH2 L ER0	ˈkætəˌpɪlɚ
c/caterpillar.txt	1	m n	caterpillar	catirpilere, catirpilars	K AE1 T ER0 P IH2 L ER0	ˈkætɚˌpɪlɚ
c/corral.txt	1	f n	corral	courale, couràls	K ER0 AE1 L	kɚˈæl
c/corral.txt	2	v	corral	to courale -s -d -ing	K ER0 AE1 L	kɚˈæl
c/camp.txt	2	adj	camp	camp	K AE1 M P	ˈkæmp
c/camp.txt	3	adj	campy	campy	K AE1 M P IY0	ˈkæmpi
c/camp.txt	4	v	camp	to campe -s -d -ing	K AE1 M P	ˈkæmp
c/cymbal.txt	1	m n	cymbal	cimble, cimbals	S IH1 M B AH0 L	ˈsɪmbəl
c/cymotrichous.txt	1	adj	cymotrichous	cymotricus		
c/crucial.txt	1	adj	crucial	crúcial	K R UW1 SH AH0 L	ˈkɹuʃəl
c/convalesce.txt	1	v	convalesce	to convalesce -s -d -ing	K AA2 N V AH0 L EH1 S	ˌkɑnvəˈlɛs
c/convalesce.txt	2	adj	convalescent	convalescent	K AA2 N V AH0 L EH1 S AH0 N T	ˌkɑnvəˈlɛsənt
c/convalesce.txt	3	f n	convalescence	convalescence	K AA2 N V AH0 L EH1 S AH0 N S	ˌkɑnvəˈlɛsəns
c/chide.txt	1	v	chide	to c̃oide -s -d -ing	CH AY1 D	ˈtʃaɪd
c/case.txt	1	m n	case	câss -es	K EY1 S	ˈkeɪs
c/case.txt	2	m n	case-work	câss-uerc, câss-uêx	K EY1 S W ER1 K	ˈkeɪˈswɝk
c/case.txt	3	adj, m n	casual	cașual -ness	K AE1 ZH AH0 W AH0 L	ˈkæʒəwəl
c/case.txt	3	adj, m n	casual	cașual -ness	K AE1 ZH W AH0 L	ˈkæʒwəl
c/case.txt	4	adv	casually	cașally	K AE1 ZH AH0 W AH0 L IY0	ˈkæʒəwəli
c/case.txt	4	adv	casually	cașally	K AE1 ZH W AH0 L IY0	ˈkæʒwəli
c/case.txt	5	m n	casualty	cașaltie, cașaltis	K AE1 ZH AH0 W AH0 L T IY0	ˈkæʒəwəlti
c/case.txt	5	m n	casualty	cașaltie, cașaltis	K AE1 ZH W AH0 L T IY0	ˈkæʒwəlti
c/case.txt	5	m n	casualty	cașaltie, cașaltis	K AE1 ZH AH0 L T IY0	ˈkæʒəlti
c/case.txt	6	m n	casuist	cașuist -s		
c/case.txt	7	m n	casuistry	cașuistrie -is		
c/case.txt	9	v	case	to caisse -s -d -ing	K EY1 S	ˈkeɪs
c/case.txt	10	m n	casement	caissement -s		
c/case.txt	11	v	encase	to encaisse -s -d -ing	EH0 N K EY1 S	ɛnˈkeɪs
c/case.txt	12	m n	briefcase	briefcaiss -es	B R IY1 F K EY2 S	ˈbɹifˌkeɪs
c/case.txt	14	m n	case-knife	caiss-nîfe, caiss-nîfs	K EY1 S N AY1 F	ˈkeɪˈsnaɪf
c/case.txt	15	m n	chassis	c̃assis, c̃assies	CH AE1 S IY0	ˈtʃæsi
c/crocodile.txt	1	m n	crocodile	croc, crocodîl -s	K R AA1 K AH0 D AY2 L	ˈkɹɑkəˌdaɪl
c/crocodile.txt	2	f n, adj	crocodilian	crocodillian -s	K R AA2 K AH0 D IH1 L Y AH0 N	ˌkɹɑkəˈdɪljən
c/caricature.txt	2	v	caricature	to câricațure -s -d -ing	K EH1 R AH0 K AH0 CH ER0	ˈkɛɹəkətʃɚ
c/croak.txt	1	v	croak	to croac -s croached croaching	K R OW1 K	ˈkɹoʊk
c/croak.txt	2	m n	croak	croac, croax	K R OW1 K	ˈkɹoʊk
c/catalogue.txt	1	m n	catalogue	catalogue, catalogs	K AE1 T AH0 L AO2 G	ˈkætəˌlɔɡ
c/catalogue.txt	2	v	catalogue	to catalogue catalog(s catalogued cataloguing	K AE1 T AH0 L AO2 G	ˈkætəˌlɔɡ
c/convey.txt	1	v	convey	to conveie -s -d conveying	K AH0 N V EY1	kənˈveɪ
c/convey.txt	2	f n	conveyance	convéyance -s	K AH0 N V EY1 AH0 N S	kənˈveɪəns
c/convey.txt	3	f n	convey	conveyer -s	K AH0 N V EY1	kənˈveɪ
c/convey.txt	3	f n	conveyor	conveyer -s	K AH0 N V EY1 ER0	kənˈveɪɚ
c/converse.txt	1	v	converse	to converse -s -d -ing	K AA1 N V ER0 S	ˈkɑnvɚs
c/converse.txt	1	v	converse	to converse -s -d -ing	K AH0 N V ER1 S	kənˈvɝs
c/converse.txt	2	adj, m n	converse	converse -s	K AA1 N V ER0 S	ˈkɑnvɚs
c/converse.txt	2	adj, m n	converse	converse -s	K AH0 N V ER1 S	kənˈvɝs
c/crab.txt	1	m n	crab	crabe, crabs	K R AE1 B	ˈkɹæb
c/chock.txt	1	m n	chock	c̃oc, c̃ox	CH AA1 K	ˈtʃɑk
c/chock.txt	2	adj	chock-full	c̃ocful	CH AA1 K F UH1 L	ˈtʃɑkˈfʊl
c/confess.txt	1	v	confess	to confesse -s -d -ing	K AH0 N F EH1 S	kənˈfɛs
c/confess.txt	3	f n	confessional	confessional -s	K AH0 N F EH1 SH AH0 N AH0 L	kənˈfɛʃənəl
c/chaos.txt	2	adj	chaotic	câotic -ly	K EY0 AA1 T IH0 K	keɪˈɑtɪk
c/curriculum.txt	1	f n	curriculum	curriculom -s	K ER0 IH1 K Y AH0 L AH0 M	kɚˈɪkjələm
c/crack.txt	1	v	crack	to crac -s crached craching	K R AE1 K	ˈkɹæk
c/crack.txt	2	m n	crack	crac, crax	K R AE1 K	ˈkɹæk
c/crack.txt	3	v	crackle	to crachle -s -d -ing	K R AE1 K AH0 L	ˈkɹækəl
c/crack.txt	4	m n	crackle	crachle, crachels	K R AE1 K AH0 L	ˈkɹækəl
c/component.txt	1	f n	component	component -s	K AH0 M P OW1 N AH0 N T	kəmˈpoʊnənt
c/component.txt	2	adj	component	component	K AH0 M P OW1 N AH0 N T	kəmˈpoʊnənt
c/censor.txt	1	v	censor	to censure -s -d -ing	S EH1 N S ER0	ˈsɛnsɚ
c/censor.txt	3	adj	censorial	censórial		
c/censor.txt	4	adj	censorious	censorieus		
c/censor.txt	5	m n	censorship	censorscip	S EH1 N S ER0 SH IH2 P	ˈsɛnsɚˌʃɪp
c/carol.txt	1	m n	carol	cârole, cârols	K AE1 R AH0 L	ˈkæɹəl
c/carol.txt	1	m n	carol	cârole, cârols	K EH1 R AH0 L	ˈkɛɹəl
c/carol.txt	2	v	carol	to cârole -s -d -ing	K AE1 R AH0 L	ˈkæɹəl
c/carol.txt	2	v	carol	to cârole -s -d -ing	K EH1 R AH0 L	ˈkɛɹəl
c/chimney.txt	1	m n	chimney	c̃imnie, c̃imnis	CH IH1 M N IY0	ˈtʃɪmni
c/contend.txt	1	v	contend	to contende -s -d -ing	K AH0 N T EH1 N D	kənˈtɛnd
c/contend.txt	2	f n	contention	contencion -s	K AH0 N T EH1 N SH AH0 N	kənˈtɛnʃən
c/contend.txt	3	adj	contentious	contenceus	K AH0 N T EH1 N SH AH0 S	kənˈtɛnʃəs
c/curry.txt	1	v	curry	to corrie -s -d corrying	K AH1 R IY0	ˈkʌɹi
c/curry.txt	1	v	curry	to corrie -s -d corrying	K ER1 IY0	ˈkɝi
c/curry.txt	2	m n	curry	carie, caris	K AH1 R IY0	ˈkʌɹi
c/curry.txt	2	m n	curry	carie, caris	K ER1 IY0	ˈkɝi
c/curry.txt	3	v	curry	to carie -s -d -ing	K AH1 R IY0	ˈkʌɹi
c/curry.txt	3	v	curry	to carie -s -d -ing	K ER1 IY0	ˈkɝi
c/contrary.txt	1	f n	contrarian	contrârian -s	K AA2 N T R EH1 R IY0 AH0 N	ˌkɑnˈtɹɛɹiən
c/contrary.txt	2	adj	contrary	contrairy	K AA1 N T R EH0 R IY0	ˈkɑntɹɛɹi
c/contrary.txt	2	adj	contrary	contrairy	K AH0 N T R EH1 R IY0	kənˈtɹɛɹi
c/contrary.txt	3	adv	contrarily	contrârily		
c/contrary.txt	4	m n	contrary	contrarie -is	K AA1 N T R EH0 R IY0	ˈkɑntɹɛɹi
c/contrary.txt	4	m n	contrary	contrarie -is	K AH0 N T R EH1 R IY0	kənˈtɹɛɹi
c/cable.txt	2	v	cable	to câble -s -d -ing	K EY1 B AH0 L	ˈkeɪbəl
c/China.txt	1	m n	China	C̃oina	CH AY1 N AH0	ˈtʃaɪnə
c/China.txt	2	adj	Chinese	c̃oinise	CH AY0 N IY1 Z	tʃaɪˈniz
c/China.txt	3	f n	Chinese	C̃oinise	CH AY0 N IY1 Z	tʃaɪˈniz
c/confirm.txt	1	v	confirm	to confême -s -d -ing	K AH0 N F ER1 M	kənˈfɝm
c/confirm.txt	2	adj	confirmative	confêmatif		
c/confirm.txt	3	f n	confirmation	confirmâcion -s	K AA2 N F ER0 M EY1 SH AH0 N	ˌkɑnfɚˈmeɪʃən
c/chord.txt	1	m n	chord	corde, cords	K AO1 R D	ˈkɔɹd
c/chord.txt	2	v	chord	to corde -s -d -ing	K AO1 R D	ˈkɔɹd
c/cocoa.txt	1	m n	coco	coaco	K OW1 K OW2	ˈkoʊˌkoʊ
c/cocoa.txt	1	m n	cocoa	coaco	K OW1 K OW0	ˈkoʊkoʊ
c/confound.txt	1	v	confound	to confônde -s -d -ing	K AA0 N F AW1 N D	kɑnˈfaʊnd
c/confound.txt	1	v	confound	to confônde -s -d -ing	K AA1 N F AW2 N D	ˈkɑnˌfaʊnd
c/confound.txt	1	v	confound	to confônde -s -d -ing	K AH0 N F AW1 N D	kənˈfaʊnd
c/confound.txt	2	v	confound	to dombfônde -s -d -ing	K AA0 N F AW1 N D	kɑnˈfaʊnd
c/confound.txt	2	v	confound	to dombfônde -s -d -ing	K AA1 N F AW2 N D	ˈkɑnˌfaʊnd
c/confound.txt	2	v	confound	to dombfônde -s -d -ing	K AH0 N F AW1 N D	kənˈfaʊnd
c/cheap.txt	1	adj	cheap	c̃eip -ar -est	CH IY1 P	ˈtʃip
c/cheap.txt	2	m n	chapman	c̃apman	CH AE1 P M AH0 N	ˈtʃæpmən
c/clever.txt	1	adj	clever	clever	K L EH1 V ER0	ˈklɛvɚ
c/cast.txt	1	irv	cast	to caste -s cast -ing	K AE1 S T	ˈkæst
c/cast.txt	2	m n	cast	caste, casts	K AE1 S T	ˈkæst
c/cast.txt	3	m n	caste	càste, càsts	K AE1 S T	ˈkæst
c/carton.txt	1	m n	carton	carton -s	K AA1 R T AH0 N	ˈkɑɹtən
c/cider.txt	1	m n	cider	cîdre, cîdars	S AY1 D ER0	ˈsaɪdɚ
c/California.txt	1	f n	California	Califórnia	K AE2 L AH0 F AO1 R N Y AH0	ˌkæləˈfɔɹnjə
c/California.txt	2	adj, f n	Californian	califórnian -s	K AE2 L IH0 F AO1 R N Y AH0 N	ˌkælɪˈfɔɹnjən
c/core.txt	1	m n	core	core, cors	K AO1 R	ˈkɔɹ
c/core.txt	2	v	core	to core -s -d -ing	K AO1 R	ˈkɔɹ
c/cheat.txt	1	v	cheat	to c̃eite -s -d -ing	CH IY1 T	ˈtʃit
c/cheat.txt	2	m n	cheater	c̃eiter -s	CH IY1 T ER0	ˈtʃitɚ
c/cheat.txt	3	m n	cheat	c̃eite, c̃eits	CH IY1 T	ˈtʃit
c/cedar.txt	1	m n	cedar	cídre, cídars	S IY1 D ER0	ˈsidɚ
c/chauffeur.txt	1	f n	chauffeur	ceauffeur -s	SH OW0 F ER1	ʃoʊˈfɝ
c/chauffeur.txt	1	f n	chauffeur	ceauffeur -s	SH OW1 F ER0	ˈʃoʊfɚ
c/chauffeur.txt	2	v	chauffeur	to ceauffêr ceauffê(s ceauffêd ceauffêring	SH OW0 F ER1	ʃoʊˈfɝ
c/chauffeur.txt	2	v	chauffeur	to ceauffêr ceauffê(s ceauffêd ceauffêring	SH OW1 F ER0	ˈʃoʊfɚ
c/common.txt	1	adj	common	common -ly	K AA1 M AH0 N	ˈkɑmən
c/common.txt	4	f n	commonalty	commonaletie -is		
c/common.txt	4	f n	commonality	commonaletie -is	K AA2 M AH0 N AE1 L AH0 T IY0	ˌkɑməˈnæləti
c/cage.txt	2	v	cage	to câge -s -d -ing	K EY1 JH	ˈkeɪdʒ
c/codeine.txt	1	m n	codeine	códine		
c/console.txt	1	v	console	to console -s -d -ing	K AA1 N S OW0 L	ˈkɑnsoʊl
c/console.txt	1	v	console	to console -s -d -ing	K AH0 N S OW1 L	kənˈsoʊl
c/champion.txt	2	v	champion	to c̃ampione -s -d -ing	CH AE1 M P IY0 AH0 N	ˈtʃæmpiən
c/champion.txt	3	m n	championship	c̃ampionscip -s	CH AE1 M P IY0 AH0 N SH IH2 P	ˈtʃæmpiənˌʃɪp
c/ceiling.txt	1	m n	ceiling	ceiling -s	S IY1 L IH0 NG	ˈsilɪŋ
c/congregate.txt	1	v	congregate	to congregait -s -ed -ing	K AA1 NG G R AH0 G EY2 T	ˈkɑŋɡɹəˌɡeɪt
c/congregate.txt	2	m n	congregate	congregate, congregats	K AA1 NG G R AH0 G EY2 T	ˈkɑŋɡɹəˌɡeɪt
c/congregate.txt	3	f n	congregation	congregâcion -s	K AA2 NG G R AH0 G EY1 SH AH0 N	ˌkɑŋɡɹəˈɡeɪʃən
c/congregate.txt	4	adj	congregational	congregâcional	K AA2 NG G R AH0 G EY1 SH AH0 N AH0 L	ˌkɑŋɡɹəˈɡeɪʃənəl
c/congregate.txt	5	f n	Congregationalist	congregâcionalist -s		
c/conceive.txt	1	v	conceive	to conceive -s -d -ing	K AH0 N S IY1 V	kənˈsiv
c/conceive.txt	2	adj	conceivable	conceivable -y	K AH0 N S IY1 V AH0 B AH0 L	kənˈsivəbəl
c/conceive.txt	3	f n	conceit	conceite, conceits	K AH0 N S IY1 T	kənˈsit
c/conceive.txt	4	adj	conceptual	concepţual	K AH0 N S EH1 P CH UW0 AH0 L	kənˈsɛptʃuəl
c/conceive.txt	5	adv	conceptually	conceptially	K AH0 N S EH1 P CH UW0 AH0 L IY0	kənˈsɛptʃuəli
c/conceive.txt	6	v	conceptualize	to conceptialyse -s -d -ing	K AH0 N S EH1 P CH W AH0 L AY2 Z	kənˈsɛptʃwəˌlaɪz
c/conceive.txt	7	m n	concept	concept, conceps	K AA1 N S EH0 P T	ˈkɑnsɛpt
c/conceive.txt	8	f n	conception	conception -s	K AH0 N S EH1 P SH AH0 N	kənˈsɛpʃən
c/conceive.txt	9	adj	conceptive	conceptif -vly		
c/chemistry.txt	1	adj, m n	chemical	chemical -s	K EH1 M AH0 K AH0 L	ˈkɛməkəl
c/chemistry.txt	1	adj, m n	chemical	chemical -s	K EH1 M IH0 K AH0 L	ˈkɛmɪkəl
c/chemistry.txt	2	adv	chemically	chemicly	K EH1 M AH0 K L IY0	ˈkɛməkli
c/chemistry.txt	3	m n	chemistry	chemistrie -is	K EH1 M AH0 S T R IY0	ˈkɛməstɹi
c/chemistry.txt	3	m n	chemistry	chemistrie -is	K EH1 M IH0 S T R IY0	ˈkɛmɪstɹi
c/cot.txt	1	m n	cot	cotte, cots	K AA1 T	ˈkɑt
c/cot.txt	2	m n	cottage	cottage -s	K AA1 T AH0 JH	ˈkɑtədʒ
c/cot.txt	2	m n	cottage	cottage -s	K AA1 T IH0 JH	ˈkɑtɪdʒ
c/cot.txt	3	m n	cot	cáte, cáts	K AA1 T	ˈkɑt
c/carve.txt	1	v	carve	to carve -s -d -ing	K AA1 R V	ˈkɑɹv
c/crown.txt	1	m n	crown	crône, crôns	K R AW1 N	ˈkɹaʊn
c/crown.txt	2	v	crown	to crône -s -d -ing	K R AW1 N	ˈkɹaʊn
c/chalk.txt	2	v	chalk	to c̃auche c̃auc(s -d -ing	CH AA1 K	ˈtʃɑk
c/chalk.txt	2	v	chalk	to c̃auche c̃auc(s -d -ing	CH AO1 K	ˈtʃɔk
c/clutter.txt	1	v	clutter	to clotir clotre(s clotred clotiring	K L AH1 T ER0	ˈklʌtɚ
c/clutter.txt	2	m n	clutter	clotre	K L AH1 T ER0	ˈklʌtɚ
c/cotton.txt	1	adj, m n	cotton	cotton	K AA1 T AH0 N	ˈkɑtən
c/cotton.txt	1	adj, m n	cotton	cotton	K AO1 T AH0 N	ˈkɔtən
c/cotton.txt	2	v	cotton	to cottone -s -d -ing	K AA1 T AH0 N	ˈkɑtən
c/cotton.txt	2	v	cotton	to cottone -s -d -ing	K AO1 T AH0 N	ˈkɔtən
c/currant.txt	1	m n	currant	curant -s		
c/cud.txt	1	m n	cud	cudde		
c/compute.txt	1	f n	computer	computeor -s	K AH0 M P Y UW1 T ER0	kəmˈpjutɚ
c/compute.txt	2	v	compute	to compute -s -d -ing	K AH0 M P Y UW1 T	kəmˈpjut
c/compute.txt	3	f n	computation	computâcion -s	K AA2 M P Y AH0 T EY1 SH AH0 N	ˌkɑmpjəˈteɪʃən
c/compute.txt	4	adj	computational	computâcional -ly	K AA2 M P Y UW0 T EY1 SH AH0 N AH0 L	ˌkɑmpjuˈteɪʃənəl
c/compute.txt	5	v	computerize	to computeryse -s -d -ing	K AH0 M P Y UW1 T ER0 AY2 Z	kəmˈpjutɚˌaɪz
c/compute.txt	6	f n	computerization	computerisâcion -s	K AH0 M P Y UW2 T ER0 IH0 Z EY1 SH AH0 N	kəmˌpjutɚɪˈzeɪʃən
c/career.txt	1	f n	career	carire, cariers	K ER0 IH1 R	kɚˈɪɹ
c/career.txt	2	v	career	to carier carire(s carired cariering	K ER0 IH1 R	kɚˈɪɹ
c/career.txt	3	m n	car	carre, cars	K AA1 R	ˈkɑɹ
c/career.txt	4	v	careen	to carine -s -d -ing	K ER0 IY1 N	kɚˈin
c/cup.txt	1	m n	cup	cuppe, cups	K AH1 P	ˈkʌp
c/cup.txt	2	v	cup	to cuppe cup(s -d -ing	K AH1 P	ˈkʌp
c/can.txt	1	modal, aux	can	can, coûd, can't, coûdn't	K AE1 N	ˈkæn
c/can.txt	1	modal, aux	can	can, coûd, can't, coûdn't	K AH0 N	kən
c/can.txt	1	modal, aux	could	can, coûd, can't, coûdn't	K UH1 D	ˈkʊd
c/can.txt	1	modal, aux	can't	can, coûd, can't, coûdn't	K AE1 N T	ˈkænt
c/can.txt	1	modal, aux	couldn't	can, coûd, can't, coûdn't	K UH1 D AH0 N T	ˈkʊdənt
c/can.txt	1	modal, aux	couldn't	can, coûd, can't, coûdn't	K UH1 D AH0 N	ˈkʊdən
c/can.txt	2	m n	can	cane, cans	K AE1 N	ˈkæn
c/can.txt	2	m n	can	cane, cans	K AH0 N	kən
c/can.txt	3	v	can	to cane -s -d -ing	K AE1 N	ˈkæn
c/can.txt	3	v	can	to cane -s -d -ing	K AH0 N	kən
c/callous.txt	1	adj	callous	caleus	K AE1 L AH0 S	ˈkæləs
c/canal.txt	1	f n	canal	canale, canàls	K AH0 N AE1 L	kəˈnæl
c/cure.txt	1	m n	cure	cure, cúrs	K Y UH1 R	ˈkjʊɹ
c/cure.txt	2	v	cure	to cure -s -d -ing	K Y UH1 R	ˈkjʊɹ
c/cure.txt	3	adj	curative	cúratif -vly -ness	K Y UH1 R AH0 T IH0 V	ˈkjʊɹətɪv
c/cure.txt	4	f n	curation	curâcion -s		
c/catastrophe.txt	1	f n	catastrophe	catàstrophie -is	K AH0 T AE1 S T R AH0 F IY0	kəˈtæstɹəfi
c/catastrophe.txt	2	adj	catastrophic	catastrophic -ly	K AE2 T AH0 S T R AA1 F IH0 K	ˌkætəˈstɹɑfɪk
c/covet.txt	1	v	covet	to covete -s -d -ing	K AH1 V AH0 T	ˈkʌvət
c/clash.txt	1	v	clash	to clasce -s -d -ing	K L AE1 SH	ˈklæʃ
c/clash.txt	2	m n	clash	clasce -s	K L AE1 SH	ˈklæʃ
c/construe.txt	1	v	construe	to constreue -s -d -ing	K AH0 N S T R UW1	kənˈstɹu
c/chip.txt	1	m n	chip	c̃ippe, c̃ips	CH IH1 P	ˈtʃɪp
c/chip.txt	2	v	chip	to c̃ippe c̃ip(s c̃ipped c̃ipping	CH IH1 P	ˈtʃɪp
c/cobble.txt	1	m n	cobble	cobble, cobbels	K AA1 B AH0 L	ˈkɑbəl
c/cobble.txt	2	v	cobble	to cobble -s -d -ing	K AA1 B AH0 L	ˈkɑbəl
c/cripple.txt	1	m n	cripple	cripple, crippels	K R IH1 P AH0 L	ˈkɹɪpəl
c/cripple.txt	2	v	cripple	to cripple -s -d -ing	K R IH1 P AH0 L	ˈkɹɪpəl
c/cove.txt	1	m n	cove	coave -s	K OW1 V	ˈkoʊv
c/commodify.txt	1	v	commodify	to commodifae -s -d -yhing		
c/commodify.txt	2	f n	commodification	commodificâcion -s		
c/commodify.txt	3	f n	commodity	commodetie -is	K AH0 M AA1 D AH0 T IY0	kəˈmɑdəti
c/coppice.txt	1	m n	coppice	coppice -s		
c/coppice.txt	2	m n	coppice	copse -s		
c/chirp.txt	1	v	chirp	to c̃irpe -s -d -ing	CH ER1 P	ˈtʃɝp
c/chirp.txt	2	m n	chirp	c̃irpe, c̃irps	CH ER1 P	ˈtʃɝp
c/chirp.txt	3	adj	chirpy	c̃irpy	CH ER1 P IY0	ˈtʃɝpi
c/care.txt	2	v	care	to caire -s -d -ing	K EH1 R	ˈkɛɹ
c/crawl.txt	1	v	crawl	to cralle -s -d -ing	K R AO1 L	ˈkɹɔl
c/crawl.txt	2	m n	crawl	cralle, cralls	K R AO1 L	ˈkɹɔl
c/chain.txt	1	m n	chain	c̃aine, c̃ains	CH EY1 N	ˈtʃeɪn
c/chain.txt	2	v	chain	to c̃aine -s -d -ing	CH EY1 N	ˈtʃeɪn
c/concert.txt	1	m n	concert	concert -s	K AA1 N S ER0 T	ˈkɑnsɚt
c/concert.txt	1	m n	concert	concert -s	K AH0 N S ER1 T	kənˈsɝt
c/concert.txt	2	v	concert	to concerte -s -d -ing	K AA1 N S ER0 T	ˈkɑnsɚt
c/concert.txt	2	v	concert	to concerte -s -d -ing	K AH0 N S ER1 T	kənˈsɝt
c/comfort.txt	1	v	comfort	to comforte -s -d -ing	K AH1 M F ER0 T	ˈkʌmfɚt
c/comfort.txt	2	m n	comfort	comfort -s	K AH1 M F ER0 T	ˈkʌmfɚt
c/comfort.txt	3	adj	comfortable	comftrable	K AH1 M F ER0 T AH0 B AH0 L	ˈkʌmfɚtəbəl
c/comfort.txt	4	adj	comfy	comfy	K AH1 M F IY0	ˈkʌmfi
c/convert.txt	1	v	convert	to converte -s -d -ing	K AA1 N V ER0 T	ˈkɑnvɚt
c/convert.txt	1	v	convert	to converte -s -d -ing	K AH0 N V ER1 T	kənˈvɝt
c/convert.txt	2	m n	convert	convert -s	K AA1 N V ER0 T	ˈkɑnvɚt
c/convert.txt	2	m n	convert	convert -s	K AH0 N V ER1 T	kənˈvɝt
c/cycle.txt	1	m n	cycle	cŷcle, cŷculs	S AY1 K AH0 L	ˈsaɪkəl
c/cycle.txt	2	v	cycle	to cŷcle -s -d -ing	S AY1 K AH0 L	ˈsaɪkəl
c/cycle.txt	3	adj	cyclic	cyclic -ly	S AY1 K L IH0 K	ˈsaɪklɪk
c/cycle.txt	4	adj	cyclical	cyclical	S AY1 K L IH0 K AH0 L	ˈsaɪklɪkəl
c/cycle.txt	4	adj	cyclical	cyclical	S IH1 K L IH0 K AH0 L	ˈsɪklɪkəl
c/concuss.txt	1	v	concuss	to concusse -s -d -ing		
c/concuss.txt	2	f n	concussion	concussion -s	K AH0 N K AH1 SH AH0 N	kənˈkʌʃən
c/concuss.txt	3	f n, adj	concussive	concussif -vly		
c/collect.txt	1	v	collect	to collecte -s -d -ing	K AH0 L EH1 K T	kəˈlɛkt
c/collect.txt	2	f n	collector	collecteor -s	K AH0 L EH1 K T ER0	kəˈlɛktɚ
c/collect.txt	3	adj	collectible	collectable -y	K AH0 L EH1 K T AH0 B AH0 L	kəˈlɛktəbəl
c/collect.txt	5	adj	collective	collectif -vly	K AH0 L EH1 K T IH0 V	kəˈlɛktɪv
c/collect.txt	6	v	collectivize	to collectivyse -s -d -ing	K AH0 L EH1 K T IH0 V AY2 Z	kəˈlɛktɪˌvaɪz
c/collect.txt	7	f n	collectivism	collectivism	K AH0 L EH1 K T IH0 V IH2 Z AH0 M	kəˈlɛktɪˌvɪzəm
c/clerk.txt	1	m n	clerk	clerc -s	K L ER1 K	ˈklɝk
c/clerk.txt	2	v	clerk	to clerc -s clerched clerching	K L ER1 K	ˈklɝk
c/crud.txt	1	m n	crud	creud	K R AH1 D	ˈkɹʌd
c/canopy.txt	1	m n	canopy	canopie, canopis	K AE1 N AH0 P IY0	ˈkænəpi
c/crank.txt	2	v	crank	to crânche crânc(s -d -ing	K R AE1 NG K	ˈkɹæŋk
c/crank.txt	3	adj	cranky	crânchy -ily -iar -iest	K R AE1 NG K IY0	ˈkɹæŋki
c/compensate.txt	1	v	compensate	to compensait -s -ed -ing	K AA1 M P AH0 N S EY2 T	ˈkɑmpənˌseɪt
c/compensate.txt	2	f n	compensation	compensâcion -s	K AA2 M P AH0 N S EY1 SH AH0 N	ˌkɑmpənˈseɪʃən
c/compensate.txt	4	adj	compensatory	compensatory	K AH0 M P EH1 N S AH0 T AO2 R IY0	kəmˈpɛnsəˌtɔɹi
c/composite.txt	1	f n	composite	composit -s	K AH0 M P AA1 Z AH0 T	kəmˈpɑzət
c/composite.txt	1	f n	composite	composit -s	K AA0 M P AA1 Z AH0 T	kɑmˈpɑzət
c/composite.txt	2	f n	composition	composicion -s	K AA2 M P AH0 Z IH1 SH AH0 N	ˌkɑmpəˈzɪʃən
c/counter.txt	1	v	counter	to cônter côntre(s côntred côntering	K AW1 N T ER0	ˈkaʊntɚ
c/counter.txt	2	m n	counter	cônter -s	K AW1 N T ER0	ˈkaʊntɚ
c/counter.txt	3	m n	counter	côntre, côntars	K AW1 N T ER0	ˈkaʊntɚ
c/context.txt	1	m n	context	context -s	K AA1 N T EH0 K S T	ˈkɑntɛkst
c/context.txt	2	adj	contextual	contex̦ual	K AA2 N T EH1 K S CH UW2 AH0 L	ˌkɑnˈtɛksˌtʃuəl
c/context.txt	3	v	contextualize	to contex̦ualyse -s -d -ing		
c/crust.txt	1	m n	crust	cruste, crusts	K R AH1 S T	ˈkɹʌst
c/crust.txt	2	v	crust	to cruste -s -d -ing	K R AH1 S T	ˈkɹʌst
c/crust.txt	3	adj	crusty	crusty	K R AH1 S T IY0	ˈkɹʌsti
c/crust.txt	4	f n	crustacea	crustâcia		
c/crust.txt	5	adj	crustacean	crustâcian	K R AH0 S T EY1 SH AH0 N	kɹəˈsteɪʃən
c/crust.txt	6	f n	crustacean	crustâcian -s	K R AH0 S T EY1 SH AH0 N	kɹəˈsteɪʃən
c/crust.txt	7	adj	crustaceous	crustâceus	K R AH0 S T EY1 SH AH0 S	kɹəˈsteɪʃəs
c/contribute.txt	1	v	contribute	to contrïbute -s -d -ing	K AH0 N T R IH1 B Y UW0 T	kənˈtɹɪbjut
c/contribute.txt	2	f n	contributor	contrïbutor -s	K AH0 N T R IH1 B Y AH0 T ER0	kənˈtɹɪbjətɚ
c/contribute.txt	3	adj	contributory	contrïbutory	K AH0 N T R IH1 B Y AH0 T AO2 R IY0	kənˈtɹɪbjəˌtɔɹi
c/contribute.txt	4	adv	contributorily	contributórily		
c/contribute.txt	5	adj	contributorial	contributórial -ly		
c/contribute.txt	7	adj	contributive	contrïbutif  -vly		
c/compete.txt	1	v	compete	to compite -s -d -ing	K AH0 M P IY1 T	kəmˈpit
c/compete.txt	2	f n	competition	competicion -s	K AA2 M P AH0 T IH1 SH AH0 N	ˌkɑmpəˈtɪʃən
c/compete.txt	3	adj	competitive	compètitif -vly	K AH0 M P EH1 T AH0 T IH0 V	kəmˈpɛtətɪv
c/compete.txt	3	adj	competitive	compètitif -vly	K AH0 M P EH1 T IH0 T IH0 V	kəmˈpɛtɪtɪv
c/compete.txt	5	adj	competitory	compètitory		
c/compete.txt	7	m n	competence	competence -s	K AA1 M P AH0 T IH0 N S	ˈkɑmpətɪns
c/compete.txt	8	m n	competency	competencie -is	K AA1 M P AH0 T IH0 N S IY0	ˈkɑmpətɪnsi
c/crude.txt	1	adj	crude	crude -ly -ness	K R UW1 D	ˈkɹud
c/collier.txt	1	m n	collier	collier -s	K AA1 L Y ER0	ˈkɑljɚ
c/collier.txt	2	m n	colliery	collierie, collieris		
c/cock.txt	1	m n	cock	coc, cocs	K AA1 K	ˈkɑk
c/cock.txt	2	v	cock	to coc -s coched coching	K AA1 K	ˈkɑk
c/cock.txt	3	m n	cockerel	coquerele, coquerels		
c/chore.txt	1	m n	charwoman	c̃aure, c̃aurs	CH AA1 R W UH0 M AH0 N	ˈtʃɑɹwʊmən
c/charity.txt	1	m n	charity	c̃eretie, c̃eretis	CH EH1 R IH0 T IY0	ˈtʃɛɹɪti
c/ceremony.txt	1	m n	ceremony	ceremonie, ceremonis	S EH1 R AH0 M OW2 N IY0	ˈsɛɹəˌmoʊni
c/ceremony.txt	2	adj	ceremonial	ceremónial	S EH2 R AH0 M OW1 N IY0 AH0 L	ˌsɛɹəˈmoʊniəl
c/ceremony.txt	3	f n	ceremonial	ceremónial -s	S EH2 R AH0 M OW1 N IY0 AH0 L	ˌsɛɹəˈmoʊniəl
c/ceremony.txt	4	adj	ceremonious	ceremonieus -ly		
c/callus.txt	1	m n	callus	calus -es	K AE1 L AH0 S	ˈkæləs
c/cop.txt	1	m n	copper	coppe, cops	K AA1 P ER0	ˈkɑpɚ
c/cretin.txt	1	m n	cretin	crietan -s	K R IY1 T AH0 N	ˈkɹitən
c/cooperate.txt	1	v	cooperate	to cuoperait -s -ed -ing	K OW0 AA1 P ER0 EY2 T	koʊˈɑpɚˌeɪt
c/cooperate.txt	1	v	cooperate	to cuoperait -s -ed -ing	K W AA1 P ER0 EY2 T	ˈkwɑpɚˌeɪt
c/cooperate.txt	2	f n	cooperation	cuoperâcion -s	K OW0 AA2 P ER0 EY1 SH AH0 N	koʊˌɑpɚˈeɪʃən
c/cooperate.txt	2	f n	cooperation	cuoperâcion -s	K W AA2 P ER0 EY1 SH AH0 N	ˌkwɑpɚˈeɪʃən
c/cooperate.txt	2	f n	cooperation	cuoperâcion -s	K W AO2 P ER0 EY1 SH AH0 N	ˌkwɔpɚˈeɪʃən
c/cooperate.txt	3	adj	cooperative	cuopratif -vly	K OW0 AA1 P ER0 EY2 T IH0 V	koʊˈɑpɚˌeɪtɪv
c/crypt.txt	1	m n	crypt	crypte, crypts	K R IH1 P T	ˈkɹɪpt
c/crypt.txt	2	f n	cryptography	cryptographie, cryptographis		
c/crypt.txt	3	adj	cryptic	cryptic	K R IH1 P T IH0 K	ˈkɹɪptɪk
c/congress.txt	1	m n	congress	congress -es	K AA1 NG G R AH0 S	ˈkɑŋɡɹəs
c/congress.txt	2	f n	congression	congression -s		
c/congress.txt	3	adj	congressional	congressional -ly	K AH0 N G R EH1 SH AH0 N AH0 L	kənˈɡɹɛʃənəl
c/congress.txt	4	m n	congressman	congressman, congressmen	K AA1 NG G R AH0 S M AH0 N	ˈkɑŋɡɹəsmən
c/cinch.txt	1	m n	cinch	cinc̃e -s	S IH1 N CH	ˈsɪntʃ
c/cinch.txt	2	v	cinch	to cinc̃e -s -d -ing	S IH1 N CH	ˈsɪntʃ
c/cease.txt	1	v	cease	to ceisse -s -d -ing	S IY1 S	ˈsis
c/cease.txt	2	m n	cease	ceiss -es	S IY1 S	ˈsis
c/cease.txt	3	f n	cessation	cessâcion -s	S EH2 S EY1 SH AH0 N	ˌsɛˈseɪʃən
c/consist.txt	1	v	consist	to consiste -s -d -ing	K AH0 N S IH1 S T	kənˈsɪst
c/consist.txt	2	adj	consistent	consistent	K AH0 N S IH1 S T AH0 N T	kənˈsɪstənt
c/consist.txt	3	f n	consistence	consistence	K AH0 N S IH1 S T AH0 N S	kənˈsɪstəns
c/consist.txt	4	f n	consistency	consistencie	K AH0 N S IH1 S T AH0 N S IY0	kənˈsɪstənsi
c/culture.txt	1	m n	culture	culțure, culțurs	K AH1 L CH ER0	ˈkʌltʃɚ
c/culture.txt	2	v	culture	to culțure -s -d -ing	K AH1 L CH ER0	ˈkʌltʃɚ
c/culture.txt	3	adj	cultural	culțural	K AH1 L CH ER0 AH0 L	ˈkʌltʃɚəl
c/campaign.txt	1	f n	campaign	campaigne, campaigns	K AE0 M P EY1 N	kæmˈpeɪn
c/campaign.txt	2	v	campaign	to campaigne -s -d -ing	K AE0 M P EY1 N	kæmˈpeɪn
c/campaign.txt	3	f n	champagne	ciampaigne, ciampaigns	SH AE0 M P EY1 N	ʃæmˈpeɪn
c/campaign.txt	3	f n	champaign	ciampaigne, ciampaigns	CH AE0 M P EY1 N	tʃæmˈpeɪn
c/compile.txt	1	v	compile	to compîle -s -d -ing	K AH0 M P AY1 L	kəmˈpaɪl
c/compile.txt	2	f n	compilation	compilâcion -s	K AA2 M P AH0 L EY1 SH AH0 N	ˌkɑmpəˈleɪʃən
c/conduct.txt	1	v	conduct	to conducte conducs -d -ing	K AA1 N D AH0 K T	ˈkɑndəkt
c/conduct.txt	1	v	conduct	to conducte conducs -d -ing	K AA0 N D AH1 K T	kɑnˈdʌkt
c/conduct.txt	2	f n	conductor	conducteor -s	K AH0 N D AH1 K T ER0	kənˈdʌktɚ
c/conduct.txt	3	f n	conduction	conduccion -s	K AH0 N D AH1 K SH AH0 N	kənˈdʌkʃən
c/consequent.txt	1	m n	consequence	conseqüence -s	K AA1 N S AH0 K W AH0 N S	ˈkɑnsəkwəns
c/consequent.txt	2	adj	consequent	conseqüent	K AA1 N S AH0 K W AH0 N T	ˈkɑnsəkwənt
c/consequent.txt	3	adv	consequently	conseqüently	K AA1 N S AH0 K W AH0 N T L IY0	ˈkɑnsəkwəntli
c/consequent.txt	3	adv	consequently	conseqüently	K AA1 N S AH0 K W EH2 N T L IY0	ˈkɑnsəˌkwɛntli
c/cabbage.txt	1	m n	cabbage	cabage -s	K AE1 B AH0 JH	ˈkæbədʒ
c/cabbage.txt	1	m n	cabbage	cabage -s	K AE1 B IH0 JH	ˈkæbɪdʒ
c/canary.txt	1	adj, f n	canary	canâry, canârie -is	K AH0 N EH1 R IY0	kəˈnɛɹi
c/conserve.txt	1	v	conserve	to consêve -s -d -ing	K AH0 N S ER1 V	kənˈsɝv
c/conserve.txt	2	adj	conservative	consêvatif -vly	K AH0 N S ER1 V AH0 T IH0 V	kənˈsɝvətɪv
c/conserve.txt	3	f n	conservative	consêvatif -s	K AH0 N S ER1 V AH0 T IH0 V	kənˈsɝvətɪv
c/conserve.txt	4	f n	conservation	conservâcion -s	K AA2 N S ER0 V EY1 SH AH0 N	ˌkɑnsɚˈveɪʃən
c/conserve.txt	5	f n	conservancy	consêvancie -is	K AH0 N S ER1 V AH0 N S IY0	kənˈsɝvənsi
c/caution.txt	3	adj	cautious	cauceus -sly	K AO1 SH AH0 S	ˈkɔʃəs
c/caution.txt	4	adj	cautionary	caucionairy	K AO1 SH AH0 N EH2 R IY0	ˈkɔʃəˌnɛɹi
c/chariot.txt	1	m n	chariot	c̃ariot -s	CH EH1 R IY0 AH0 T	ˈtʃɛɹiət
c/chariot.txt	2	f n	charioteer	c̃ariotire, c̃ariotiers		
c/cruel.txt	1	adj	cruel	cruel -ar -est	K R UW1 AH0 L	ˈkɹuəl
c/cruel.txt	1	adj	cruel	cruel -ar -est	K R UW1 L	ˈkɹul
c/cruel.txt	2	m n	cruelty	crueltie -is	K R UW1 L T IY0	ˈkɹulti
c/cruel.txt	2	m n	cruelty	crueltie -is	K R UW1 AH0 L T IY0	ˈkɹuəlti
c/chuff.txt	1	m n	chuff	c̃uffe, c̃uffs		
c/chuff.txt	2	v	chuff	to c̃uffe -s -d -ing		
c/courier.txt	1	m n	courier	cûriere, cûriors	K ER1 IY0 ER0	ˈkɝiɚ
c/courier.txt	2	v	courier	to cûriere -s -d cûriering	K ER1 IY0 ER0	ˈkɝiɚ
c/chauvinism.txt	1	m n	chauvinism	ceauvinism	SH OW1 V AH0 N IH2 Z AH0 M	ˈʃoʊvəˌnɪzəm
c/chauvinism.txt	2	m n	chauvinist	ceauvinist -s	SH OW1 V AH0 N AH0 S T	ˈʃoʊvənəst
c/chimpanzee.txt	1	f n, m n	chimpanzee	c̃impanzie, c̃impanzís; c̃impe, c̃imps	CH IH0 M P AE1 N Z IY0	tʃɪmˈpænzi
c/confect.txt	1	v	confect	to confecte confecs -d - ing	K AH0 N F EH1 K T	kənˈfɛkt
c/confect.txt	2	f n	confection	confeccion -s	K AH0 N F EH1 K SH AH0 N	kənˈfɛkʃən
c/confect.txt	3	f n	confectioner	confeccioner -s	K AH0 N F EH1 K SH AH0 N ER0	kənˈfɛkʃənɚ
c/confect.txt	4	adj	confectionary	confeccionairy	K AH0 N F EH1 K SH AH0 N EH2 R IY0	kənˈfɛkʃəˌnɛɹi
c/confect.txt	5	f n	confectionery	confeccionarie, confeccionaris	K AH0 N F EH1 K SH AH0 N EH2 R IY0	kənˈfɛkʃəˌnɛɹi
c/confect.txt	6	f n	confetti	confettie	K AH0 N F EH1 T IY0	kənˈfɛti
c/clown.txt	1	m n	clown	clône, clôns	K L AW1 N	ˈklaʊn
c/clown.txt	2	v	clown	to clône -s -d -ing	K L AW1 N	ˈklaʊn
c/cheetah.txt	1	m n	cheetah	c̃ieta -s	CH IY1 T AH0	ˈtʃitə
c/condemn.txt	1	v	condemn	to condemne -s -d -ing	K AH0 N D EH1 M	kənˈdɛm
c/condemn.txt	2	f n	condemnation	condemnâcion -s	K AA2 N D AH0 M N EY1 SH AH0 N	ˌkɑndəmˈneɪʃən
c/condemn.txt	3	adj	condemnatory	condèmnatory		
c/chameleon.txt	1	f n	chameleon	camiellion -s	K AH0 M IY1 L IY0 AH0 N	kəˈmiliən
c/covey.txt	1	m n	covey	covie, covis	K AH1 V IY0	ˈkʌvi
c/coin.txt	1	m n	coin	coine, coins	K OY1 N	ˈkɔɪn
c/coin.txt	2	v	coin	to coine -s -d -ing	K OY1 N	ˈkɔɪn
c/condone.txt	1	v	condone	to condone -s -d -ing	K AH0 N D OW1 N	kənˈdoʊn
c/condone.txt	2	f n	condonation	condonâcion -s		
c/cash.txt	1	m n	cash	casce	K AE1 SH	ˈkæʃ
c/cash.txt	2	v	cash	to casce  -s -d -ing	K AE1 SH	ˈkæʃ
c/compact.txt	1	v	compact	to compacte compacs -d -ing	K AA1 M P AE0 K T	ˈkɑmpækt
c/compact.txt	1	v	compact	to compacte compacs -d -ing	K AH0 M P AE1 K T	kəmˈpækt
c/compact.txt	2	m n	compact	compact, compacs	K AA1 M P AE0 K T	ˈkɑmpækt
c/compact.txt	2	m n	compact	compact, compacs	K AH0 M P AE1 K T	kəmˈpækt
c/compact.txt	3	adj	compact	compàct	K AA1 M P AE0 K T	ˈkɑmpækt
c/compact.txt	3	adj	compact	compàct	K AH0 M P AE1 K T	kəmˈpækt
c/compact.txt	4	f n	compaction	compaccion -s		
c/compact.txt	5	f n	compactness	compacteness	K AH0 M P AE1 K T N AH0 S	kəmˈpæktnəs
c/castor.txt	1	m n	castor	castre	K AE1 S T ER0	ˈkæstɚ
c/controversy.txt	1	m n	controversy	controversie -is	K AA1 N T R AH0 V ER2 S IY0	ˈkɑntɹəˌvɝsi
c/controversy.txt	2	adj	controversial	controvêrsial -ly	K AA2 N T R AH0 V ER1 SH AH0 L	ˌkɑntɹəˈvɝʃəl
c/curtsy.txt	1	m n	courtesy	courtesie, courtesis	K ER1 T AH0 S IY0	ˈkɝtəsi
c/curtsy.txt	2	adj	courteous	courtieus -sly	K ER1 T IY0 AH0 S	ˈkɝtiəs
c/curtsy.txt	3	m n	curtsy	courtsie, courtsis	K ER1 T S IY0	ˈkɝtsi
c/curtsy.txt	4	v	curtsy	to courtsie -s -d courtsying	K ER1 T S IY0	ˈkɝtsi
c/cascade.txt	2	v	cascade	to cascâde -s -d -ing	K AE0 S K EY1 D	kæˈskeɪd
c/chuckle.txt	1	v	chuckle	to c̃uchle -s -d -ing	CH AH1 K AH0 L	ˈtʃʌkəl
c/chuckle.txt	2	m n	chuckle	c̃uchle, c̃uchels	CH AH1 K AH0 L	ˈtʃʌkəl
c/channel.txt	1	m n	channel	c̃anele, c̃anels	CH AE1 N AH0 L	ˈtʃænəl
c/channel.txt	2	v	channel	to c̃anele -s -d -ing	CH AE1 N AH0 L	ˈtʃænəl
c/cynic.txt	1	m n	cynic	cynic -s	S IH1 N IH0 K	ˈsɪnɪk
c/cynic.txt	2	adv	cynically	cynichly	S IH1 N IH0 K AH0 L IY0	ˈsɪnɪkəli
c/cynic.txt	2	adv	cynically	cynichly	S IH1 N IH0 K L IY0	ˈsɪnɪkli
c/cynic.txt	3	adj	cynical	cynical	S IH1 N IH0 K AH0 L	ˈsɪnɪkəl
c/cynic.txt	4	m n	cynicism	cynicism	S IH1 N IH0 S IH2 Z AH0 M	ˈsɪnɪˌsɪzəm
c/camel.txt	1	m n	camel	camle, camels	K AE1 M AH0 L	ˈkæməl
c/cave.txt	2	m n	cavity	cavetie, cavetis	K AE1 V AH0 T IY0	ˈkævəti
c/cave.txt	3	v	cave	to câve -s -d -ing	K EY1 V	ˈkeɪv
c/cave.txt	4	m n	cavern	caverne, caverns	K AE1 V ER0 N	ˈkævɚn
c/cave.txt	5	adj	cavernous	cavernus	K AE1 V ER0 N AH0 S	ˈkævɚnəs
c/cypress.txt	1	m n	cypress	cŷpress -es	S AY1 P R AH0 S	ˈsaɪpɹəs
c/cypress.txt	1	m n	cypress	cŷpress -es	S AY1 P R IH0 S	ˈsaɪpɹɪs
c/coven.txt	1	m n	coven	covene, covins	K AH1 V AH0 N	ˈkʌvən
c/coven.txt	1	m n	coven	covene, covins	K OW1 V AH0 N	ˈkoʊvən
c/certain.txt	2	adv	certainly	certainly	S ER1 T AH0 N L IY0	ˈsɝtənli
c/certain.txt	3	adj	uncertain	uncêrtain	AH0 N S ER1 T AH0 N	ənˈsɝtən
c/certain.txt	4	m n	certainty	certantie -is	S ER1 T AH0 N T IY0	ˈsɝtənti
c/casserole.txt	1	m n	casserole	casserole, casserols	K AE1 S ER0 OW2 L	ˈkæsɚˌoʊl
c/chink.txt	1	m n	chink	c̃inc -s	CH IH1 NG K	ˈtʃɪŋk
c/coffin.txt	1	m n	coffin	coffin -s	K AO1 F IH0 N	ˈkɔfɪn
c/change.txt	1	v	change	to c̃ainge -s -d -ing	CH EY1 N JH	ˈtʃeɪndʒ
c/change.txt	4	v	interchange	to interc̃ainge -s -d -ing	IH2 N T ER0 CH EY1 N JH	ˌɪntɚˈtʃeɪndʒ
c/change.txt	4	v	interchange	to interc̃ainge -s -d -ing	IH2 N ER0 CH EY1 N JH	ˌɪnɚˈtʃeɪndʒ
c/change.txt	6	f n	exchange	exc̃ainge -s	IH0 K S CH EY1 N JH	ɪksˈtʃeɪndʒ
c/change.txt	7	v	exchange	to exc̃ainge -s -d -ing	IH0 K S CH EY1 N JH	ɪksˈtʃeɪndʒ
c/compare.txt	1	v	compare	to compaire -s -d -ing	K AH0 M P EH1 R	kəmˈpɛɹ
c/compare.txt	3	f n	comparison	compaîrasson -s	K AH0 M P EH1 R AH0 S AH0 N	kəmˈpɛɹəsən
c/compare.txt	4	adj	comparative	compaîratif -vly	K AH0 M P EH1 R AH0 T IH0 V	kəmˈpɛɹətɪv
c/convolve.txt	1	v	convolve	to convolve -s -d -ing		
c/convolve.txt	2	v	convolute	to convolute -s -d -ing	K AA1 N V AH0 L UW2 T	ˈkɑnvəˌlut
c/convolve.txt	3	f n	convolution	convolúcion	K AA1 N V AH0 L UW2 SH AH0 N	ˈkɑnvəˌluʃən
c/court.txt	1	m n	court	corte, corts	K AO1 R T	ˈkɔɹt
c/court.txt	2	v	court	to corte -s -d -ing	K AO1 R T	ˈkɔɹt
c/cyberspace.txt	1	m n	cyberspace	cyberspâce -s	S AY1 B ER0 S P EY2 S	ˈsaɪbɚˌspeɪs
c/compound.txt	1	v	compound	to compônde -s -d -ing	K AA1 M P AW0 N D	ˈkɑmpaʊnd
c/compound.txt	1	v	compound	to compônde -s -d -ing	K AH0 M P AW1 N D	kəmˈpaʊnd
c/credit.txt	1	m n	credit	crèdit -s	K R EH1 D AH0 T	ˈkɹɛdət
c/credit.txt	1	m n	credit	crèdit -s	K R EH1 D IH0 T	ˈkɹɛdɪt
c/credit.txt	2	v	credit	to crèdit -s -ed -ing	K R EH1 D AH0 T	ˈkɹɛdət
c/credit.txt	2	v	credit	to crèdit -s -ed -ing	K R EH1 D IH0 T	ˈkɹɛdɪt
c/clue.txt	1	m n	clew	cleue, cleus		
c/clue.txt	1	m n	clue	cleue, cleus	K L UW1	ˈklu
c/clue.txt	2	v	clue	to cleue -s -d -ing	K L UW1	ˈklu
c/cashmere.txt	1	f n	Cashmere	Cașmire	K AE1 ZH M IH0 R	ˈkæʒmɪɹ
c/cashmere.txt	1	f n	Kashmir	Cașmire	K AE1 SH M IH0 R	ˈkæʃmɪɹ
c/cashmere.txt	1	f n	Kashmir	Cașmire	K AE1 SH M IY0 R	ˈkæʃmiɹ
c/cashmere.txt	2	adj, f n	Kashmiri	Cașmíri	K AE0 SH M IY1 R IY0	kæʃˈmiɹi
c/cashmere.txt	3	f n	Kashmirian	Cașmírian		
c/cashmere.txt	4	adj, m n	cassimere	cașmire		
c/cashmere.txt	4	adj, m n	cashmere	cașmire	K AE1 ZH M IH0 R	ˈkæʒmɪɹ
c/current.txt	1	adj, m n	current	courent -s -ly	K ER1 AH0 N T	ˈkɝənt
c/current.txt	1	adj, m n	current	courent -s -ly	K ER1 N T	ˈkɝnt
c/current.txt	1	adj, m n	current	courent -s -ly	K AA1 R AH0 N T	ˈkɑɹənt
c/current.txt	2	m n	currency	courencie -is	K ER1 AH0 N S IY0	ˈkɝənsi
c/contagious.txt	1	adj	contagious	contâgeus -ly -ness	K AH0 N T EY1 JH AH0 S	kənˈteɪdʒəs
c/curl.txt	1	m n	curl	curle, curls	K ER1 L	ˈkɝl
c/curl.txt	2	v	curl	to curle -s -d -ing	K ER1 L	ˈkɝl
c/curl.txt	3	adj	curly	curly	K ER1 L IY0	ˈkɝli
c/color.txt	1	m n	color	color -s	K AH1 L ER0	ˈkʌlɚ
c/color.txt	1	m n	color	color -s	K AO1 L ER0	ˈkɔlɚ
c/color.txt	2	v	color	to colore -s -d -ing	K AH1 L ER0	ˈkʌlɚ
c/color.txt	2	v	color	to colore -s -d -ing	K AO1 L ER0	ˈkɔlɚ
c/color.txt	3	adj	colorful	colorful	K AH1 L ER0 F AH0 L	ˈkʌlɚfəl
c/color.txt	4	adj	colorless	colorless -ly	K AH1 L ER0 L AH0 S	ˈkʌlɚləs
c/color.txt	5	adj	colorific	colorific		
c/club.txt	1	m n	club	clubbe, clubs	K L AH1 B	ˈklʌb
c/club.txt	2	v	club	to clubbe club(s clubbed clubbing	K L AH1 B	ˈklʌb
c/crease.txt	1	v	crease	to criesse -s -d -ing	K R IY1 S	ˈkɹis
c/crease.txt	2	m n	crease	criess -es	K R IY1 S	ˈkɹis
c/cradle.txt	1	m n	cradle	crâdle, crâduls	K R EY1 D AH0 L	ˈkɹeɪdəl
c/cradle.txt	2	v	cradle	to crâdle -s -d -ing	K R EY1 D AH0 L	ˈkɹeɪdəl
c/cinder.txt	1	m n	cinder	cindre, cindars	S IH1 N D ER0	ˈsɪndɚ
c/cattle.txt	1	m n	cattle	cattle, cattels	K AE1 T AH0 L	ˈkætəl
c/cook.txt	1	m n	cook	côc, queox	K UH1 K	ˈkʊk
c/cook.txt	2	v	cook	to côc -s côched côching	K UH1 K	ˈkʊk
c/cook.txt	3	m n	cookbook	côc-bôc	K UH1 K B UH2 K	ˈkʊkˌbʊk
c/collage.txt	1	f n	collage	colláge -s	K AH0 L AA1 ZH	kəˈlɑʒ
c/collage.txt	2	v	collage	to colláge -s -d -ing	K AH0 L AA1 ZH	kəˈlɑʒ
c/carry.txt	1	v	carry	to cârie -s -d cârying	K AE1 R IY0	ˈkæɹi
c/carry.txt	1	v	carry	to cârie -s -d cârying	K EH1 R IY0	ˈkɛɹi
c/carry.txt	2	m n	carry	cârie, câris	K AE1 R IY0	ˈkæɹi
c/carry.txt	2	m n	carry	cârie, câris	K EH1 R IY0	ˈkɛɹi
c/climb.txt	1	v	climb	to clîme -s -d -ing	K L AY1 M	ˈklaɪm
c/climb.txt	2	m n	climb	clîme, clîms	K L AY1 M	ˈklaɪm
c/contact.txt	1	m n	contact	contact, contacs	K AA1 N T AE2 K T	ˈkɑnˌtækt
c/contact.txt	2	v	contact	to contacte -s -d -ing	K AA1 N T AE2 K T	ˈkɑnˌtækt
c/coffee.txt	1	m n	coffee	caufie -is	K AA1 F IY0	ˈkɑfi
c/coffee.txt	1	m n	coffee	caufie -is	K AO1 F IY0	ˈkɔfi
c/credence.txt	1	m n	credence	cridence	K R IY1 D AH0 N S	ˈkɹidəns
c/credence.txt	2	adj, f n	credential	credencial -s	K R IH0 D EH1 N SH AH0 L	kɹɪˈdɛnʃəl
c/credence.txt	2	adj, f n	credential	credencial -s	K R AH0 D EH1 N SH AH0 L	kɹəˈdɛnʃəl
c/camouflage.txt	1	m n	camouflage	camoflage	K AE1 M AH0 F L AA2 ZH	ˈkæməˌflɑʒ
c/camouflage.txt	2	v	camouflage	to camoflage -s -d -ing	K AE1 M AH0 F L AA2 ZH	ˈkæməˌflɑʒ
c/clothe.txt	3	v	clothe	to cloaþe -s -d -ing	K L OW1 DH	ˈkloʊð
c/chivvy.txt	1	v	Chevy Chase	to c̃ivie -s -d -ing	SH EH1 V IY2 CH EY1 S	ˈʃɛˌviˈtʃeɪs
c/crayfish.txt	1	m n	crayfish	creyfisce, crayfisce, craufisce -s	K R EY1 F IH0 SH	ˈkɹeɪfɪʃ
c/crayfish.txt	1	m n	crawfish	creyfisce, crayfisce, craufisce -s	K R AO1 F IH2 SH	ˈkɹɔˌfɪʃ
c/clinic.txt	1	m n	clinic	clinic -s	K L IH1 N IH0 K	ˈklɪnɪk
c/clinic.txt	2	adj	clinical	clinical	K L IH1 N AH0 K AH0 L	ˈklɪnəkəl
c/clinic.txt	2	adj	clinical	clinical	K L IH1 N IH0 K AH0 L	ˈklɪnɪkəl
c/column.txt	1	m n	column	colome, coloms	K AA1 L AH0 M	ˈkɑləm
c/column.txt	2	adj	columnar	colomnar		
c/column.txt	3	m n	columnist	colomnist -s	K AA1 L AH0 M N AH0 S T	ˈkɑləmnəst
c/cushion.txt	1	m n	cushion	cûssion -s	K UH1 SH AH0 N	ˈkʊʃən
c/cushion.txt	2	v	cushion	to cûssione -s -d -ing	K UH1 SH AH0 N	ˈkʊʃən
c/clap.txt	1	v	clap	to clape -s -d -ing	K L AE1 P	ˈklæp
c/clap.txt	2	m n	clap	clape, claps	K L AE1 P	ˈklæp
c/constellation.txt	1	f n	constellation	constellâcion -s	K AA2 N S T AH0 L EY1 SH AH0 N	ˌkɑnstəˈleɪʃən
c/clamber.txt	1	v	clamber	to clambir clambre(s clambred clambiring	K L AE1 M B ER0	ˈklæmbɚ
c/clamber.txt	2	m n	clamber	clambre	K L AE1 M B ER0	ˈklæmbɚ
c/challenge.txt	1	v	challenge	to c̃alenge -s -d -ing	CH AE1 L AH0 N JH	ˈtʃæləndʒ
c/challenge.txt	2	m n	challenge	c̃alenge -s	CH AE1 L AH0 N JH	ˈtʃæləndʒ
c/challenge.txt	3	m n	challenger	c̃alengior -s	CH AE1 L AH0 N JH ER0	ˈtʃæləndʒɚ
c/challenge.txt	3	m n	challenger	c̃alengior -s	CH AE1 L IH0 N JH ER0	ˈtʃælɪndʒɚ
c/cow.txt	1	m n	cow	côe, côus	K AW1	ˈkaʊ
c/cow.txt	2	m n	calf	càfe, càfs	K AE1 F	ˈkæf
c/cow.txt	2	m n	calves	càfe, càfs	K AE1 V Z	ˈkævz
c/cow.txt	3	v	calve	to càve -s -d -ing		
c/cow.txt	4	v	cow	to caûe -s -d -ing	K AW1	ˈkaʊ
c/cackle.txt	1	v	cackle	to cachle -s -d -ing	K AE1 K AH0 L	ˈkækəl
c/cackle.txt	2	m n	cackle	cachle, cachels	K AE1 K AH0 L	ˈkækəl
c/cane.txt	2	v	cane	to câne -s -d -ing	K EY1 N	ˈkeɪn
c/curse.txt	1	m n	curse	curse -s	K ER1 S	ˈkɝs
c/curse.txt	2	v	curse	to curse -s -d -ing	K ER1 S	ˈkɝs
c/curse.txt	3	v	curse	to cusse -s -d -ing	K ER1 S	ˈkɝs
c/curse.txt	3	v	cuss	to cusse -s -d -ing	K AH1 S	ˈkʌs
c/curse.txt	4	m n, adj	cuss	cuss -es	K AH1 S	ˈkʌs
c/crook.txt	1	m n	crook	crôc, creox	K R UH1 K	ˈkɹʊk
c/crook.txt	2	adj, m n	crooked	crôchid	K R UH1 K AH0 D	ˈkɹʊkəd
c/cake.txt	2	v	cake	to caic -s caiched caiching	K EY1 K	ˈkeɪk
c/contract.txt	1	v	contract	to contracte contracs -d -ing	K AA1 N T R AE2 K T	ˈkɑnˌtɹækt
c/contract.txt	1	v	contract	to contracte contracs -d -ing	K AH0 N T R AE1 K T	kənˈtɹækt
c/contract.txt	2	v	contract	to contracte contracs -d -ing	K AA1 N T R AE2 K T	ˈkɑnˌtɹækt
c/contract.txt	2	v	contract	to contracte contracs -d -ing	K AH0 N T R AE1 K T	kənˈtɹækt
c/contract.txt	7	adj	contractual	contracţual	K AH0 N T R AE1 K CH UW0 AH0 L	kənˈtɹæktʃuəl
c/contract.txt	8	adv	contractually	contraccially	K AH0 N T R AE1 K CH UW0 AH0 L IY0	kənˈtɹæktʃuəli
c/craven.txt	1	adj	craven	crâvan	K R EY1 V AH0 N	ˈkɹeɪvən
c/chiaroscuro.txt	1	f n	chiaroscuro	chiaroscúro		
c/chiaroscuro.txt	2	f n	chiaroscurist	chiaroscúrist -s		
c/curious.txt	1	adj	curious	curieus -ly	K Y UH1 R IY0 AH0 S	ˈkjʊɹiəs
c/curious.txt	2	f n	curiosity	curiossetie -is	K Y UH2 R IY0 AA1 S AH0 T IY0	ˌkjʊɹiˈɑsəti
c/consolidate.txt	1	v	consolidate	to consolidait -s -ed -ing	K AH0 N S AA1 L IH0 D EY2 T	kənˈsɑlɪˌdeɪt
c/consolidate.txt	2	f n	consolidation	consolidâcion -s	K AH0 N S AA2 L AH0 D EY1 SH AH0 N	kənˌsɑləˈdeɪʃən
c/crazy.txt	1	v	craze	to crâse -s -d -ing	K R EY1 Z	ˈkɹeɪz
c/crazy.txt	2	f n	craze	crâse -s	K R EY1 Z	ˈkɹeɪz
c/crazy.txt	3	adj	crazy	crâsy	K R EY1 Z IY0	ˈkɹeɪzi
c/cannot.txt	1	v	cannot	cannot	K AE1 N AA0 T	ˈkænɑt
c/cannot.txt	1	v	cannot	cannot	K AH0 N AA1 T	kəˈnɑt
c/curt.txt	1	adj	curt	curt	K ER1 T	ˈkɝt
c/curt.txt	2	v	curtail	to curtaile -s -d -ing	K ER0 T EY1 L	kɚˈteɪl
c/curt.txt	3	f n	curtailment	curtailement -s	K ER0 T EY1 L M AH0 N T	kɚˈteɪlmənt
c/command.txt	1	v	command	to comande -s -d -ing	K AH0 M AE1 N D	kəˈmænd
c/command.txt	2	adj, f n	command	comande, comànds	K AH0 M AE1 N D	kəˈmænd
c/command.txt	4	f n	commander	comander -s	K AH0 M AE1 N D ER0	kəˈmændɚ
c/command.txt	5	v	commandeer	to comandier comandire(s comandired comandiering	K AA2 M AH0 N D IH1 R	ˌkɑmənˈdɪɹ
c/command.txt	6	f n	commandment	comandement -s	K AH0 M AE1 N D M AH0 N T	kəˈmændmənt
c/charm.txt	1	m n	charm	c̃arme, c̃arms	CH AA1 R M	ˈtʃɑɹm
c/charm.txt	2	v	charm	to c̃arme -s -d -ing	CH AA1 R M	ˈtʃɑɹm
c/covenant.txt	2	v	covenant	to covenante -s -d -ing	K AH1 V AH0 N AH0 N T	ˈkʌvənənt
c/conflate.txt	1	v	conflate	to conflâte -s -d -ing	K AH0 N F L EY1 T	kənˈfleɪt
c/conflate.txt	2	m n	conflate	conflâte, conflâts	K AH0 N F L EY1 T	kənˈfleɪt
c/conflate.txt	3	f n	conflation	conflâcion -s	K AH0 N F L EY1 SH AH0 N	kənˈfleɪʃən
c/cavort.txt	1	v	cavort	to cavôrte -s -d -ing	K AH0 V AO1 R T	kəˈvɔɹt
c/compatible.txt	1	adj	compatible	compatible	K AH0 M P AE1 T AH0 B AH0 L	kəmˈpætəbəl
c/compatible.txt	2	f n	compatibility	compatebilitie, compatebilitis	K AH0 M P AE2 T AH0 B IH1 L AH0 T IY2	kəmˌpætəˈbɪləˌti
c/chasm.txt	1	m n	chasm	casme, casms	K AE1 Z AH0 M	ˈkæzəm
c/crow.txt	1	m n	crow	croe, croas	K R OW1	ˈkɹoʊ
c/crow.txt	2	v	crow	to croe -s -d crouing	K R OW1	ˈkɹoʊ
c/crake.txt	1	m n	crake	craic, craix		
c/conjure.txt	1	v	conjure	to conjure -s -d -ing	K AA1 N JH ER0	ˈkɑndʒɚ
c/conjure.txt	2	f n	conjuration	conjurâcion -s		
c/conjure.txt	3	m n	conjurer	conjuror -s	K AA1 N JH AH0 R AH2 R	ˈkɑndʒəˌɹʌɹ
c/cough.txt	2	v	cough	to cohfe -s -d -ing	K AA1 F	ˈkɑf
c/cough.txt	2	v	cough	to cohfe -s -d -ing	K AO1 F	ˈkɔf
c/crystal.txt	1	m n	crystal	cristal -s	K R IH1 S T AH0 L	ˈkɹɪstəl
c/crystal.txt	2	adj	crystal	cristal	K R IH1 S T AH0 L	ˈkɹɪstəl
c/cue.txt	1	m n	cue	cúe, cús	K Y UW1	ˈkju
c/cue.txt	2	v	cue	to cúe -s -d cúing	K Y UW1	ˈkju
c/carnal.txt	2	f n	carnality	carnaletie -is		
c/close.txt	1	v	close	to close -s -d -ing	K L OW1 S	ˈkloʊs
c/close.txt	1	v	close	to close -s -d -ing	K L OW1 Z	ˈkloʊz
c/close.txt	2	m n	close	close	K L OW1 S	ˈkloʊs
c/close.txt	2	m n	close	close	K L OW1 Z	ˈkloʊz
c/close.txt	3	adj	close	clóss -ar -est	K L OW1 S	ˈkloʊs
c/close.txt	3	adj	close	clóss -ar -est	K L OW1 Z	ˈkloʊz
c/close.txt	4	adv	close	clóssly	K L OW1 S	ˈkloʊs
c/close.txt	4	adv	close	clóssly	K L OW1 Z	ˈkloʊz
c/close.txt	5	m n	closure	cloșure, cloșurs	K L OW1 ZH ER0	ˈkloʊʒɚ
c/close.txt	6	m n	closet	clòsete, clòsets	K L AA1 Z AH0 T	ˈklɑzət
c/crush.txt	1	v	crush	to crosce -s -d -ing	K R AH1 SH	ˈkɹʌʃ
c/crush.txt	2	m n	crush	crosce -s	K R AH1 SH	ˈkɹʌʃ
c/congratulate.txt	1	v	congratulate	to congraţulait -s -ed -ing	K AH0 N G R AE1 CH AH0 L EY2 T	kənˈɡɹætʃəˌleɪt
c/congratulate.txt	2	f n	congratulation	congraţulâcion -s	K AH0 N G R AE2 CH AH0 L EY1 SH AH0 N	kənˌɡɹætʃəˈleɪʃən
c/congratulate.txt	3	f n	congratulation	congràts	K AH0 N G R AE2 CH AH0 L EY1 SH AH0 N	kənˌɡɹætʃəˈleɪʃən
c/congratulate.txt	3	f n	congrats	congràts	K AH0 N G R AE1 T S	kənˈɡɹæts
c/catapult.txt	1	m n	catapult	catapult -s	K AE1 T AH0 P AH2 L T	ˈkætəˌpʌlt
c/catapult.txt	2	v	catapult	to catapulte -s -d -ing	K AE1 T AH0 P AH2 L T	ˈkætəˌpʌlt
c/chai.txt	1	m n	chai	c̃ae, c̃ais	CH AY1	ˈtʃaɪ
c/category.txt	1	m n	category	catigorie -is	K AE1 T AH0 G AO2 R IY0	ˈkætəˌɡɔɹi
c/category.txt	2	adj	categorical	catigórical	K AE2 T AH0 G AA1 R IH0 K AH0 L	ˌkætəˈɡɑɹɪkəl
c/category.txt	2	adj	categorical	catigórical	K AE2 T AH0 G AO1 R IH0 K AH0 L	ˌkætəˈɡɔɹɪkəl
c/category.txt	3	v	categorize	to catigoryse -s -d -ing	K AE1 T AH0 G ER0 AY2 Z	ˈkætəɡɚˌaɪz
c/category.txt	4	f n	categorization	catigorisâcion -s	K AE2 T AH0 G ER0 IH0 Z EY1 SH AH0 N	ˌkætəɡɚɪˈzeɪʃən
c/coerce.txt	1	v	coerce	to coèrce -s -d -ing	K OW0 ER1 S	koʊˈɝs
c/coerce.txt	3	adj	coercive	coèrcif	K OW0 ER1 S IH0 V	koʊˈɝsɪv
c/chump.txt	1	m n	chump	c̃ompe, c̃omps	CH AH1 M P	ˈtʃʌmp
c/counsel.txt	1	m n	counsel	cônsele, cônsels	K AW1 N S AH0 L	ˈkaʊnsəl
c/counsel.txt	2	v	counsel	to cônsele -s -d -ing	K AW1 N S AH0 L	ˈkaʊnsəl
c/counsel.txt	3	m n	counselor	cônselor -s	K AW1 N S AH0 L ER0	ˈkaʊnsəlɚ
c/cabin.txt	1	m n	cabin	cabin -s	K AE1 B AH0 N	ˈkæbən
c/cabin.txt	2	m n	cabinet	cabenete, cabenets	K AE1 B AH0 N AH0 T	ˈkæbənət
c/cabin.txt	2	m n	cabinet	cabenete, cabenets	K AE1 B N AH0 T	ˈkæbnət
c/comprehend.txt	1	v	comprehend	to comprihende -s -d -ing	K AA2 M P R IY0 HH EH1 N D	ˌkɑmpɹiˈhɛnd
c/comprehend.txt	2	adj	comprehensive	comprihènsif -vly	K AA2 M P R IY0 HH EH1 N S IH0 V	ˌkɑmpɹiˈhɛnsɪv
c/comprehend.txt	3	f n	comprehension	comprihènsion	K AA2 M P R IY0 HH EH1 N SH AH0 N	ˌkɑmpɹiˈhɛnʃən
c/comprehend.txt	4	adj	comprehensible	comprihènsible	K AA2 M P R IY0 HH EH1 N S AH0 B AH0 L	ˌkɑmpɹiˈhɛnsəbəl
c/comprehend.txt	5	adj	comprehendible	comprihèndible		
c/calm.txt	1	adj	calm	calm -ar -est	K AA1 M	ˈkɑm
c/calm.txt	1	adj	calm	calm -ar -est	K AA1 L M	ˈkɑlm
c/calm.txt	2	v	calm	to calme -s -d -ing	K AA1 M	ˈkɑm
c/calm.txt	2	v	calm	to calme -s -d -ing	K AA1 L M	ˈkɑlm
c/calm.txt	3	m n	calm	calme, calms	K AA1 M	ˈkɑm
c/calm.txt	3	m n	calm	calme, calms	K AA1 L M	ˈkɑlm
c/center.txt	1	v	center	to center centre(s centred centering	S EH1 N T ER0	ˈsɛntɚ
c/center.txt	1	v	center	to center centre(s centred centering	S EH1 N ER0	ˈsɛnɚ
c/center.txt	2	m n	centre	centre, centars	S EH1 N T ER0	ˈsɛntɚ
c/center.txt	2	m n	center	centre, centars	S EH1 N T ER0	ˈsɛntɚ
c/center.txt	2	m n	center	centre, centars	S EH1 N ER0	ˈsɛnɚ
c/center.txt	4	f n	centrality	centraletie -is	S EH0 N T AE1 L IH0 T IY0	sɛnˈtælɪti
c/center.txt	5	v	centralize	to centralyse -s -d -ing	S EH1 N T R AH0 L AY2 Z	ˈsɛntɹəˌlaɪz
c/center.txt	6	f n	centralization	centralisâcion -s	S EH2 N T R AH0 L IH0 Z EY1 SH AH0 N	ˌsɛntɹəlɪˈzeɪʃən
c/conscience.txt	2	adj	conscientious	consçienteus -sly	K AA2 N SH IY0 EH1 N SH AH0 S	ˌkɑnʃiˈɛnʃəs
c/conscience.txt	3	adj	conscionable	conscionable -y		
c/conscience.txt	4	adj	conscious	consçeus -ly -ness	K AA1 N SH AH0 S	ˈkɑnʃəs
c/conscience.txt	5	obs, adj	conscient	consçent		
c/cede.txt	1	v	cede	to cide -s -d -ing	S IY1 D	ˈsid
c/cone.txt	2	m n	conifer	conifre, conifirs	K AA1 N AH0 F ER0	ˈkɑnəfɚ
c/cone.txt	3	adj	coniferous	coniferus	K AH0 N IH1 F ER0 AH0 S	kəˈnɪfɚəs
c/carcass.txt	1	m n	carcass	carcass -es	K AA1 R K AH0 S	ˈkɑɹkəs
c/contain.txt	1	v	contain	to conteine -s -d -ing	K AH0 N T EY1 N	kənˈteɪn
c/contain.txt	2	f n	container	conteiner -s	K AH0 N T EY1 N ER0	kənˈteɪnɚ
c/contain.txt	3	adj	containable	contéinable		
c/contain.txt	4	f n	containment	contéinment -s	K AH0 N T EY1 N M AH0 N T	kənˈteɪnmənt
c/cement.txt	1	f n	cement	cemente, cemènts	S AH0 M EH1 N T	səˈmɛnt
c/cement.txt	1	f n	cement	cemente, cemènts	S IH0 M EH1 N T	sɪˈmɛnt
c/cement.txt	2	v	cement	to cemente -s -d -ing	S AH0 M EH1 N T	səˈmɛnt
c/cement.txt	2	v	cement	to cemente -s -d -ing	S IH0 M EH1 N T	sɪˈmɛnt
c/cement.txt	3	f n	cementation	cementâcion -s		
c/complex.txt	1	adj	complex	complexe	K AA1 M P L EH0 K S	ˈkɑmplɛks
c/complex.txt	1	adj	complex	complexe	K AH0 M P L EH1 K S	kəmˈplɛks
c/complex.txt	2	m n	complex	complex -es	K AA1 M P L EH0 K S	ˈkɑmplɛks
c/complex.txt	2	m n	complex	complex -es	K AH0 M P L EH1 K S	kəmˈplɛks
c/complex.txt	3	f n	complexity	complexetie -is	K AH0 M P L EH1 K S AH0 T IY0	kəmˈplɛksəti
c/complex.txt	3	f n	complexity	complexetie -is	K AH0 M P L EH1 K S IH0 T IY0	kəmˈplɛksɪti
c/corps.txt	1	m n	corps	corps	K AO1 R	ˈkɔɹ
c/corps.txt	1	m n	corps	corps	K AO1 R Z	ˈkɔɹz
c/corps.txt	2	m n	corpse	corpse -s	K AO1 R P S	ˈkɔɹps
c/corps.txt	3	adj	corporate	corprate -ly	K AO1 R P ER0 AH0 T	ˈkɔɹpɚət
c/corps.txt	3	adj	corporate	corprate -ly	K AO1 R P R AH0 T	ˈkɔɹpɹət
c/corps.txt	4	adj	corporative	corpratif -vly		
c/corps.txt	5	f n	corporation	corporâcion -s	K AO2 R P ER0 EY1 SH AH0 N	ˌkɔɹpɚˈeɪʃən
c/corps.txt	6	m n	corporatism	corpratism	K AO1 R P ER0 AH0 T IH2 Z AH0 M	ˈkɔɹpɚəˌtɪzəm
c/collide.txt	1	v	collide	to collîde -s -d -ing	K AH0 L AY1 D	kəˈlaɪd
c/collide.txt	2	f n	collision	collision -s	K AH0 L IH1 ZH AH0 N	kəˈlɪʒən
c/clover.txt	1	m n	clover	cloavre, cloavars	K L OW1 V ER0	ˈkloʊvɚ
c/comet.txt	1	m n	comet	comete, comets	K AA1 M AH0 T	ˈkɑmət
c/cajole.txt	1	v	cajole	to cajole -s -d -ing	K AH0 JH OW1 L	kəˈdʒoʊl
c/concept.txt	1	m n	concept	concept, conceps	K AA1 N S EH0 P T	ˈkɑnsɛpt
c/concept.txt	2	f n	conception	conception -s	K AH0 N S EH1 P SH AH0 N	kənˈsɛpʃən
c/concept.txt	3	adj	conceptual	concepțual	K AH0 N S EH1 P CH UW0 AH0 L	kənˈsɛptʃuəl
c/commissar.txt	1	m n	commissar	commissare, commissars	K AA1 M AH0 S AA2 R	ˈkɑməˌsɑɹ
c/commissar.txt	2	m n	commissary	commissarie, commissaris	K AA1 M AH0 S EH2 R IY0	ˈkɑməˌsɛɹi
c/commissar.txt	3	adj, f n	commissarial	commissârial		
c/consume.txt	1	v	consume	to consoume -s -d -ing	K AH0 N S UW1 M	kənˈsum
c/consume.txt	2	f n	consumption	consomption -s	K AH0 N S AH1 M P SH AH0 N	kənˈsʌmpʃən
c/consume.txt	2	f n	consumption	consomption -s	K AH0 N S AH1 M SH AH0 N	kənˈsʌmʃən
c/consume.txt	3	adj	consumptive	consomptif		
c/caddie.txt	1	m n	caddie	cadie, cadis	K AE1 D IY0	ˈkædi
c/clammy.txt	1	adj	clammy	clammy	K L AE1 M IY0	ˈklæmi
c/critique.txt	2	v	critique	to critique critíc(s -d -ing	K R AH0 T IY1 K	kɹəˈtik
c/critique.txt	2	v	critique	to critique critíc(s -d -ing	K R IH0 T IY1 K	kɹɪˈtik
c/critique.txt	3	m n	critic	critic -s	K R IH1 T IH0 K	ˈkɹɪtɪk
c/critique.txt	4	adj	critical	critical	K R IH1 T IH0 K AH0 L	ˈkɹɪtɪkəl
c/critique.txt	5	adv	critically	criticly	K R IH1 T IH0 K AH0 L IY0	ˈkɹɪtɪkəli
c/critique.txt	5	adv	critically	criticly	K R IH1 T IH0 K L IY0	ˈkɹɪtɪkli
c/critique.txt	6	v	criticize	to criticyse -s -d -ing	K R IH1 T IH0 S AY2 Z	ˈkɹɪtɪˌsaɪz
c/critique.txt	7	m n	criticism	criticism -s	K R IH1 T IH0 S IH2 Z AH0 M	ˈkɹɪtɪˌsɪzəm
c/choir.txt	1	m n	choir	coîre, coîars	K W AY1 ER0	ˈkwaɪɚ
c/concentrate.txt	1	v	concenter	to concentrait -s -ed -ing		
c/concentrate.txt	1	v	concentrate	to concentrait -s -ed -ing	K AA1 N S AH0 N T R EY2 T	ˈkɑnsənˌtɹeɪt
c/concentrate.txt	2	adj, m n	concentrate	concentrait -s	K AA1 N S AH0 N T R EY2 T	ˈkɑnsənˌtɹeɪt
c/concentrate.txt	3	f n	concentration	concentrâcion -s	K AA2 N S AH0 N T R EY1 SH AH0 N	ˌkɑnsənˈtɹeɪʃən
c/caw.txt	1	v	caw	to cahe -s -d -ing	K AO1	ˈkɔ
c/caw.txt	2	m n	caw	cahe, caus	K AO1	ˈkɔ
c/construct.txt	1	v	construct	to constructe construcs -d -ing	K AH0 N S T R AH1 K T	kənˈstɹʌkt
c/construct.txt	1	v	construct	to constructe construcs -d -ing	K AA1 N S T R AH0 K T	ˈkɑnstɹəkt
c/construct.txt	2	m n	construct	construct, construcs	K AH0 N S T R AH1 K T	kənˈstɹʌkt
c/construct.txt	2	m n	construct	construct, construcs	K AA1 N S T R AH0 K T	ˈkɑnstɹəkt
c/construct.txt	3	f n	construction	construccion -s	K AH0 N S T R AH1 K SH AH0 N	kənˈstɹʌkʃən
c/construct.txt	4	adj	constructive	constructif	K AH0 N S T R AH1 K T IH0 V	kənˈstɹʌktɪv
c/church.txt	1	m n	church	c̃urc̃e -s	CH ER1 CH	ˈtʃɝtʃ
c/cigar.txt	1	f n	cigar	cigarre, cigárs	S IH0 G AA1 R	sɪˈɡɑɹ
c/cite.txt	1	v	cite	to cîte -s -d -ing	S AY1 T	ˈsaɪt
c/civil.txt	2	v	civilize	to civilyse -s -d -ing	S IH1 V AH0 L AY2 Z	ˈsɪvəˌlaɪz
c/civil.txt	3	f n	civilization	civilisâcion -s	S IH2 V AH0 L IH0 Z EY1 SH AH0 N	ˌsɪvəlɪˈzeɪʃən
c/civil.txt	4	f n	civilian	civilian -s	S AH0 V IH1 L Y AH0 N	səˈvɪljən
c/civil.txt	5	f n	civility	civilitie	S AH0 V IH1 L AH0 T IY0	səˈvɪləti
c/civil.txt	6	m n	civvy	civie, civis		
c/cinema.txt	1	m n	cinema	cinema -s	S IH1 N AH0 M AH0	ˈsɪnəmə
c/cinema.txt	2	adj	cinematic	cinematic	S IH2 N AH0 M AE1 T IH0 K	ˌsɪnəˈmætɪk
c/cinema.txt	3	f n	cinematography	cinematographie	S IH2 N IH0 M AH0 T AA1 G R AH0 F IY0	ˌsɪnɪməˈtɑɡɹəfi
c/cinema.txt	4	f n	cinematographer	cinematographer -s	S IH2 N IH0 M AH0 T AA1 G R AH0 F ER0	ˌsɪnɪməˈtɑɡɹəfɚ
c/continue.txt	1	v	continue	to contiñue -s -d -ing	K AH0 N T IH1 N Y UW0	kənˈtɪnju
c/continue.txt	3	f n	continuity	contiñuetie -is	K AA2 N T AH0 N UW1 AH0 T IY0	ˌkɑntəˈnuəti
c/continue.txt	4	adj, adv	continuous	contiñueus -ly	K AH0 N T IH1 N Y UW0 AH0 S	kənˈtɪnjuəs
c/continue.txt	5	adj	continual	contiñual	K AH0 N T IH1 N Y UW0 AH0 L	kənˈtɪnjuəl
c/concur.txt	1	v	concur	to concurre concur(s -d -ing	K AH0 N K ER1	kənˈkɝ
c/chutney.txt	1	m n	chutney	c̃utnie, c̃utnis	CH AH1 T N IY0	ˈtʃʌtni
c/convene.txt	1	v	convene	to convine -s -d -ing	K AH0 N V IY1 N	kənˈvin
c/convene.txt	2	f n	convenience	conviñence -s	K AH0 N V IY1 N Y AH0 N S	kənˈvinjəns
c/convene.txt	3	adj	convenient	conviñent -ly	K AH0 N V IY1 N Y AH0 N T	kənˈvinjənt
c/canteen.txt	1	f n	canteen	cantine, cantíns	K AE0 N T IY1 N	kænˈtin
c/calf.txt	1	m n	calf	calfe, calfs	K AE1 F	ˈkæf
c/calf.txt	1	m n	calves	calfe, calfs	K AE1 V Z	ˈkævz
c/chowder.txt	1	m n	chowder	c̃audre, c̃audars	CH AW1 D ER0	ˈtʃaʊdɚ
c/circumflex.txt	1	m n	circumflex	circomflex -es		
c/cottage.txt	1	m n	cottage	cottage -s	K AA1 T AH0 JH	ˈkɑtədʒ
c/cottage.txt	1	m n	cottage	cottage -s	K AA1 T IH0 JH	ˈkɑtɪdʒ
c/courage.txt	2	adj	courageous	courâgeus -ly -ness	K ER0 EY1 JH AH0 S	kɚˈeɪdʒəs
c/complicate.txt	1	v	complicate	to complicait -s -ed -ing	K AA1 M P L AH0 K EY2 T	ˈkɑmpləˌkeɪt
c/complicate.txt	2	f n	complication	complicâcion -s	K AA2 M P L AH0 K EY1 SH AH0 N	ˌkɑmpləˈkeɪʃən
c/complicate.txt	3	f n	complicity	complicitie, complicitis	K AH0 M P L IH1 S AH0 T IY0	kəmˈplɪsəti
c/complicate.txt	3	f n	complicity	complicitie, complicitis	K AH0 M P L IH1 S IH0 T IY0	kəmˈplɪsɪti
c/complicate.txt	4	adj	complicit	complicit	K AH0 M P L IH1 S AH0 T	kəmˈplɪsət
c/cat.txt	1	m n	cat	cate, cats	K AE1 T	ˈkæt
c/centigrade.txt	1	m n	centigrade	centigraid -s	S EH1 N T AH0 G R EY2 D	ˈsɛntəˌɡɹeɪd
c/Cairo.txt	1	m n	Cairo	Cahiro	K AY1 R OW0	ˈkaɪɹoʊ
c/cube.txt	2	v	cube	to cube -s -d -ing	K Y UW1 B	ˈkjub
c/cube.txt	3	adj	cubic	cúbic	K Y UW1 B IH0 K	ˈkjubɪk
c/cube.txt	4	m n	cubicle	cúbicle,  cúbiculs	K Y UW1 B IH0 K AH0 L	ˈkjubɪkəl
c/cube.txt	5	adj	cubical	cúbical		
c/cube.txt	6	adv	cubically	cúbicly		
c/cleave.txt	1	irv	cleave	to clieve -s claift -ing	K L IY1 V	ˈkliv
c/cleave.txt	2	m n	cleaver	cliever -s	K L IY1 V ER0	ˈklivɚ
c/cleave.txt	3	v	cleave	to clive -s -d -ing	K L IY1 V	ˈkliv
c/coconut.txt	2	m n	coconut	coconhote, coconhots	K OW1 K AH0 N AH2 T	ˈkoʊkəˌnʌt
c/critter.txt	1	m n	critter	critre, critars	K R IH1 T ER0	ˈkɹɪtɚ
c/crucify.txt	1	v	crucify	to crucifae -s -d crucifyhing	K R UW1 S AH0 F AY2	ˈkɹusəˌfaɪ
c/crucify.txt	3	f n	crucifixion	crucifix̦on -s	K R UW2 S IH0 F IH1 K SH AH0 N	ˌkɹusɪˈfɪkʃən
c/crucify.txt	5	adj	cruciform	cruciform		
c/cranium.txt	2	adj	cranium + -al	crânial -ly		
c/cranium.txt	2	adj	cranial	crânial -ly	K R EY1 N Y AH0 L	ˈkɹeɪnjəl
c/crowd.txt	1	v	crowd	to craûde -s -d -ing	K R AW1 D	ˈkɹaʊd
c/crowd.txt	2	m n	crowd	craûde, craûds	K R AW1 D	ˈkɹaʊd
c/chow.txt	1	v	chew	to c̃aue -s -d -ing	CH UW1	ˈtʃu
c/chow.txt	1	v	chaw	to c̃aue -s -d -ing	CH AO1	ˈtʃɔ
c/cipher.txt	1	m n	cipher	cîfre, cîfars	S AY1 F ER0	ˈsaɪfɚ
c/cipher.txt	2	v	cipher	to cîfer cîfre(s cîfred cîfering	S AY1 F ER0	ˈsaɪfɚ
c/cipher.txt	3	v	decipher	to decîfer decîfre(s decîfred decîfering	D IH0 S AY1 F ER0	dɪˈsaɪfɚ
c/cipher.txt	4	f n	decipher	decîfre, decîfars	D IH0 S AY1 F ER0	dɪˈsaɪfɚ
c/cipher.txt	5	f n	decipherer	decîferor -s		
c/cipher.txt	6	adj	decipherable	decîfrable		
c/cipher.txt	7	adj	indecipherable	indecîfrable		
c/cipher.txt	8	f n	decipherment	decîfrement -s		
c/commend.txt	1	v	commend	to commende -s -d -ing	K AH0 M EH1 N D	kəˈmɛnd
c/commend.txt	2	f n	commendation	commendâcion -s	K AA2 M AH0 N D EY1 SH AH0 N	ˌkɑmənˈdeɪʃən
c/commend.txt	4	adj	commendatory	commendatory		
c/census.txt	1	m n	census	census	S EH1 N S AH0 S	ˈsɛnsəs
c/claim.txt	1	m n	claim	clâme, clâms	K L EY1 M	ˈkleɪm
c/claim.txt	2	v	claim	to clâme -s -d -ing	K L EY1 M	ˈkleɪm
c/claim.txt	3	m n	clamor	clamar -s	K L AE1 M ER0	ˈklæmɚ
c/claim.txt	4	v	clamor	to clamare -s -d -ing	K L AE1 M ER0	ˈklæmɚ
c/choice.txt	1	adj, f n	choice	c̃oice -s	CH OY1 S	ˈtʃɔɪs
c/condition.txt	1	f n	condition	condicion -s	K AH0 N D IH1 SH AH0 N	kənˈdɪʃən
c/condition.txt	2	v	condition	to condicione -s -d -ing	K AH0 N D IH1 SH AH0 N	kənˈdɪʃən
c/condition.txt	3	adj	conditional	condicional -ly	K AH0 N D IH1 SH AH0 N AH0 L	kənˈdɪʃənəl
c/condition.txt	4	f n	conditioner	condicionor -s	K AH0 N D IH1 SH AH0 N ER0	kənˈdɪʃənɚ
c/conversate.txt	1	v	conversation	to cónversait -s -ed -ing	K AA2 N V ER0 S EY1 SH AH0 N	ˌkɑnvɚˈseɪʃən
c/conversate.txt	1	v	conversate	to cónversait -s -ed -ing		
c/conversate.txt	2	f n	conversation	conversâcion -s	K AA2 N V ER0 S EY1 SH AH0 N	ˌkɑnvɚˈseɪʃən
c/correct.txt	1	v	correct	to correcte correcs -d -ing	K ER0 EH1 K T	kɚˈɛkt
c/correct.txt	3	f n	correction	correccion -s	K ER0 EH1 K SH AH0 N	kɚˈɛkʃən
c/correct.txt	4	adj	correctional	correccional	K ER0 EH1 K SH AH0 N AH0 L	kɚˈɛkʃənəl
c/correct.txt	5	adj	corrective	correctif	K ER0 EH1 K T IH0 V	kɚˈɛktɪv
c/consolate.txt	1	v	consolate	to consolait -s -ed -ing		
c/consolate.txt	2	f n	consolation	consolâcion -s	K AA2 N S AH0 L EY1 SH AH0 N	ˌkɑnsəˈleɪʃən
c/consolate.txt	3	adj	consolatory	consólatory		
c/consolate.txt	4	adj	consolable	consólable	K AH0 N S OW1 L AH0 B AH0 L	kənˈsoʊləbəl
c/consolate.txt	5	adj	inconsolable	inconsólable		
c/crutch.txt	1	m n	crutch	creuc̃e -s	K R AH1 CH	ˈkɹʌtʃ
c/cyst.txt	1	m n	cyst	cyste, cysts	S IH1 S T	ˈsɪst
c/cyst.txt	2	adj	cystic	cystic	S IH1 S T IH0 K	ˈsɪstɪk
c/chase.txt	1	v	sashay	to saçeie -s -d saçeying		
c/chase.txt	2	v	chase	to c̃aice -s -d -ing	CH EY1 S	ˈtʃeɪs
c/chase.txt	3	m n	chase	c̃aice -s	CH EY1 S	ˈtʃeɪs
c/chase.txt	4	m n	chase	c̃aisse -s	CH EY1 S	ˈtʃeɪs
c/chase.txt	5	v	chase	to c̃aisse -s -d -ing	CH EY1 S	ˈtʃeɪs
c/conceal.txt	1	v	conceal	to conceile -s -d -ing	K AH0 N S IY1 L	kənˈsil
c/conceal.txt	2	f n	concealment	conceilement -s	K AH0 N S IY1 L M AH0 N T	kənˈsilmənt
c/comedy.txt	1	m n	comedy	comedie, comedis	K AA1 M AH0 D IY0	ˈkɑmədi
c/comedy.txt	2	f n	comedian	comídian -s	K AH0 M IY1 D IY0 AH0 N	kəˈmidiən
c/condescend.txt	1	v	condescend	to condescende -s -d -ing	K AA2 N D IH0 S EH1 N D	ˌkɑndɪˈsɛnd
c/condescend.txt	2	f n	condescension	condescension -s	K AA2 N D AH0 S EH1 N SH AH0 N	ˌkɑndəˈsɛnʃən
c/connect.txt	1	v	connect	to connecte connecs -d -ing	K AH0 N EH1 K T	kəˈnɛkt
c/connect.txt	2	f n	connection	conneccion -s	K AH0 N EH1 K SH AH0 N	kəˈnɛkʃən
c/connect.txt	3	adj	connective	connectif	K AH0 N EH1 K T IH0 V	kəˈnɛktɪv
c/connect.txt	4	f n	connectivity	connectivitie, connectivitis	K AH0 N EH0 K T IH1 V IH0 T IY0	kənɛkˈtɪvɪti
c/comment.txt	1	m n	comment	comment -s	K AA1 M EH0 N T	ˈkɑmɛnt
c/comment.txt	2	v	comment	to commente -s -d -ing	K AA1 M EH0 N T	ˈkɑmɛnt
c/comment.txt	3	v	commentate	to commentait -s -ed -ing		
c/comment.txt	4	m n	commentator	commentaitor -s	K AA1 M AH0 N T EY2 T ER0	ˈkɑmənˌteɪtɚ
c/comment.txt	5	f n	commentation	commentâcion -s		
c/comment.txt	6	m n	commentary	commentarie, commentaris	K AA1 M AH0 N T EH2 R IY0	ˈkɑmənˌtɛɹi
c/curlew.txt	1	m n	curlew	curloue, curlous		
c/crunch.txt	1	v	craunch	to cronc̃e -s -d -ing		
c/crunch.txt	1	v	crunch	to cronc̃e -s -d -ing	K R AH1 N CH	ˈkɹʌntʃ
c/crunch.txt	2	m n	crunch	cronc̃e -s	K R AH1 N CH	ˈkɹʌntʃ
c/cool.txt	1	adj	cool	coul -ar -est	K UW1 L	ˈkul
c/cool.txt	2	m n	cool	coule	K UW1 L	ˈkul
c/cool.txt	3	v	cool	to coule -s -d -ing	K UW1 L	ˈkul
c/create.txt	1	v	create	to criâte -s -d -ing	K R IY0 EY1 T	kɹiˈeɪt
c/create.txt	2	f n	creation	criâcion -s	K R IY0 EY1 SH AH0 N	kɹiˈeɪʃən
c/create.txt	3	f n	creationism	criâcionism -s	K R IY0 EY1 SH AH0 N IH2 Z AH0 M	kɹiˈeɪʃəˌnɪzəm
c/create.txt	4	adj	creative	criâtif -ness	K R IY0 EY1 T IH0 V	kɹiˈeɪtɪv
c/create.txt	5	adv	creative	criâtivly	K R IY0 EY1 T IH0 V	kɹiˈeɪtɪv
c/create.txt	6	f n	creativity	criâtivitie, criâtivitis	K R IY2 EY0 T IH1 V AH0 T IY0	ˌkɹieɪˈtɪvəti
c/creak.txt	1	v	creak	to creic creic(s creiched creiching	K R IY1 K	ˈkɹik
c/creak.txt	2	m n	creak	creic, creix	K R IY1 K	ˈkɹik
c/creak.txt	3	adj	creaky	creichy -iar -iest	K R IY1 K IY0	ˈkɹiki
c/cog.txt	1	m n	cog	cágue, cágs	K AO1 G	ˈkɔɡ
c/colloquy.txt	1	m n	colloquy	coloquie, coloquis	K AA1 L AH0 K W IY0	ˈkɑləkwi
c/colloquy.txt	2	adj	colloquial	colóquial	K AH0 L OW1 K W IY0 AH0 L	kəˈloʊkwiəl
c/colloquy.txt	3	f n	colloquialism	colóquialism		
c/coalesce.txt	1	v	coalesce	to coälesce -s -d -ing	K OW2 AH0 L EH1 S	ˌkoʊəˈlɛs
c/coalesce.txt	2	adj	coalescent	coälescent		
c/coalesce.txt	3	f n	coalescence	coälescence	K OW2 AH0 L EH1 S AH0 N S	ˌkoʊəˈlɛsəns
c/coalesce.txt	4	f n	coalition	coälicion -s	K OW2 AH0 L IH1 SH AH0 N	ˌkoʊəˈlɪʃən
c/chat.txt	1	v	chat	to c̃ate -s -d -ing	CH AE1 T	ˈtʃæt
c/chat.txt	2	v	chatter	to c̃atir c̃atre(s c̃atred c̃atiring	CH AE1 T ER0	ˈtʃætɚ
c/cholesterol.txt	1	f n	cholesterol	colèsterol	K AH0 L EH1 S T ER0 AO2 L	kəˈlɛstɚˌɔl
c/cholesterol.txt	1	f n	cholesterol	colèsterol	K AH0 L EH1 S T ER0 AH0 L	kəˈlɛstɚəl
c/clock.txt	1	m n	clock	cloc, clocs	K L AA1 K	ˈklɑk
c/clock.txt	2	v	clock	to cloc -s cloched cloching	K L AA1 K	ˈklɑk
c/capable.txt	2	f n	capability	câpabilitie -is	K EY2 P AH0 B IH1 L AH0 T IY0	ˌkeɪpəˈbɪləti
c/capable.txt	3	f n	capacity	capacetie -is	K AH0 P AE1 S AH0 T IY0	kəˈpæsəti
c/capable.txt	3	f n	capacity	capacetie -is	K AH0 P AE1 S IH0 T IY0	kəˈpæsɪti
c/capable.txt	4	f n	capacitor	capacetor -s	K AH0 P AE1 S AH0 T ER0	kəˈpæsətɚ
c/cover.txt	1	v	cover	to covir covre(s covred coviring	K AH1 V ER0	ˈkʌvɚ
c/cover.txt	2	m n	cover	covre, covirs	K AH1 V ER0	ˈkʌvɚ
c/cover.txt	3	m n	coverage	covrage -s	K AH1 V ER0 AH0 JH	ˈkʌvɚədʒ
c/cover.txt	3	m n	coverage	covrage -s	K AH1 V ER0 IH0 JH	ˈkʌvɚɪdʒ
c/cover.txt	3	m n	coverage	covrage -s	K AH1 V R IH0 JH	ˈkʌvɹɪdʒ
c/capsize.txt	1	v	capsize	to capsyse -s -d -ing	K AE1 P S AY2 Z	ˈkæpˌsaɪz
c/cheer.txt	1	v	cheer	to c̃iare -s -d -ing	CH IH1 R	ˈtʃɪɹ
c/cheer.txt	2	m n	cheer	c̃iare, c̃iars	CH IH1 R	ˈtʃɪɹ
c/cheer.txt	3	adj	cheery	c̃iary	CH IH1 R IY0	ˈtʃɪɹi
c/cheer.txt	4	adj	cheerful	c̃iarful	CH IH1 R F AH0 L	ˈtʃɪɹfəl
c/celery.txt	1	m n	celery	selerie	S EH1 L ER0 IY0	ˈsɛlɚi
c/coal.txt	1	m n	coal	cole, coals	K OW1 L	ˈkoʊl
c/creek.txt	1	m n	creek	crique, crícs	K R IY1 K	ˈkɹik
c/creek.txt	2	m n	crick	cric, crix	K R IH1 K	ˈkɹɪk
c/Czech.txt	1	m n	Czech	Czec	CH EH1 K	ˈtʃɛk
c/Czech.txt	2	adj	Czech	czec	CH EH1 K	ˈtʃɛk
c/Czech.txt	3	m n	Czechia	Czechia		
c/cookie.txt	1	m n	cookie	côchie, côchis	K UH1 K IY0	ˈkʊki
c/cherry.txt	1	m n	cherry	c̃errie, c̃erris	CH EH1 R IY0	ˈtʃɛɹi
c/chocolate.txt	3	adj	chocolatey	c̃aochlaty		
c/coup.txt	1	m n	coup	coup -s	K UW1	ˈku
c/communicate.txt	1	v	communicate	to comúnicait -s -ed -ing	K AH0 M Y UW1 N AH0 K EY2 T	kəˈmjunəˌkeɪt
c/communicate.txt	3	f n	communication	comunicâcion -s	K AH0 M Y UW2 N AH0 K EY1 SH AH0 N	kəˌmjunəˈkeɪʃən
c/communicate.txt	4	adj	communicative	comúnicatif -vly	K AH0 M Y UW1 N AH0 K AH0 T IH0 V	kəˈmjunəkətɪv
c/communicate.txt	5	adj	communicatory	comúnicatory		
c/communicate.txt	7	f n	communicability	comunicabilitie -is		
c/cringe.txt	1	v	crench	to cringe -s -d -ing		
c/cringe.txt	1	v	crenge	to cringe -s -d -ing		
c/cringe.txt	1	v	cringe	to cringe -s -d -ing	K R IH1 N JH	ˈkɹɪndʒ
c/cringe.txt	2	adj, m n	cringe	cringe	K R IH1 N JH	ˈkɹɪndʒ
c/cluck.txt	1	v	cluck	to cluc -s cluched cluching	K L AH1 K	ˈklʌk
c/cluck.txt	2	m n	cluck	cluc, cleux	K L AH1 K	ˈklʌk
c/cereal.txt	1	adj, m n	cereal	círial -s	S IH1 R IY0 AH0 L	ˈsɪɹiəl
c/cocoon.txt	1	f n	cocoon	cocoune, cocouns	K AH0 K UW1 N	kəˈkun
c/cocoon.txt	2	v	cocoon	to cocune -s -d -ing	K AH0 K UW1 N	kəˈkun
c/collaborate.txt	1	v	collaborate	to collaborait -s -ed -ing	K AH0 L AE1 B ER0 EY2 T	kəˈlæbɚˌeɪt
c/collaborate.txt	2	f n	collaborator	collaboraitor -s	K AH0 L AE1 B ER0 EY2 T ER0	kəˈlæbɚˌeɪtɚ
c/collaborate.txt	4	adj, f n	collaborative	collabratif -s	K AH0 L AE1 B ER0 EY2 T IH0 V	kəˈlæbɚˌeɪtɪv
c/collaborate.txt	4	adj, f n	collaborative	collabratif -s	K AH0 L AE1 B R AH0 T IH0 V	kəˈlæbɹətɪv
c/confiscate.txt	1	v	confiscate	to confiscait -s -ed -ing	K AA1 N F AH0 S K EY2 T	ˈkɑnfəˌskeɪt
c/confiscate.txt	2	f n	confiscation	confiscâcion -s	K AA2 N F AH0 S K EY1 SH AH0 N	ˌkɑnfəˈskeɪʃən
c/cockroach.txt	1	m n	cockroach	caccroc̃e -s	K AA1 K R OW2 CH	ˈkɑˌkɹoʊtʃ
c/consent.txt	1	v	consent	to consente -s -d -ing	K AH0 N S EH1 N T	kənˈsɛnt
c/consent.txt	2	f n	consent	consente	K AH0 N S EH1 N T	kənˈsɛnt
c/consent.txt	3	f n	consensus	consensus	K AH0 N S EH1 N S AH0 S	kənˈsɛnsəs
c/copper.txt	1	m n	copper	copre, copirs	K AA1 P ER0	ˈkɑpɚ
c/come.txt	1	irv	come	to come -s câm com -ing	K AH1 M	ˈkʌm
c/calamity.txt	1	f n	calamity	calametie, calametis	K AH0 L AE1 M AH0 T IY0	kəˈlæməti
c/calamity.txt	1	f n	calamity	calametie, calametis	K AH0 L AE1 M IH0 T IY0	kəˈlæmɪti
c/comrade.txt	1	m n	comrade	cámerad -s	K AA1 M R AE2 D	ˈkɑmˌɹæd
c/comrade.txt	2	f n	comradery	cameráderie, cameráderis		
c/chew.txt	1	v	chew	to c̃eue -s -d c̃euing	CH UW1	ˈtʃu
c/chew.txt	2	m n	chew	c̃eue, c̃eus	CH UW1	ˈtʃu
c/cape.txt	2	v	cape	to câpe -s -d -ing	K EY1 P	ˈkeɪp
c/cape.txt	3	f n	cape	câpe, câps	K EY1 P	ˈkeɪp
c/cent.txt	1	m n	cent	cente, cents	S EH1 N T	ˈsɛnt
c/compass.txt	1	m n	compass	compass -es	K AH1 M P AH0 S	ˈkʌmpəs
c/compass.txt	3	v	encompass	to encompasse -s -d -ing	EH0 N K AH1 M P AH0 S	ɛnˈkʌmpəs
c/carrot.txt	1	m n	carrot	cârot -s	K AE1 R AH0 T	ˈkæɹət
c/carrot.txt	1	m n	carrot	cârot -s	K EH1 R AH0 T	ˈkɛɹət
c/couch.txt	1	m n	couch	coac̃e -s	K AW1 CH	ˈkaʊtʃ
c/couch.txt	2	v	couch	to coac̃e -s -d -ing	K AW1 CH	ˈkaʊtʃ
c/circle.txt	1	v	circle	to circle -s -d -ing	S ER1 K AH0 L	ˈsɝkəl
c/circle.txt	2	m n	circle	circle, circuls	S ER1 K AH0 L	ˈsɝkəl
c/circle.txt	3	adj	circular	circular -ly	S ER1 K Y AH0 L ER0	ˈsɝkjəlɚ
c/circle.txt	4	f n	circularity	circularetie, circularetis		
c/circle.txt	5	v	circulate	to circulait -s -ed -ing	S ER1 K Y AH0 L EY2 T	ˈsɝkjəˌleɪt
c/circle.txt	6	f n	circulation	circulâcion -s	S ER1 K Y AH0 L EY2 SH AH0 N	ˈsɝkjəˌleɪʃən
c/circle.txt	8	adj	circulatory	circulatory	S ER1 K Y AH0 L AH0 T AO2 R IY0	ˈsɝkjələˌtɔɹi
c/circle.txt	10	m n	circlet	circlet -s		
c/concise.txt	1	adj	concise	concîs -ly	K AH0 N S AY1 S	kənˈsaɪs
c/concise.txt	2	f n	conciseness	concîsseness		
c/concise.txt	3	f n	concision	concision		
c/cheep.txt	1	m n	cheep	c̃iepe, c̃ieps		
c/cheep.txt	2	v	cheep	to c̃iepe -s -d -ing		
c/control.txt	1	v	control	to controle -s -d -ing	K AH0 N T R OW1 L	kənˈtɹoʊl
c/control.txt	2	f n	control	controle, contróls	K AH0 N T R OW1 L	kənˈtɹoʊl
c/control.txt	3	f n	controler	controler -s		
c/crayon.txt	1	m n	crayon	crane, crans	K R EY1 AA2 N	ˈkɹeɪˌɑn
c/celebrate.txt	1	v	celebrate	to celebrait -s -ed -ing	S EH1 L AH0 B R EY2 T	ˈsɛləˌbɹeɪt
c/celebrate.txt	2	f n	celebration	celebrâcion -s	S EH2 L AH0 B R EY1 SH AH0 N	ˌsɛləˈbɹeɪʃən
c/celebrate.txt	3	adj	celebratory	celebratory	S AH0 L EH1 B R AH0 T AO2 R IY0	səˈlɛbɹəˌtɔɹi
c/celebrate.txt	4	f n	celebrity	celebretie, celebretis	S AH0 L EH1 B R IH0 T IY0	səˈlɛbɹɪti
c/chrome.txt	1	m n	chrome	chrome, chroms	K R OW1 M	ˈkɹoʊm
c/chalice.txt	1	m n	chalice	c̃alice -s	CH AE1 L IH0 S	ˈtʃælɪs
c/clam.txt	2	v	clam	to clame -s -d -ing	K L AE1 M	ˈklæm
c/cafeteria.txt	1	f n	café	café -s		
c/cafeteria.txt	2	f n	cafeteria	cafetíria -s	K AE2 F AH0 T IH1 R IY0 AH0	ˌkæfəˈtɪɹiə
c/crevice.txt	1	m n	crevice	crevace -s	K R EH1 V AH0 S	ˈkɹɛvəs
c/claw.txt	1	m n	claw	claue, claus	K L AO1	ˈklɔ
c/claw.txt	2	v	claw	to claue -s -d -ing	K L AO1	ˈklɔ
c/credible.txt	1	adj	credible	credible	K R EH1 D AH0 B AH0 L	ˈkɹɛdəbəl
c/credible.txt	2	f n	credibility	credibilitie, credibilitis	K R EH2 D AH0 B IH1 L IH0 T IY0	ˌkɹɛdəˈbɪlɪti
c/carpentry.txt	1	m n	carpentry	carpentrie, carpentris	K AA1 R P AH0 N T R IY0	ˈkɑɹpəntɹi
c/carpentry.txt	2	m n	carpenter	carpentre, carpentars	K AA1 R P AH0 N T ER0	ˈkɑɹpəntɚ
c/cloud.txt	1	m n	cloud	clôude, clôuds	K L AW1 D	ˈklaʊd
c/cloud.txt	2	v	cloud	to clôude -s -d -ing	K L AW1 D	ˈklaʊd
c/chou.txt	1	m n	choux	ceou		
c/chief.txt	3	adv	chiefly	c̃eifly	CH IY1 F L IY0	ˈtʃifli
c/chief.txt	4	m n	chiefdom	c̃eifdom -s	CH IY1 F D AH0 M	ˈtʃifdəm
c/chief.txt	5	m n	chieftain	c̃eiftain -s	CH IY1 F T AH0 N	ˈtʃiftən
c/cartoon.txt	1	f n	cartoon	cartoune, cartouns	K AA0 R T UW1 N	kɑɹˈtun
c/cartoon.txt	2	v	cartoon	to cartoune -s -d -ing	K AA0 R T UW1 N	kɑɹˈtun
c/cartoon.txt	3	f n	cartoonist	cartounist -s	K AA0 R T UW1 N AH0 S T	kɑɹˈtunəst
c/commerce.txt	2	adj, f n	commercial	commêrcial -s -ly	K AH0 M ER1 SH AH0 L	kəˈmɝʃəl
c/commerce.txt	3	f n	commercialism	commêrcialism	K AH0 M ER1 SH AH0 L IH2 Z AH0 M	kəˈmɝʃəˌlɪzəm
c/commerce.txt	4	v	commercialize	to commêrcialyse -s -d -ing	K AH0 M ER1 SH AH0 L AY2 Z	kəˈmɝʃəˌlaɪz
c/commerce.txt	5	f n	commercialization	commercialisâcion -s	K AH0 M ER2 SH AH0 L IH0 Z EY1 SH AH0 N	kəˌmɝʃəlɪˈzeɪʃən
c/correspond.txt	1	v	correspond	to corresponde -s -d -ing	K AO2 R AH0 S P AA1 N D	ˌkɔɹəˈspɑnd
c/correspond.txt	2	f n	correspondence	correspondence -s	K AO2 R AH0 S P AA1 N D AH0 N S	ˌkɔɹəˈspɑndəns
c/correspond.txt	3	adj	correspondent	correspondent	K AO2 R AH0 S P AA1 N D AH0 N T	ˌkɔɹəˈspɑndənt
c/correspond.txt	4	f n	correspondent	correspondent -s	K AO2 R AH0 S P AA1 N D AH0 N T	ˌkɔɹəˈspɑndənt
c/commute.txt	1	v	commute	to commute -s -d -ing	K AH0 M Y UW1 T	kəˈmjut
c/commute.txt	2	f n	commuter	commuter -s	K AH0 M Y UW1 T ER0	kəˈmjutɚ
c/Christ.txt	1	m n	Christ	Crîst	K R AY1 S T	ˈkɹaɪst
c/Christ.txt	2	m n, adj	Christian	cristian -s	K R IH1 S CH AH0 N	ˈkɹɪstʃən
c/Christ.txt	2	m n, adj	Christian	cristian -s	K R IH1 S CH IH0 N	ˈkɹɪstʃɪn
c/Christ.txt	3	m n	Christmas	Crisçemass	K R IH1 S M AH0 S	ˈkɹɪsməs
c/Christ.txt	4	f n	Christianity	cristianetie	K R IH2 S CH IY0 AE1 N IH0 T IY0	ˌkɹɪstʃiˈænɪti
c/Christ.txt	5	m n	Christendom	cristendom	K R IH1 S AH0 N D AH0 M	ˈkɹɪsəndəm
c/Christ.txt	6	v	christen	to crisçane -s -d -ing	K R IH1 S AH0 N	ˈkɹɪsən
c/coo.txt	1	v	coo	to coue -s -d -ing	K UW1	ˈku
c/coo.txt	2	m n	coo	coue, cous	K UW1	ˈku
c/code.txt	2	v	code	to code -s -d -ing	K OW1 D	ˈkoʊd
c/condole.txt	1	v	condole	to condole -s -d -ing		
c/condole.txt	2	adj	indolent	ïndolent	IH1 N D AH0 L AH0 N T	ˈɪndələnt
c/condole.txt	3	m n	indolence	ïndolence		
c/condole.txt	4	adj	dolorous	dólorus -ly		
c/capsule.txt	2	v	capsulize	to capsulyse -s -d -ing		
c/concrete.txt	1	adj, m n	concrete	concrite	K AH0 N K R IY1 T	kənˈkɹit
c/concrete.txt	1	adj, m n	concrete	concrite	K AA1 N K R IY0 T	ˈkɑnkɹit
c/concrete.txt	2	f n	concretion	concrícion -s		
c/concrete.txt	3	v	concretize	to concrityse -s -d -ing		
c/compress.txt	1	v	compress	to compresse -s -d -ing	K AA1 M P R EH0 S	ˈkɑmpɹɛs
c/compress.txt	1	v	compress	to compresse -s -d -ing	K AH0 M P R EH1 S	kəmˈpɹɛs
c/compress.txt	3	adj	compressive	compressif		
c/cub.txt	1	m n	cub	cubbe, cubs	K AH1 B	ˈkʌb
c/clump.txt	1	m n	clump	clompe, clomps	K L AH1 M P	ˈklʌmp
c/clump.txt	2	v	clump	to clompe -s -d -ing	K L AH1 M P	ˈklʌmp
c/Cyprus.txt	1	m n	Cyprus	Cŷprus	S AY1 P R AH0 S	ˈsaɪpɹəs
c/colt.txt	1	m n	colt	colte, cólts	K OW1 L T	ˈkoʊlt
c/commensurate.txt	1	adj	commensurate	commensurate	K AH0 M EH1 N S ER0 AH0 T	kəˈmɛnsɚət
c/commensurate.txt	1	adj	commensurate	commensurate	K AH0 M EH1 N S ER0 IH0 T	kəˈmɛnsɚɪt
c/commensurate.txt	2	f n	commensuration	commensurâcion -s		
c/corrupt.txt	1	v	corrupt	to corropte corrops -d -ing	K ER0 AH1 P T	kɚˈʌpt
c/corrupt.txt	2	adj	corrupt	corropte	K ER0 AH1 P T	kɚˈʌpt
c/corrupt.txt	3	f n	corruption	corropţon -s	K ER0 AH1 P SH AH0 N	kɚˈʌpʃən
c/corrupt.txt	4	adj	corruptive	corroptif -vly -ness	K ER0 AH1 P T IH0 V	kɚˈʌptɪv
c/cashew.txt	1	f n	cachou	cașue, cașús		
c/cashew.txt	1	f n	cashew	cașue, cașús	K AE1 SH UW2	ˈkæˌʃu
c/capita.txt	1	adv	per capita	per capita	P ER1 K AE1 P IH0 T AH0	ˈpɝˈkæpɪtə
c/chop.txt	1	v	chop	to c̃oppe c̃op(s c̃opped c̃opping	CH AA1 P	ˈtʃɑp
c/chop.txt	2	m n	chop	c̃oppe, c̃ops	CH AA1 P	ˈtʃɑp
c/collie.txt	1	m n	colly	collie, collis	K AA1 L IY0	ˈkɑli
c/collie.txt	1	m n	coaly	collie, collis		
c/cockatoo.txt	1	m n	cockatoo	cacatue, cacatuis	K AA1 K AH0 T UW2	ˈkɑkəˌtu
c/conch.txt	1	m n	conch	conque, concs	K AA1 N CH	ˈkɑntʃ
c/conch.txt	1	m n	conch	conque, concs	K AA1 NG K	ˈkɑŋk
c/conch.txt	2	m n	conker	concre, conchirs		
c/clog.txt	1	m n	clog	clogue, clogs	K L AA1 G	ˈklɑɡ
c/clog.txt	2	v	clog	to clogue clog(s -d -ing	K L AA1 G	ˈklɑɡ
c/colony.txt	1	m n	colony	colonie, colonis	K AA1 L AH0 N IY0	ˈkɑləni
c/colony.txt	2	m n	colonist	colonist -s	K AA1 L AH0 N IH0 S T	ˈkɑlənɪst
c/colony.txt	3	adj	colonial	colónial	K AH0 L OW1 N IY0 AH0 L	kəˈloʊniəl
c/colony.txt	4	v	colonize	to colonyse -s -d -ing	K AA1 L AH0 N AY2 Z	ˈkɑləˌnaɪz
c/complain.txt	1	v	complain	to complaigne -s -d -ing	K AH0 M P L EY1 N	kəmˈpleɪn
c/complain.txt	2	f n	complaint	complaînte, complaînts	K AH0 M P L EY1 N T	kəmˈpleɪnt
c/complain.txt	3	f n	complainant	complaînant -s	K AH0 M P L EY1 N AH0 N T	kəmˈpleɪnənt
c/complain.txt	4	f n	complainer	complaigner -s	K AH0 M P L EY1 N ER0	kəmˈpleɪnɚ
c/castigate.txt	1	v	castigate	to castigait -s -ed -ing	K AE1 S T AH0 G EY2 T	ˈkæstəˌɡeɪt
c/castigate.txt	2	f n	castigation	castigâcion -s		
c/cuddle.txt	1	v	cuddle	to cuddle -s -d -ing	K AH1 D AH0 L	ˈkʌdəl
c/commemorate.txt	1	v	commemorate	to commemorait -s -ed -ing	K AH0 M EH1 M ER0 EY2 T	kəˈmɛmɚˌeɪt
c/commemorate.txt	2	adj	commemorative	commemoratif	K AH0 M EH1 M R AH0 T IH0 V	kəˈmɛmɹətɪv
c/commemorate.txt	2	adj	commemorative	commemoratif	K AH0 M EH1 M ER0 EY2 T IH0 V	kəˈmɛmɚˌeɪtɪv
c/commemorate.txt	3	f n	commemoration	commemorâcion -s	K AH0 M EH2 M ER0 EY1 SH AH0 N	kəˌmɛmɚˈeɪʃən
c/car.txt	1	m n	car	carre, cars	K AA1 R	ˈkɑɹ
c/car.txt	2	m n	cart	carte, carts	K AA1 R T	ˈkɑɹt
c/car.txt	3	v	cart	to carte -s -d -ing	K AA1 R T	ˈkɑɹt
c/clan.txt	1	m n	clan	clane, clans	K L AE1 N	ˈklæn
c/check.txt	1	v	check	to c̃ec -s c̃eched c̃eching	CH EH1 K	ˈtʃɛk
c/check.txt	2	m n	check	c̃ec, c̃ecs	CH EH1 K	ˈtʃɛk
c/check.txt	3	adj	chequered	c̃ecred		
c/check.txt	4	m n	checker	c̃ecre, c̃ecars	CH EH1 K ER0	ˈtʃɛkɚ
c/chorus.txt	2	v	chorus	to choruse -s -d -ing	K AO1 R AH0 S	ˈkɔɹəs
c/cord.txt	1	m n	cord	corde, cords	K AO1 R D	ˈkɔɹd
c/cord.txt	2	v	cord	to corde -s -d -ing	K AO1 R D	ˈkɔɹd
c/confer.txt	1	v	confer	to confêr confê(s confêd confêring	K AH0 N F ER1	kənˈfɝ
c/confer.txt	2	m n	conference	conference -s	K AA1 N F ER0 AH0 N S	ˈkɑnfɚəns
c/confer.txt	2	m n	conference	conference -s	K AA1 N F R AH0 N S	ˈkɑnfɹəns
c/cloak.txt	1	m n	cloak	cloque, cloax	K L OW1 K	ˈkloʊk
c/cloak.txt	2	v	cloak	to cloque cloac(s -d -ing	K L OW1 K	ˈkloʊk
c/crib.txt	1	m n	crib	cribbe, cribs	K R IH1 B	ˈkɹɪb
c/coffer.txt	1	m n	coffer	coffre, coffirs	K AO1 F ER0	ˈkɔfɚ
c/coffer.txt	2	v	coffer	to coffir coffre(s coffred coffiring	K AO1 F ER0	ˈkɔfɚ
c/comic.txt	1	adj	comic	comic	K AA1 M IH0 K	ˈkɑmɪk
c/comic.txt	2	m n	comic	comic -s	K AA1 M IH0 K	ˈkɑmɪk
c/comic.txt	3	adj	comical	comical	K AA1 M IH0 K AH0 L	ˈkɑmɪkəl
c/contort.txt	1	v	contort	to contorte -s -d -ing	K AH0 N T AO1 R T	kənˈtɔɹt
c/contort.txt	2	f n	contortion	contorcion -s	K AH0 N T AO1 R SH AH0 N	kənˈtɔɹʃən
c/cost.txt	1	irv	cost	to coste -s cost -ing	K AA1 S T	ˈkɑst
c/cost.txt	1	irv	cost	to coste -s cost -ing	K AO1 S T	ˈkɔst
c/corrode.txt	1	v	corrode	to corrode -s -d -ing	K ER0 OW1 D	kɚˈoʊd
c/corrode.txt	3	adj	corrosive	corróssif -vly -ness	K ER0 OW1 S IH0 V	kɚˈoʊsɪv
c/corrode.txt	4	adj	corrodible	corródable		
c/cockney.txt	1	adj	cockney	cochny	K AA1 K N IY0	ˈkɑkni
c/cry.txt	1	v	cry	to crîe -s -d cryhing	K R AY1	ˈkɹaɪ
c/cry.txt	2	m n	cry	crîe, crîs	K R AY1	ˈkɹaɪ
c/Canada.txt	1	m n	Canada	Canada	K AE1 N AH0 D AH0	ˈkænədə
c/Canada.txt	2	adj, f n	Canadian	canâdian	K AH0 N EY1 D IY0 AH0 N	kəˈneɪdiən
c/cartouche.txt	1	f n	cartouche	cartouçe -s		
c/cartouche.txt	1	f n	cartouch	cartouçe -s		
c/capitol.txt	1	m n	capitol	capitole, capitols	K AE1 P IH0 T AH0 L	ˈkæpɪtəl
c/cant.txt	1	m n	cant	cante, cants	K AE1 N T	ˈkænt
c/cant.txt	2	m n	cantle	cantele, cantels	K AE1 N T AH0 L	ˈkæntəl
c/crash.txt	1	v	crash	to crasce -s -d -ing	K R AE1 SH	ˈkɹæʃ
c/crash.txt	2	m n	crash	crasce -s	K R AE1 SH	ˈkɹæʃ
c/collapse.txt	1	v	collapse	to collapse -s -d -ing	K AH0 L AE1 P S	kəˈlæps
c/collapse.txt	2	f n	collapse	collapse	K AH0 L AE1 P S	kəˈlæps
c/couscous.txt	1	m n	couscous	couscous		
c/convoke.txt	1	obs	convocate	to convocait -s -ed -ing		
c/convoke.txt	3	v	convoke	to convoque convoac(s -d -ing	K AA0 N V OW1 K	kɑnˈvoʊk
c/commiserate.txt	1	v	commiserate	to comïserait -s -ed -ing	K AH0 M IH1 S ER0 EY2 T	kəˈmɪsɚˌeɪt
c/commiserate.txt	2	f n	commiseration	comiserâcion -s		
c/carnivore.txt	2	adj	carnivorous	carnivreus -ly	K AA0 R N IH1 V ER0 AH0 S	kɑɹˈnɪvɚəs
c/carnivore.txt	3	f n	Carnivora	carnivóra		
c/cuff.txt	1	m n	cuff	cuffe, cuffs	K AH1 F	ˈkʌf
c/cuff.txt	2	v	cuff	to cuffe -s -d -ing	K AH1 F	ˈkʌf
c/curmudgeon.txt	1	f n	curmudgeon	curmogean -s	K ER0 M AH1 JH IH0 N	kɚˈmʌdʒɪn
c/capture.txt	2	v	capture	to capţure -s -d -ing	K AE1 P CH ER0	ˈkæptʃɚ
c/capture.txt	4	adj, m n	captive	captif -s	K AE1 P T IH0 V	ˈkæptɪv
c/capture.txt	5	f n	captivity	captivitie, captivitis	K AE0 P T IH1 V AH0 T IY0	kæpˈtɪvəti
c/corridor.txt	1	m n	corridor	corridre, corridors	K AO1 R AH0 D ER0	ˈkɔɹədɚ
c/corridor.txt	1	m n	corridor	corridre, corridors	K AO1 R IH0 D ER0	ˈkɔɹɪdɚ
c/chattel.txt	1	m n	chattel	c̃attle, c̃attels	CH AE1 T AH0 L	ˈtʃætəl
c/coincide.txt	1	v	coincide	to coïncîde -s -d -ing	K OW2 IH0 N S AY1 D	ˌkoʊɪnˈsaɪd
c/cohere.txt	1	v	cohere	to cohier cohire(s cohired cohiering	K OW0 HH IH1 R	koʊˈhɪɹ
c/cohere.txt	2	adj, f n	coherent	cohirent	K OW0 HH IH1 R AH0 N T	koʊˈhɪɹənt
c/cohere.txt	3	f n	coherence	cohirence	K OW0 HH IH1 R AH0 N S	koʊˈhɪɹəns
c/Colorado.txt	1	f n	Colorado	Coloràdo	K AA2 L ER0 AA1 D OW0	ˌkɑlɚˈɑdoʊ
c/Colorado.txt	1	f n	Colorado	Coloràdo	K AA2 L ER0 AE1 D OW0	ˌkɑlɚˈædoʊ
c/Colorado.txt	2	adj, f n	Coloradoan	coloràdoan -s		
c/city.txt	1	m n	city	citie, citis	S IH1 T IY0	ˈsɪti
c/calendar.txt	1	m n	calendar	calendre, calendars	K AE1 L AH0 N D ER0	ˈkæləndɚ
c/collar.txt	1	m n	collar	collere, collars	K AA1 L ER0	ˈkɑlɚ
c/commune.txt	2	v	commune	to comune -s -d -ing	K AA1 M Y UW0 N	ˈkɑmjun
c/commune.txt	2	v	commune	to comune -s -d -ing	K AH0 M Y UW1 N	kəˈmjun
c/commune.txt	3	m n	communism	com̃unism	K AA1 M Y AH0 N IH2 Z AH0 M	ˈkɑmjəˌnɪzəm
c/commune.txt	4	m n	communist	com̃unist -s	K AA1 M Y AH0 N AH0 S T	ˈkɑmjənəst
c/commune.txt	5	f n	community	comunetie, comunetis	K AH0 M Y UW1 N AH0 T IY0	kəˈmjunəti
c/commune.txt	5	f n	community	comunetie, comunetis	K AH0 M Y UW1 N IH0 T IY0	kəˈmjunɪti
c/commune.txt	6	adj	communal	comúnal -ly	K AH0 M Y UW1 N AH0 L	kəˈmjunəl
c/commune.txt	7	f n	communality	com̃unaletie -is		
c/commune.txt	8	f n	communion	comúnion -s	K AH0 M Y UW1 N Y AH0 N	kəˈmjunjən
c/carpet.txt	1	m n	carpet	carpete, carpets	K AA1 R P AH0 T	ˈkɑɹpət
c/carpet.txt	2	v	carpet	to carpete -s -d -ing	K AA1 R P AH0 T	ˈkɑɹpət
c/cobra.txt	1	m n	cobra	cóbra -s	K OW1 B R AH0	ˈkoʊbɹə
c/crumb.txt	1	m n	crumb	crome, croms	K R AH1 M	ˈkɹʌm
c/crumb.txt	2	v	crumble	to cromble -s -d -ing	K R AH1 M B AH0 L	ˈkɹʌmbəl
c/concoct.txt	1	v	concoct	to concocte concocs -d -ing	K AH0 N K AA1 K T	kənˈkɑkt
c/concoct.txt	2	f n	concoction	concoccion -s	K AH0 N K AA1 K SH AH0 N	kənˈkɑkʃən
c/commotion.txt	1	f n	commotion	commocion -s	K AH0 M OW1 SH AH0 N	kəˈmoʊʃən
c/cacophony.txt	1	f n	cacophony	cacophonie, cacophonis	K AE0 K AA1 F AH0 N IY0	kæˈkɑfəni
c/cacophony.txt	2	adj	cacophonous	cacophonus		
c/confederate.txt	1	v	confederate	to confèderait -s -ed -ing	K AH0 N F EH1 D ER0 AH0 T	kənˈfɛdɚət
c/confederate.txt	1	v	confederate	to confèderait -s -ed -ing	K AH0 N F EH1 D ER0 EY2 T	kənˈfɛdɚˌeɪt
c/confederate.txt	2	f n	confederate	confèderate, confèderats	K AH0 N F EH1 D ER0 AH0 T	kənˈfɛdɚət
c/confederate.txt	2	f n	confederate	confèderate, confèderats	K AH0 N F EH1 D ER0 EY2 T	kənˈfɛdɚˌeɪt
c/confederate.txt	3	f n	confederation	confederâcion -s	K AH0 N F EH2 D ER0 EY1 SH AH0 N	kənˌfɛdɚˈeɪʃən
c/cemetery.txt	1	m n	cemetery	cemeteirie -is	S EH1 M AH0 T EH2 R IY0	ˈsɛməˌtɛɹi
c/cemetery.txt	1	m n	cemetery	cemeteirie -is	S EH1 M IH0 T EH2 R IY0	ˈsɛmɪˌtɛɹi
c/chime.txt	1	m n	chime	c̃yme, c̃yms	CH AY1 M	ˈtʃaɪm
c/chime.txt	2	v	chime	to c̃yme -s -d -ing	CH AY1 M	ˈtʃaɪm
c/crime.txt	1	m n	crime	crîme, crîms	K R AY1 M	ˈkɹaɪm
c/crime.txt	2	adj	criminal	criminal	K R IH1 M AH0 N AH0 L	ˈkɹɪmənəl
c/crime.txt	3	m n	criminal	criminal -s	K R IH1 M AH0 N AH0 L	ˈkɹɪmənəl
c/course.txt	1	m n	course	corse -s	K AO1 R S	ˈkɔɹs
c/course.txt	2	v	course	to corse -s -d -ing	K AO1 R S	ˈkɔɹs
c/conclude.txt	1	v	conclude	to conclude -s -d -ing	K AH0 N K L UW1 D	kənˈklud
c/conclude.txt	3	adj	conclusive	conclússif	K AH0 N K L UW1 S IH0 V	kənˈklusɪv
c/coat.txt	1	m n	coat	cote, coats	K OW1 T	ˈkoʊt
c/coat.txt	2	v	coat	to cote -s -d -ing	K OW1 T	ˈkoʊt
c/cheese.txt	1	m n	cheese	c̃eise -s	CH IY1 Z	ˈtʃiz
c/cheese.txt	2	v	cheese	to c̃eise -s -d -ing	CH IY1 Z	ˈtʃiz
c/couple.txt	1	m n	couple	cople, copuls	K AH1 P AH0 L	ˈkʌpəl
c/couple.txt	2	v	couple	to cople -s -d -ing	K AH1 P AH0 L	ˈkʌpəl
c/choke.txt	1	v	choke	to c̃eoc -s c̃eoched c̃eoching	CH OW1 K	ˈtʃoʊk
c/choke.txt	2	m n	choke	c̃eoc, c̃eox	CH OW1 K	ˈtʃoʊk
c/caffeine.txt	1	f n	caffeine	cafine	K AE0 F IY1 N	kæˈfin
c/caffeine.txt	2	v	caffeinate	to cafinait -s -ed -ing	K AE1 F IH0 N EY2 T	ˈkæfɪˌneɪt
c/curve.txt	1	v	curve	to courve -s -d -ing	K ER1 V	ˈkɝv
c/curve.txt	2	m n	curve	courve -s	K ER1 V	ˈkɝv
c/curve.txt	3	m n	curvature	courvaţure, courvaţurs	K ER1 V AH0 CH ER0	ˈkɝvətʃɚ
c/clone.txt	1	m n	clone	clone, cloans	K L OW1 N	ˈkloʊn
c/clone.txt	2	v	clone	to clone -s -d -ing	K L OW1 N	ˈkloʊn
c/circuit.txt	1	m n	circum	circote, circots		
c/circuit.txt	1	m n	circuire	circote, circots		
c/circuit.txt	1	m n	circumire	circote, circots		
c/circuit.txt	1	m n	circuitus	circote, circots		
c/circuit.txt	2	v	circuit	to circuit -s -ed -ing	S ER1 K AH0 T	ˈsɝkət
c/circuit.txt	3	m n	circuitry	circotrie, circotris	S ER1 K AH0 T R IY0	ˈsɝkətɹi
c/crotch.txt	1	m n	crotch	croc̃he -s	K R AA1 CH	ˈkɹɑtʃ
c/crotch.txt	2	v	crouch	to croac̃e -s -d -ing	K R AW1 CH	ˈkɹaʊtʃ
c/canoe.txt	1	f n	canoe	canoue, canous	K AH0 N UW1	kəˈnu
c/canoe.txt	2	v	canoe	to canoue -s -d canouing	K AH0 N UW1	kəˈnu
c/copy.txt	1	m n	copy	copie, copis	K AA1 P IY0	ˈkɑpi
c/copy.txt	2	v	copy	to copie -s -d copying	K AA1 P IY0	ˈkɑpi
c/copy.txt	3	m n	copyright	copyroihte, copyroihts	K AA1 P IY0 R AY2 T	ˈkɑpiˌɹaɪt
c/corn.txt	1	m n	corn	corne, corns	K AO1 R N	ˈkɔɹn
c/corn.txt	4	v	corn	to corne -s -d -ing	K AO1 R N	ˈkɔɹn
c/compel.txt	1	v	compel	to compelle -s -d -ing	K AH0 M P EH1 L	kəmˈpɛl
c/colleague.txt	1	m n	colleague	collieg -s	K AA1 L IY0 G	ˈkɑliɡ
c/colleague.txt	2	m n	college	college -s	K AA1 L IH0 JH	ˈkɑlɪdʒ
c/custom.txt	1	m n	custom	custom -s	K AH1 S T AH0 M	ˈkʌstəm
c/custom.txt	2	v	customize	to customyse -s -d -ing	K AH1 S T AH0 M AY2 Z	ˈkʌstəˌmaɪz
c/custom.txt	3	f n	customization	customisâcion -s		
c/custom.txt	4	adj	customary	customairy	K AH1 S T AH0 M EH2 R IY0	ˈkʌstəˌmɛɹi
c/cardigan.txt	1	m n	cardigan	cardigan -s	K AA1 R D IH0 G AH0 N	ˈkɑɹdɪɡən
c/consider.txt	1	v	consider	to considere -s -d -ing	K AH0 N S IH1 D ER0	kənˈsɪdɚ
c/consider.txt	2	f n	consideration	considerâcion -s	K AH0 N S IH2 D ER0 EY1 SH AH0 N	kənˌsɪdɚˈeɪʃən
c/consider.txt	3	adj	considerate	considerate -ly	K AH0 N S IH1 D ER0 AH0 T	kənˈsɪdɚət
c/consider.txt	4	adj	considerable	considerable -y	K AH0 N S IH1 D ER0 AH0 B AH0 L	kənˈsɪdɚəbəl
c/consider.txt	5	prep	considering	considering	K AH0 N S IH1 D ER0 IH0 NG	kənˈsɪdɚɪŋ
c/cavalry.txt	1	m n	cavalry	cavalrie	K AE1 V AH0 L R IY0	ˈkævəlɹi
c/comply.txt	1	v	comply	to complîe -s -d complyhing	K AH0 M P L AY1	kəmˈplaɪ
c/comply.txt	2	f n	compliance	complîance	K AH0 M P L AY1 AH0 N S	kəmˈplaɪəns
c/comply.txt	3	adj	compliant	complîant	K AH0 M P L AY1 AH0 N T	kəmˈplaɪənt
c/cyanosis.txt	1	f n	cyanosis	cyanósis		
c/cupboard.txt	1	m n	cupboard	cubord -s	K AH1 B ER0 D	ˈkʌbɚd
c/clear.txt	1	adj	clear	clier -ar -est	K L IH1 R	ˈklɪɹ
c/clear.txt	2	adv	clearly	clierly	K L IH1 R L IY0	ˈklɪɹli
c/clear.txt	3	v	clear	to cliere -s -d -ing	K L IH1 R	ˈklɪɹ
c/clear.txt	4	m n	clearance	clierance -s	K L IH1 R AH0 N S	ˈklɪɹəns
c/candidate.txt	1	m n	candidate	candidate, candidats	K AE1 N D AH0 D EY0 T	ˈkændədeɪt
c/candidate.txt	1	m n	candidate	candidate, candidats	K AE1 N AH0 D IH0 T	ˈkænədɪt
c/candidate.txt	2	m n	candidacy	candidacie, candidacis	K AE1 N D IH0 D AH0 S IY0	ˈkændɪdəsi
c/cucumber.txt	1	m n	cucumber	cúcombre, cúcombirs	K Y UW1 K AH0 M B ER0	ˈkjukəmbɚ
c/cap.txt	1	m n	cap	cape, caps	K AE1 P	ˈkæp
c/cap.txt	2	v	cap	to cape -s -d -ing	K AE1 P	ˈkæp
c/cream.txt	1	m n	cream	crieme, criems	K R IY1 M	ˈkɹim
c/cream.txt	2	v	cream	to crieme -s -d -ing	K R IY1 M	ˈkɹim
c/cream.txt	3	m n	creamer	criemor -s	K R IY1 M ER0	ˈkɹimɚ
c/cream.txt	4	adj	creamy	criemy	K R IY1 M IY0	ˈkɹimi
c/cream.txt	5	m n	creamery	criemerie, criemeris	K R IY1 M ER0 IY0	ˈkɹimɚi
c/chrysalis.txt	1	m n	chrysalis	crissalis	K R IH1 S AH0 L IH0 S	ˈkɹɪsəlɪs
c/chrysalis.txt	2	f n	chrysanthemum	crissànþemom -s	K R IH0 S AE1 N TH AH0 M AH0 M	kɹɪˈsænθəməm
c/cricket.txt	1	m n	cricket	crichete, crichets	K R IH1 K AH0 T	ˈkɹɪkət
c/cricket.txt	1	m n	cricket	crichete, crichets	K R IH1 K IH0 T	ˈkɹɪkɪt
c/coil.txt	1	v	coil	to couile -s -d -ing	K OY1 L	ˈkɔɪl
c/coil.txt	2	m n	coil	couile, coyels	K OY1 L	ˈkɔɪl
c/clement.txt	1	adj	clement	clement	K L EH1 M AH0 N T	ˈklɛmənt
c/clement.txt	2	m n	clementine	clementîn -s	K L EH1 M AH0 N T AY2 N	ˈklɛmənˌtaɪn
c/clement.txt	2	m n	clementine	clementîn -s	K L EH1 M AH0 N T IY2 N	ˈklɛmənˌtin
c/circumference.txt	1	f n	circumference	circomference -s	S ER2 K AH1 M F R AH0 N S	ˌsɝˈkʌmfɹəns
c/coward.txt	1	m n	coward	côard -s	K AW1 ER0 D	ˈkaʊɚd
c/circumvolve.txt	1	v	circumvolve	to circomvolve -s -d -ing		
c/cohabit.txt	1	v	cohabit	to cohàbit -s -ed -ing	K OW0 HH AE1 B IH0 T	koʊˈhæbɪt
c/combat.txt	1	m n	combat	combate, combats	K AA1 M B AE0 T	ˈkɑmbæt
c/combat.txt	1	m n	combat	combate, combats	K AH0 M B AE1 T	kəmˈbæt
c/combat.txt	2	v	combat	to combate -s -d -ing	K AA1 M B AE0 T	ˈkɑmbæt
c/combat.txt	2	v	combat	to combate -s -d -ing	K AH0 M B AE1 T	kəmˈbæt
c/combat.txt	3	adj	combatant	combatent	K AH0 M B AE1 T AH0 N T	kəmˈbætənt
c/combat.txt	4	f n	combatant	combatent -s	K AH0 M B AE1 T AH0 N T	kəmˈbætənt
c/combat.txt	5	adj	combative	combàtif	K AH0 M B AE1 T IH0 V	kəmˈbætɪv
c/combat.txt	5	adj	combative	combàtif	K AA2 M B AE1 T IH2 V	ˌkɑmˈbæˌtɪv
c/cavalier.txt	1	adj, f n	cavalier	cavalire, cavaliers	K AE2 V AH0 L IH1 R	ˌkævəˈlɪɹ
c/cavalier.txt	1	adj, f n	cavalier	cavalire, cavaliers	K AE1 V AH0 L IY0 R	ˈkævəliɹ
c/colonel.txt	1	m n	colonel	cornale, cornals	K ER1 N AH0 L	ˈkɝnəl
c/call.txt	1	v	call	to calle -s -d -ing	K AO1 L	ˈkɔl
c/call.txt	2	m n	call	calle, calls	K AO1 L	ˈkɔl
c/companion.txt	1	f n	companion	compañon -s	K AH0 M P AE1 N Y AH0 N	kəmˈpænjən
c/companion.txt	2	f n	companionship	compañonscip	K AH0 M P AE1 N Y AH0 N SH IH2 P	kəmˈpænjənˌʃɪp
c/companion.txt	3	m n	company	companie, companis	K AH1 M P AH0 N IY2	ˈkʌmpəˌni
c/coarse.txt	1	adj	coarse	coarse coarsar coarsest	K AO1 R S	ˈkɔɹs
c/chipotle.txt	1	f n	chipotle	c̃ipotle, c̃ipotles	CH IH0 P OW1 T L IY2	tʃɪˈpoʊtˌli
c/coach.txt	1	m n	coach	coc̃e -s	K OW1 CH	ˈkoʊtʃ
c/coach.txt	2	v	coach	to coc̃e -s -d -ing	K OW1 CH	ˈkoʊtʃ
c/censure.txt	1	m n	censure	cenșure, cenșurs	S EH1 N SH ER0	ˈsɛnʃɚ
c/censure.txt	2	v	censure	to cenșure -s -d -ing	S EH1 N SH ER0	ˈsɛnʃɚ
c/censure.txt	3	adj	censurable	cenşurable		
c/crimson.txt	1	adj	crimson	crimeson	K R IH1 M Z AH0 N	ˈkɹɪmzən
c/cylinder.txt	1	m n	cylinder	cylindre, cylindars	S IH1 L AH0 N D ER0	ˈsɪləndɚ
c/cylinder.txt	1	m n	cylinder	cylindre, cylindars	S IH1 L IH0 N D ER0	ˈsɪlɪndɚ
c/cylinder.txt	2	adj	cylindrical	cylindrical	S AH0 L IH1 N D R IH0 K AH0 L	səˈlɪndɹɪkəl
c/cylinder.txt	2	adj	cylindrical	cylindrical	S IH0 L IH1 N D R IH0 K AH0 L	sɪˈlɪndɹɪkəl
c/country.txt	1	adj, m n	country	contrie, contris	K AH1 N T R IY0	ˈkʌntɹi
c/clatter.txt	1	v	clatter	to clatir clatre(s clatred clatiring	K L AE1 T ER0	ˈklætɚ
c/clatter.txt	2	m n	clatter	clatre	K L AE1 T ER0	ˈklætɚ
c/cancel.txt	1	v	cancel	to cancele -s -d -ing	K AE1 N S AH0 L	ˈkænsəl
c/cancel.txt	2	f n	cancellation	cancelâcion -s	K AE2 N S AH0 L EY1 SH AH0 N	ˌkænsəˈleɪʃən
c/cancel.txt	2	f n	cancelation	cancelâcion -s		
c/condense.txt	1	v	condense	to condense -s -d -ing	K AH0 N D EH1 N S	kənˈdɛns
c/condense.txt	2	v	condensate	to condensait -s -ed -ing	K AA1 N D AH0 N S EY2 T	ˈkɑndənˌseɪt
c/condense.txt	3	f n	condensation	condensâcion -s	K AA2 N D AH0 N S EY1 SH AH0 N	ˌkɑndənˈseɪʃən
c/Connecticut.txt	1	f n	Connecticut	Connèticut	K AH0 N EH1 T AH0 K AH0 T	kəˈnɛtəkət
c/Connecticut.txt	2	adj, f n	Connecticuter	connèticutor -s		
c/creep.txt	1	intr irv	creep	to criepe -s craipt -ing	K R IY1 P	ˈkɹip
c/creep.txt	2	tr v, intr v	creep	to criepe -s -d -ing	K R IY1 P	ˈkɹip
c/creep.txt	3	m n	creep	criepe, crieps	K R IY1 P	ˈkɹip
c/creep.txt	4	adj	creepy	criepy	K R IY1 P IY0	ˈkɹipi
c/cirtrus.txt	1	m n, adj	citrus	citrus	S IH1 T R AH0 S	ˈsɪtɹəs
c/captain.txt	1	m n	captain	capetan -s	K AE1 P T AH0 N	ˈkæptən
c/captain.txt	2	v	captain	to capetane -s -d -ing	K AE1 P T AH0 N	ˈkæptən
c/captain.txt	3	m n	captaincy	capetancie -is		
c/captain.txt	4	m n	captainship	capetanscip -s		
c/capital.txt	1	adj	capital	capital	K AE1 P AH0 T AH0 L	ˈkæpətəl
c/capital.txt	1	adj	capital	capital	K AE1 P IH0 T AH0 L	ˈkæpɪtəl
c/capital.txt	2	m n	capital	capital -s	K AE1 P AH0 T AH0 L	ˈkæpətəl
c/capital.txt	2	m n	capital	capital -s	K AE1 P IH0 T AH0 L	ˈkæpɪtəl
c/capital.txt	3	m n	capitalism	capitalism	K AE1 P IH0 T AH0 L IH2 Z AH0 M	ˈkæpɪtəˌlɪzəm
c/capital.txt	4	v	capitalize	to capitalyse -s -d -ing	K AE1 P AH0 T AH0 L AY2 Z	ˈkæpətəˌlaɪz
c/capital.txt	5	f n	capitalization	capitalisâcion -s	K AE2 P IH0 T AH0 L IH0 Z EY1 SH AH0 N	ˌkæpɪtəlɪˈzeɪʃən
c/cache.txt	1	m n	cache	caçe -s	K AE1 SH	ˈkæʃ
c/cache.txt	1	m n	cache	caçe -s	K AE0 SH EY1	kæˈʃeɪ
c/cache.txt	2	v	cache	to caçe -s -d -ing	K AE1 SH	ˈkæʃ
c/cache.txt	2	v	cache	to caçe -s -d -ing	K AE0 SH EY1	kæˈʃeɪ
c/classic.txt	1	adj	classic	classic	K L AE1 S IH0 K	ˈklæsɪk
c/comb.txt	1	m n	comb	coame, coams	K OW1 M	ˈkoʊm
c/comb.txt	2	v	comb	to coame -s -d -ing	K OW1 M	ˈkoʊm
c/comb.txt	3	m n	honeycomb	honihcoame, honihcoams	HH AH1 N IY0 K OW2 M	ˈhʌniˌkoʊm
c/cistern.txt	1	m n	cistern	cistern -s	S IH1 S T ER0 N	ˈsɪstɚn
c/conspire.txt	1	v	conspire	to conspîer conspîre(s conspîred conspîering	K AH0 N S P AY1 ER0	kənˈspaɪɚ
c/conspire.txt	2	f n	conspiracy	conspíracie -is	K AH0 N S P IH1 R AH0 S IY0	kənˈspɪɹəsi
c/conspire.txt	3	f n	conspirator	conspírator -s	K AH0 N S P IH1 R AH0 T ER0	kənˈspɪɹətɚ
c/conspire.txt	4	adj	conspiratorial	conspiratórial -ly	K AH0 N S P IH2 R AH0 T AO1 R IY0 AH0 L	kənˌspɪɹəˈtɔɹiəl
c/caravan.txt	1	m n	caravan	câravan -s	K AE1 R AH0 V AE2 N	ˈkæɹəˌvæn
c/caravan.txt	1	m n	caravan	câravan -s	K EH1 R AH0 V AE2 N	ˈkɛɹəˌvæn
c/calculate.txt	1	v	calculate	to calculait -s -ed -ing	K AE1 L K Y AH0 L EY2 T	ˈkælkjəˌleɪt
c/calculate.txt	2	m n	calculator	calculaitor -s	K AE1 L K Y AH0 L EY2 T ER0	ˈkælkjəˌleɪtɚ
c/calculate.txt	3	f n	calculation	calculâcion -s	K AE2 L K Y AH0 L EY1 SH AH0 N	ˌkælkjəˈleɪʃən
c/calculate.txt	4	m n	calculus	calculus	K AE1 L K Y AH0 L AH0 S	ˈkælkjələs
c/chamber.txt	1	m n	chamber	c̃aimbre, c̃aimbers	CH EY1 M B ER0	ˈtʃeɪmbɚ
c/chamber.txt	2	v	chamber	to c̃aimber c̃aimbre(s -d -ering	CH EY1 M B ER0	ˈtʃeɪmbɚ
c/cocaine.txt	1	f n, m n	coca + ine	cocaine, coac		
c/cocaine.txt	1	f n, m n	cocaine	cocaine, coac	K OW0 K EY1 N	koʊˈkeɪn
c/cocaine.txt	1	f n, m n	coke	cocaine, coac	K OW1 K	ˈkoʊk
c/crew.txt	1	m n	crew	creue, creus	K R UW1	ˈkɹu
c/crew.txt	2	v	crew	to creue -s -d -ing	K R UW1	ˈkɹu
c/certify.txt	1	v	certify	to certifae -s -d certifyhing	S ER1 T AH0 F AY2	ˈsɝtəˌfaɪ
c/certify.txt	2	adj	certifiable	certifîable -y		
c/certify.txt	3	f n	certification	certificâcion -s	S ER2 T AH0 F AH0 K EY1 SH AH0 N	ˌsɝtəfəˈkeɪʃən
c/certify.txt	4	f n	certificate	certificate, certificats	S ER0 T IH1 F IH0 K AH0 T	sɚˈtɪfɪkət
c/cancer.txt	1	m n	cancer	cancer -s	K AE1 N S ER0	ˈkænsɚ
c/cancer.txt	2	adj	cancerous	cancerus	K AE1 N S ER0 AH0 S	ˈkænsɚəs
c/connoisseur.txt	1	f n	connoisseur	conneceur, conneceurs	K AA2 N AH0 S ER1	ˌkɑnəˈsɝ
c/cuckoo.txt	1	m n	cuckoo	coucoue, coucous	K AH1 K UW2	ˈkʌˌku
c/cuckoo.txt	1	m n	cuckoo	coucoue, coucous	K UW1 K UW2	ˈkuˌku
c/cuckoo.txt	2	m n	cuckold	cuc, cux		
c/cuckoo.txt	2	m n	cuck	cuc, cux		
c/cuckoo.txt	3	v	cuck	to cuc -s cuched cuching		
c/cuckoo.txt	4	m n	cuckold	cucauld -s		
c/castle.txt	1	m n	castle	cassle, cassels	K AE1 S AH0 L	ˈkæsəl
c/choose.txt	1	v	choose	to c̃ouse -s c̃ose c̃osen -ing	CH UW1 Z	ˈtʃuz
c/Celt.txt	1	m n, adj	Celt	Cailte, Cailts -ic	S EH1 L T	ˈsɛlt
c/Celt.txt	1	m n, adj	Celt	Cailte, Cailts -ic	K EH1 L T	ˈkɛlt
c/chlorine.txt	1	f n	chlorine	clorine	K L AO1 R IY0 N	ˈklɔɹin
c/contemplate.txt	1	v	contemplate	to contemplait -s -ed -ing	K AA1 N T AH0 M P L EY2 T	ˈkɑntəmˌpleɪt
c/contemplate.txt	2	adj	contemplative	contemplaitif -vly	K AH0 N T EH1 M P L AH0 T IH0 V	kənˈtɛmplətɪv
c/contemplate.txt	3	f n	contemplation	contemplâcion -s	K AA2 N T AH0 M P L EY1 SH AH0 N	ˌkɑntəmˈpleɪʃən
c/chill.txt	1	m n	chill	c̃ille, c̃ills	CH IH1 L	ˈtʃɪl
c/chill.txt	2	v	chill	to c̃ille -s -d -ing	CH IH1 L	ˈtʃɪl
c/chill.txt	3	adj	chilly	c̃illy	CH IH1 L IY0	ˈtʃɪli
c/cursive.txt	1	adj	cursive	coursif		
c/crescent.txt	1	adj, m n	crescent	crescent -s	K R EH1 S AH0 N T	ˈkɹɛsənt
c/correlate.txt	1	v	correlation	to correlait -s -ed -ing	K AO2 R AH0 L EY1 SH AH0 N	ˌkɔɹəˈleɪʃən
c/correlate.txt	2	m n	correlation	correlate, correlats	K AO2 R AH0 L EY1 SH AH0 N	ˌkɔɹəˈleɪʃən
c/correlate.txt	3	f n	correlation	correlâcion -s	K AO2 R AH0 L EY1 SH AH0 N	ˌkɔɹəˈleɪʃən
c/correlate.txt	4	adj	correlational	correlâcional		
c/chuck.txt	1	v	chuck	to c̃uc -s c̃uched c̃uching	CH AH1 K	ˈtʃʌk
c/chuck.txt	2	m n	chuck	c̃uc, c̃ux -s	CH AH1 K	ˈtʃʌk
c/crockery.txt	1	m n	crock	crocherie, crocheris	K R AA1 K	ˈkɹɑk
c/chisel.txt	1	m n	chisel	c̃isele, c̃isels	CH IH1 Z AH0 L	ˈtʃɪzəl
c/chisel.txt	2	v	chisel	to c̃isele -s -d -ing	CH IH1 Z AH0 L	ˈtʃɪzəl
c/cellophane.txt	1	m n	cellophane	cellophain	S EH1 L AH0 F EY2 N	ˈsɛləˌfeɪn
c/cheek.txt	1	m n	cheek	c̃iec, c̃iex	CH IY1 K	ˈtʃik
c/cruise.txt	1	v	cruise	to creuse -s -d -ing	K R UW1 Z	ˈkɹuz
c/cruise.txt	2	f n	cruise	creuse -s	K R UW1 Z	ˈkɹuz
c/chomp.txt	1	v	champ	to c̃ompe -s -d -ing	CH AE1 M P	ˈtʃæmp
c/chomp.txt	1	v	chomp	to c̃ompe -s -d -ing	CH AA1 M P	ˈtʃɑmp
c/crop.txt	1	m n	crop	croppe, crops	K R AA1 P	ˈkɹɑp
c/crop.txt	2	v	crop	to croppe crop(s cropped cropping	K R AA1 P	ˈkɹɑp
c/classify.txt	1	v	classify	to classifae -s -d classifyhing	K L AE1 S AH0 F AY2	ˈklæsəˌfaɪ
c/classify.txt	2	adj	classifiable	classifîable	K L AE1 S AH0 F AY2 AH0 B AH0 L	ˈklæsəˌfaɪəbəl
c/classify.txt	4	adj	classificatory	classificatory		
c/catch.txt	1	irv	catch	to caic̃e -s cauht -ing	K AE1 CH	ˈkætʃ
c/catch.txt	2	m n	catch	caic̃e -s	K AE1 CH	ˈkætʃ
c/cohort.txt	1	m n	cohort	cohort, cohorts	K OW1 HH AO0 R T	ˈkoʊhɔɹt
c/cathedral.txt	1	f n	cathedral	caþídral -s	K AH0 TH IY1 D R AH0 L	kəˈθidɹəl
c/civic.txt	1	adj	civic	civic	S IH1 V IH0 K	ˈsɪvɪk
c/chapel.txt	1	m n	chapel	c̃apele, c̃apels	CH AE1 P AH0 L	ˈtʃæpəl
c/count.txt	1	v	count	to cônte -s -d -ing	K AW1 N T	ˈkaʊnt
c/count.txt	2	m n	count	cônte, cônts	K AW1 N T	ˈkaʊnt
c/count.txt	3	m n	count	cônte, cônts	K AW1 N T	ˈkaʊnt
c/convoy.txt	1	m n	convoy	convoie, convoys	K AA1 N V OY2	ˈkɑnˌvɔɪ
c/convoy.txt	2	v	convoy	to convoie -s -d convoying	K AA1 N V OY2	ˈkɑnˌvɔɪ
c/cacciatore.txt	1	f n	cacciatore	cac̃atorie	K AA0 CH AH0 T AO1 R IY0	kɑtʃəˈtɔɹi
c/curfew.txt	1	m n	curfew	corfue, corfuis	K ER1 F Y UW0	ˈkɝfju
c/crave.txt	1	v	crave	to craive -s -d -ing	K R EY1 V	ˈkɹeɪv
c/crane.txt	2	v	crane	to crâne -s -d -ing	K R EY1 N	ˈkɹeɪn
c/cygnet.txt	1	m n	cygnet	cygnet -s		
c/cell.txt	1	m n	cell	celle, cells	S EH1 L	ˈsɛl
c/cell.txt	2	m n	cellar	cellere, cellars	S EH1 L ER0	ˈsɛlɚ
c/cut.txt	1	irv	cut	to cutte cut(s cut cutting	K AH1 T	ˈkʌt
c/cut.txt	2	m n	cut	cutte, cuts	K AH1 T	ˈkʌt
c/coax.txt	1	v	coax	to coaxe -s -d -ing	K OW1 K S	ˈkoʊks
c/compose.txt	1	v	compose	to compose -s -d -ing	K AH0 M P OW1 Z	kəmˈpoʊz
c/compose.txt	2	f n	composure	compoșure, compoșurs	K AH0 M P OW1 ZH ER0	kəmˈpoʊʒɚ
c/custody.txt	1	m n	custody	custodie, custodis	K AH1 S T AH0 D IY0	ˈkʌstədi
c/custody.txt	2	f n	custodian	custódian -s	K AH0 S T OW1 D IY0 AH0 N	kəˈstoʊdiən
c/custody.txt	3	adj	custodial	custódial	K AH0 S T OW1 D IY0 AH0 L	kəˈstoʊdiəl
c/click.txt	1	v	click	to clic -s cliched cliching	K L IH1 K	ˈklɪk
c/click.txt	2	m n	click	clic, clix	K L IH1 K	ˈklɪk
c/conform.txt	1	v	conform	to conforme -s -d -ing	K AH0 N F AO1 R M	kənˈfɔɹm
c/conform.txt	2	f n	conformation	conformâcion		
c/conform.txt	3	adj	conformable	confórmable		
c/conform.txt	4	f n	conformist	confórmist	K AH0 N F AO1 R M IH0 S T	kənˈfɔɹmɪst
c/conform.txt	5	f n	conformism	confórmism		
c/conform.txt	6	f n	conformity	conformetie -is	K AH0 N F AO1 R M AH0 T IY0	kənˈfɔɹməti
c/cower.txt	1	v	cower	to caûer caûre(s caûred caûering	K AW1 ER0	ˈkaʊɚ
c/conquer.txt	1	v	conquer	to conquere -s -d conquering	K AA1 NG K ER0	ˈkɑŋkɚ
c/conquer.txt	2	m n	conqueror	conqueror -s	K AA1 NG K ER0 ER0	ˈkɑŋkɚɚ
c/conciliate.txt	1	v	conciliate	to conciliait -s -ed -ing		
c/conciliate.txt	3	adj	conciliatory	conciliatory	K AH0 N S IH1 L IY2 AH0 T AO2 R IY0	kənˈsɪˌliəˌtɔɹi
c/conciliate.txt	3	adj	conciliatory	conciliatory	K AH0 N S IH1 L Y AH0 T AO2 R IY0	kənˈsɪljəˌtɔɹi
c/concede.txt	1	v	concede	to concide -s -d -ing	K AH0 N S IY1 D	kənˈsid
c/concede.txt	3	adj	concessive	concessif		
c/caulk.txt	1	v	caulk	to cauche cauc(s -d -ing	K AA1 K	ˈkɑk
c/caulk.txt	1	v	caulk	to cauche cauc(s -d -ing	K AO1 K	ˈkɔk
c/caulk.txt	2	m n	caulk	cauc, caux	K AA1 K	ˈkɑk
c/caulk.txt	2	m n	caulk	cauc, caux	K AO1 K	ˈkɔk
c/corner.txt	2	v	corner	to cornere -s -d -ing	K AO1 R N ER0	ˈkɔɹnɚ
c/chic.txt	1	adj	chic	çique	SH IY1 K	ˈʃik
c/cytology.txt	1	f n	cytology	cytologie	S AY0 T AA1 L AH0 JH IY0	saɪˈtɑlədʒi
c/council.txt	1	m n	council	côncil -s	K AW1 N S AH0 L	ˈkaʊnsəl
c/council.txt	2	m n	councilor	côncelor -s	K AW1 N S AH0 L ER0	ˈkaʊnsəlɚ
c/council.txt	2	m n	councilor	côncelor -s	K AW1 N S L ER0	ˈkaʊnslɚ
c/coddle.txt	1	v	coddle	to coddle -s -d -ing	K AA1 D AH0 L	ˈkɑdəl
c/complete.txt	1	adj	complete	complite -ly -ness	K AH0 M P L IY1 T	kəmˈplit
c/complete.txt	2	v	complete	to complite -s -d -ing	K AH0 M P L IY1 T	kəmˈplit
c/complete.txt	3	f n	completion	complícion -s	K AH0 M P L IY1 SH AH0 N	kəmˈpliʃən
c/cherish.txt	1	v	cherish	to c̃erișe -s -d -ing	CH EH1 R IH0 SH	ˈtʃɛɹɪʃ
c/congeal.txt	1	v	congeal	to congiele -s -d -ing	K AH0 N JH IY1 L	kənˈdʒil
c/cope.txt	1	v	cope	to cope -s -d -ing	K OW1 P	ˈkoʊp
c/conjugate.txt	1	v	conjugate	to conjugait -s -ed -ing	K AA2 N JH AH0 G EY1 T	ˌkɑndʒəˈɡeɪt
c/conjugate.txt	1	v	conjugate	to conjugait -s -ed -ing	K AA1 N JH AH0 G EY2 T	ˈkɑndʒəˌɡeɪt
c/conjugate.txt	2	f n	conjugation	conjugâcion -s	K AA2 N JH AH0 G EY1 SH AH0 N	ˌkɑndʒəˈɡeɪʃən
c/caddy.txt	1	m n	caddy	catie, catis	K AE1 D IY0	ˈkædi
c/circumstance.txt	1	m n	circumstance	circomstance -s	S ER1 K AH0 M S T AE2 N S	ˈsɝkəmˌstæns
c/circumstance.txt	2	adj	circumstantial	circomstancial	S ER2 K AH0 M S T AE1 N SH AH0 L	ˌsɝkəmˈstænʃəl
c/combine.txt	1	v	combine	to combîne -s -d -ing	K AA1 M B AY0 N	ˈkɑmbaɪn
c/combine.txt	1	v	combine	to combîne -s -d -ing	K AH0 M B AY1 N	kəmˈbaɪn
c/combine.txt	2	m n	combine	combign -s	K AA1 M B AY0 N	ˈkɑmbaɪn
c/combine.txt	2	m n	combine	combign -s	K AH0 M B AY1 N	kəmˈbaɪn
c/combine.txt	3	f n	combination	combinâcion -s	K AA2 M B AH0 N EY1 SH AH0 N	ˌkɑmbəˈneɪʃən
c/combine.txt	4	m n	combinator	combinaitor -s		
c/combine.txt	5	adj	combinatorial	combinatórial		
c/combine.txt	6	adj	combinatory	combinatory		
c/cole.txt	1	m n	cole	cole, cóls	K OW1 L	ˈkoʊl
c/cole.txt	2	m n	cole-slaw	cól-slaue	K OW1 L S L AO1	ˈkoʊlˈslɔ
c/chair.txt	1	m n	chair	c̃aire, c̃airs	CH EH1 R	ˈtʃɛɹ
c/chair.txt	2	v	chair	to c̃aire -s -d -ing	CH EH1 R	ˈtʃɛɹ
c/confuse.txt	1	v	confuse	to confuse -s -d -ing	K AH0 N F Y UW1 Z	kənˈfjuz
c/curb.txt	1	m n	curb	courbe, courbs	K ER1 B	ˈkɝb
c/curb.txt	2	v	curb	to courbe -s -d -ing	K ER1 B	ˈkɝb
c/clean.txt	1	adj, adv, m n	clean	clien, clienar, clienest	K L IY1 N	ˈklin
c/clean.txt	2	v	clean	to cliene -s -d -ing	K L IY1 N	ˈklin
c/clean.txt	3	adv	cleanly	clienly	K L IY1 N L IY0	ˈklinli
c/clean.txt	4	adj	cleanly	clainly	K L IY1 N L IY0	ˈklinli
c/clean.txt	5	m n	cleaner	cliener -s	K L IY1 N ER0	ˈklinɚ
c/clean.txt	6	adj	clean-shaven	clien-seaven	K L IY1 N SH EY1 V AH0 N	ˈklinˈʃeɪvən
c/clean.txt	7	m n	cleanliness	clainliness	K L EH1 N L IY0 N IH0 S	ˈklɛnlinɪs
c/clean.txt	8	v	cleanse	to clainse -s -d -ing	K L EH1 N Z	ˈklɛnz
c/clean.txt	9	m n	cleanse	clainse -s	K L EH1 N Z	ˈklɛnz
c/cauliflower.txt	1	m n	cole florye	califlôure, califlôuirs		
c/cauliflower.txt	1	m n	cauliflower	califlôure, califlôuirs	K AA1 L AH0 F L AW2 ER0	ˈkɑləˌflaʊɚ
c/crochet.txt	2	v	crochet	to croçeie -s -d croçeying	K R OW0 SH EY1	kɹoʊˈʃeɪ
c/churn.txt	1	v	churn	to c̃urne -s -d -ing	CH ER1 N	ˈtʃɝn
c/churn.txt	2	m n	churn	c̃urne, c̃urns	CH ER1 N	ˈtʃɝn
c/cauldron.txt	1	m n	cauldron	cauldron -s	K AA1 L D R AH0 N	ˈkɑldɹən
c/cauldron.txt	1	m n	cauldron	cauldron -s	K AO1 L D R AH0 N	ˈkɔldɹən
c/coop.txt	1	m n	coop	coupe, coups	K UW1 P	ˈkup
c/coop.txt	2	v	coop	to coupe -s -d -ing	K UW1 P	ˈkup
c/concern.txt	1	v	concern	to concêne -s -d -ing	K AH0 N S ER1 N	kənˈsɝn
c/concern.txt	3	prep	concerning	concêning	K AH0 N S ER1 N IH0 NG	kənˈsɝnɪŋ
c/coast.txt	1	m n	coast	coaste, coasts -al	K OW1 S T	ˈkoʊst
c/coast.txt	2	v	coast	to coaste -s -d -ing	K OW1 S T	ˈkoʊst
c/coast.txt	3	m n	coaster	coastor -s	K OW1 S T ER0	ˈkoʊstɚ
c/cause.txt	2	v	cause	to cause -s -d -ing	K AA1 Z	ˈkɑz
c/cause.txt	2	v	cause	to cause -s -d -ing	K AO1 Z	ˈkɔz
c/century.txt	1	m n	century	cențurie, cențuris	S EH1 N CH ER0 IY0	ˈsɛntʃɚi
c/chub.txt	1	adj	chubby	c̃ubby	CH AH1 B IY0	ˈtʃʌbi
c/chub.txt	2	m n	chub	c̃ubbe, c̃ubs		
c/carbon.txt	1	m n	carbon	carbon	K AA1 R B AH0 N	ˈkɑɹbən
c/carbon.txt	2	m n	carbonate	carbonate	K AA1 R B AH0 N EY2 T	ˈkɑɹbəˌneɪt
c/carbon.txt	3	v	carbonate	to carbonait -s -ed -ing	K AA1 R B AH0 N EY2 T	ˈkɑɹbəˌneɪt
c/carbon.txt	4	f n	carbonation	carbonâcion -s		
c/cocktail.txt	1	m n	cocktail	cochtaile, cochtails	K AA1 K T EY2 L	ˈkɑkˌteɪl
